age,price,mileage_per_year,engineSize,mpg,tax,cluster,segment
1.4772660304810874,-0.45450763368997155,1.263805665309365,0.6996750564135367,0.32388363119543745,0.13740976099678243,2,Premium
1.4772660304810874,-0.3745922526166715,-0.06673494201250636,0.3272350769532736,1.5305952427614014,-1.8862980592798373,0,Economy
-0.44500596754244864,0.6614330473407863,-0.6320780456124642,0.6996750564135367,-0.08729217719000198,0.4612030122410416,3,Luxury
0.9966980309752034,0.19573910007910997,1.1531514454160976,0.6996750564135367,0.672489207870049,-1.4006081824134484,0,Economy
-0.9255739670483327,1.2352139848310988,0.0841819769635959,0.6996750564135367,-1.526407506539039,0.4612030122410416,3,Luxury
0.5161300314693194,0.14342039736205744,-0.2441373446524068,0.6996750564135367,-0.7308717033585154,0.4612030122410416,2,Premium
-0.9255739670483327,0.6614330473407863,-1.2718050879816567,0.6996750564135367,-1.5711005291896303,0.4612030122410416,3,Luxury
-0.9255739670483327,-0.43151040172643196,-0.9254028411156631,-1.1625248408877793,-0.2660642677923669,0.4612030122410416,1,Mid-range
-0.44500596754244864,-0.5804174786903508,-0.4968917227451603,-1.1625248408877793,0.9317087392434786,0.5421513250521064,1,Mid-range
-0.9255739670483327,0.7188111410898176,0.3026097742552422,-0.04520490250698953,-1.7409340152618775,0.5421513250521064,3,Luxury
0.03556203196343534,-0.8333870302892861,-0.08277208307111725,-0.2314248922371213,2.075850119098614,0.4612030122410416,1,Mid-range
0.03556203196343534,-0.22396038325548728,-0.08843402207396947,0.6996750564135367,-0.5878540308766232,0.7849962634853007,2,Premium
0.03556203196343534,-0.2930670653059237,-0.04705368063822969,0.14101508722314182,0.5741645580387488,0.4612030122410416,2,Premium
-0.9255739670483327,4.108718118675369,-0.9322952623030258,2.561874953714853,-1.9375833149244786,0.5421513250521064,3,Luxury
-0.9255739670483327,1.9252459298971039,-0.9310561753479942,0.6996750564135367,-0.6593628671175696,0.4612030122410416,3,Luxury
0.03556203196343534,-0.2826033247625132,1.5538896891150722,0.6996750564135367,0.9317087392434786,0.4612030122410416,2,Premium
-1.4061419665542167,2.150503816979974,-0.782623883859846,0.6996750564135367,-0.5074065901055592,0.4612030122410416,3,Luxury
-0.9255739670483327,-0.7991211546636121,-1.163617308220469,-1.1625248408877793,-0.5074065901055592,0.4612030122410416,1,Mid-range
-0.9255739670483327,1.005241665195703,-0.85152228142191,0.6996750564135367,-0.5074065901055592,0.4612030122410416,3,Luxury
-0.9255739670483327,1.2122167528675591,-0.5411309991865193,0.6996750564135367,0.9317087392434786,0.4612030122410416,3,Luxury
-1.4061419665542167,1.350085158488979,-0.5336190345216408,0.6996750564135367,-1.5711005291896303,0.4612030122410416,3,Luxury
0.03556203196343534,0.3508554296731844,0.5190799862533494,0.6996750564135367,-0.2660642677923669,0.5421513250521064,2,Premium
-0.44500596754244864,0.4602072676598151,-1.1346052488124265,-0.2314248922371213,-2.169987032707553,0.4612030122410416,3,Luxury
-0.9255739670483327,0.8908304361770937,0.01165666862690824,0.6996750564135367,-0.9364596075512354,0.4612030122410416,3,Luxury
-0.9255739670483327,0.6256723516374824,-0.8803310531263923,-0.04520490250698953,-0.2660642677923669,0.3802546994299768,3,Luxury
0.03556203196343534,-1.0829069970936904,-0.30334677060776616,-0.7900848614275162,0.21662037683401889,0.4612030122410416,1,Mid-range
0.5161300314693194,-0.8336170026089215,0.37694724726366324,-1.1625248408877793,-0.17667822249118445,0.13740976099678243,1,Mid-range
0.5161300314693194,0.15514898566346264,1.0898094610802227,0.6996750564135367,-0.43589775386461344,0.704047950674236,2,Premium
0.9966980309752034,-0.4885435369960101,0.5113044027097806,0.6996750564135367,0.672489207870049,-1.4006081824134484,0,Economy
0.03556203196343534,-0.35044515905495494,-0.15691939065102306,0.6996750564135367,0.9317087392434786,0.4612030122410416,2,Premium
0.5161300314693194,-1.005866270015833,1.0825453138063508,-1.1625248408877793,0.9317087392434786,-1.8862980592798373,0,Economy
0.03556203196343534,-0.11000909887614868,0.4235498239286292,0.6996750564135367,1.07472641172537,-1.5625048080355781,0,Economy
-1.4061419665542167,-0.834536891887463,-1.09884920050851,-1.1625248408877793,0.43114688555685665,0.4612030122410416,1,Mid-range
0.03556203196343534,-0.5021119038544984,-0.8461701141578156,-0.6038648716973845,0.24343619042437337,-1.4006081824134484,0,Economy
-0.9255739670483327,0.7758442763593958,-0.9246284117687683,0.6996750564135367,-0.6593628671175696,0.4612030122410416,3,Luxury
1.9578340299869714,-0.834536891887463,0.273068273245621,-0.04520490250698953,-0.5074065901055592,0.5421513250521064,2,Premium
-0.44500596754244864,-0.08655192227333831,-0.7877964265393134,-1.1625248408877793,-0.346511708563431,0.4612030122410416,1,Mid-range
0.5161300314693194,-0.7185158566314058,-0.5163260272054825,-0.7900848614275162,0.43114688555685665,-1.5625048080355781,0,Economy
1.9578340299869714,-0.8922599441159473,2.223254126042289,0.6996750564135367,0.7976296712917049,-1.4006081824134484,0,Economy
0.03556203196343534,0.6039399674319375,1.605389240683569,2.561874953714853,-0.5074065901055592,1.3516344531627542,2,Premium
0.03556203196343534,-0.028598897725218585,-0.9181490195664163,-0.2314248922371213,1.7004287288336473,0.4612030122410416,1,Mid-range
1.4772660304810874,-0.9500979825042494,-1.2795042064053679,-0.04520490250698953,1.07472641172537,-1.5625048080355781,0,Economy
0.03556203196343534,-0.000887233209153397,0.3508481177962606,0.6996750564135367,-1.0526614664427723,0.5421513250521064,2,Premium
-0.9255739670483327,1.7538015656089163,-0.8741356183512348,0.6996750564135367,-0.6593628671175696,0.4612030122410416,3,Luxury
-1.4061419665542167,1.8572891094448443,-1.008499110037463,0.6996750564135367,-0.6593628671175696,0.4612030122410416,3,Luxury
-0.44500596754244864,-0.7655451959968443,1.1568537457142631,-1.1625248408877793,0.9317087392434786,0.4612030122410416,1,Mid-range
0.03556203196343534,-0.7172510088734112,2.269161238677527,0.6996750564135367,0.9317087392434786,-1.4006081824134484,0,Economy
-0.9255739670483327,-0.292952079146106,0.0841819769635959,-1.1625248408877793,0.011032472641298852,0.4612030122410416,1,Mid-range
5.802378026034043,-1.7016475230727228,1.3276960864281764,-0.04520490250698953,-1.1778019298644276,1.3516344531627542,2,Premium
0.03556203196343534,1.3513500062469737,-0.054161221088619066,2.561874953714853,-1.5711005291896303,0.5421513250521064,3,Luxury
0.03556203196343534,-0.7184008704715882,-1.2789470475141298,-1.1625248408877793,-0.08729217719000198,0.4612030122410416,1,Mid-range
-0.44500596754244864,0.48872383529460417,-0.6015848900784858,-0.4176448819672531,-0.43589775386461344,0.4612030122410416,1,Mid-range
0.03556203196343534,-1.0645092115228587,-0.48567325317833876,-1.1625248408877793,0.7976296712917049,0.4612030122410416,1,Mid-range
4.360674027516391,-1.0869315126873098,0.5708807047900829,1.6307750050641947,-1.5711005291896303,2.323014206895532,2,Premium
1.9578340299869714,-1.0633593499246818,0.3109736112017049,-1.1625248408877793,0.9317087392434786,-1.8862980592798373,0,Economy
-0.44500596754244864,0.22563550163171142,-0.0820492823473488,0.6996750564135367,-0.8023805395994617,0.4612030122410416,2,Premium
-0.9255739670483327,1.5813223258823694,-0.7451931320932694,2.561874953714853,-1.9375833149244786,2.323014206895532,3,Luxury
-1.4061419665542167,2.753606225223799,-1.2702433221320857,0.6996750564135367,-1.9018288968040058,0.4612030122410416,3,Luxury
0.9966980309752034,-0.4953277204252543,2.6094306309176063,0.6996750564135367,0.672489207870049,-1.4006081824134484,0,Economy
-0.9255739670483327,0.31532470628951575,-0.3644836651598412,-0.04520490250698953,2.075850119098614,0.299306386618912,1,Mid-range
0.03556203196343534,-0.22396038325548728,1.467876402986636,-0.7900848614275162,0.21662037683401889,-1.4006081824134484,0,Economy
-0.9255739670483327,-0.25903116199988513,-0.9285005585032419,-1.1625248408877793,0.10935712247259968,0.4612030122410416,1,Mid-range
-0.44500596754244864,0.31589963708860425,0.5284236914428969,0.6996750564135367,0.672489207870049,0.5421513250521064,2,Premium
0.5161300314693194,-0.8794964803761829,0.9116752227075069,-1.1625248408877793,0.43114688555685665,-1.5625048080355781,0,Economy
-1.4061419665542167,0.9775300006796379,-0.7374488386243225,-0.04520490250698953,-1.705179597141404,0.5421513250521064,3,Luxury
0.03556203196343534,0.6843152931445082,0.00456633771756146,0.6996750564135367,0.672489207870049,0.4612030122410416,2,Premium
0.03556203196343534,-0.028713883885036283,1.733626135758808,0.6996750564135367,-1.5711005291896303,1.9182726428402077,2,Premium
-0.9255739670483327,1.136555859707514,-0.8371178955696688,-0.04520490250698953,-0.9364596075512354,0.4612030122410416,3,Luxury
-0.9255739670483327,1.8107197147186767,-0.350234165176979,1.0721150358738003,-1.4370214612378567,0.4612030122410416,3,Luxury
0.03556203196343534,-0.319973826703265,-0.2833492839168411,0.6996750564135367,0.9317087392434786,-1.4006081824134484,0,Economy
0.03556203196343534,-0.6058294200100619,0.9328231672170967,-1.1625248408877793,-0.08729217719000198,0.4612030122410416,1,Mid-range
2.9189700289987393,-1.4774245114282119,3.8871386121543052,0.6996750564135367,-0.17667822249118445,0.4612030122410416,2,Premium
0.5161300314693194,-0.14404500218218727,0.11912422909548404,0.6996750564135367,0.43114688555685665,0.13740976099678243,2,Premium
-0.9255739670483327,-0.14404500218218727,-1.2021064467611349,-1.1625248408877793,0.5473487444483937,0.4612030122410416,1,Mid-range
-0.9255739670483327,0.2003385464718179,-0.9899128057119906,-0.2314248922371213,-1.6604865744908128,0.4612030122410416,3,Luxury
-1.4061419665542167,0.8902555053780051,-1.2786458805458931,-0.2314248922371213,-1.4370214612378567,0.5421513250521064,3,Luxury
-0.44500596754244864,-0.21315168423262368,-0.7905069292534448,-1.1625248408877793,0.21662037683401889,0.5421513250521064,1,Mid-range
0.03556203196343534,-0.5689188627085809,1.2178475859564255,0.6996750564135367,1.2177440842072627,-1.5625048080355781,0,Economy
0.9966980309752034,-0.3160642972694633,1.4661898679645098,0.3272350769532736,1.369700361219272,-1.8862980592798373,0,Economy
-0.9255739670483327,0.5441471643267346,-1.2783877374302615,0.6996750564135367,1.2177440842072627,0.4612030122410416,3,Luxury
0.03556203196343534,-0.8105047844855642,-0.1414394084836503,-1.1625248408877793,-0.17667822249118445,0.4612030122410416,1,Mid-range
0.03556203196343534,-0.5114257827997319,1.3381336730702125,0.14101508722314182,0.5741645580387488,0.4612030122410416,2,Premium
-0.9255739670483327,-0.4884285508361924,0.0841819769635959,-0.9763048511576475,0.011032472641298852,0.4612030122410416,1,Mid-range
-0.9255739670483327,0.0863872620924793,-1.1246635120716661,-1.1625248408877793,-0.8023805395994617,0.4612030122410416,1,Mid-range
-0.9255739670483327,0.029009168343448053,-0.5774517355558801,-1.1625248408877793,0.32388363119543745,0.4612030122410416,1,Mid-range
0.03556203196343534,-0.9541224980978689,0.19616876290982804,-1.1625248408877793,0.43114688555685665,0.4612030122410416,1,Mid-range
-0.44500596754244864,-0.31709917270782256,0.16426765179934263,-0.7900848614275162,-0.346511708563431,0.4612030122410416,1,Mid-range
-0.9255739670483327,0.6333764243452681,-1.0095833111231156,-1.1625248408877793,-0.864950771310289,0.4612030122410416,3,Luxury
0.03556203196343534,-0.1904994107485372,1.3248823264677922,0.6996750564135367,-0.08729217719000198,0.4612030122410416,2,Premium
-0.9255739670483327,1.5215295227771666,-1.0625542784507123,0.6996750564135367,-0.08729217719000198,0.4612030122410416,3,Luxury
-0.44500596754244864,-0.4890034816352809,-1.0051109816447987,-0.2314248922371213,-0.7308717033585154,0.4612030122410416,1,Mid-range
-0.9255739670483327,0.5039020083905403,-0.8209323222195698,-0.04520490250698953,-0.346511708563431,0.4612030122410416,3,Luxury
0.03556203196343534,0.8626588270217577,-0.5603024279074234,2.561874953714853,-1.3833898340571478,0.4612030122410416,3,Luxury
0.03556203196343534,-0.25857121736061434,1.2928381610473947,-0.04520490250698953,2.075850119098614,-1.8862980592798373,0,Economy
0.03556203196343534,0.5406975795322037,0.3416926419618608,0.6996750564135367,0.20768177230390053,0.13740976099678243,2,Premium
-0.44500596754244864,-0.8621335702437105,-0.03393785917151636,-0.7900848614275162,0.21662037683401889,0.4612030122410416,1,Mid-range
0.03556203196343534,-0.43105045708716117,-0.2188694360173374,-0.2314248922371213,1.5305952427614014,0.4612030122410416,1,Mid-range
-0.44500596754244864,0.20137342191017718,-0.08628444283817911,-0.2314248922371213,-0.864950771310289,0.5421513250521064,2,Premium
0.03556203196343534,-0.6839050225262788,-0.3765905772829614,-1.1625248408877793,0.9317087392434786,0.4612030122410416,1,Mid-range
-1.4061419665542167,1.5790226026860155,-0.8854422868158972,0.6996750564135367,-0.5878540308766232,0.4612030122410416,3,Luxury
-0.44500596754244864,-0.12047283941955919,-0.652948916511276,-1.1625248408877793,-0.08729217719000198,0.4612030122410416,1,Mid-range
0.5161300314693194,-0.8621335702437105,0.8647835257530335,-1.1625248408877793,0.43114688555685665,-1.5625048080355781,0,Economy
0.5161300314693194,-0.05723045151982536,0.48439157485183226,0.6996750564135367,0.10935712247259968,0.13740976099678243,2,Premium
0.03556203196343534,0.4602072676598151,-1.0640945323739806,-0.04520490250698953,-0.5074065901055592,0.4612030122410416,3,Luxury
0.5161300314693194,-0.22396038325548728,0.4491008295138414,-0.2314248922371213,1.2177440842072627,-1.5625048080355781,0,Economy
0.5161300314693194,-0.08620696379388522,0.41321377357874145,-0.4176448819672531,0.20768177230390053,-1.4006081824134484,0,Economy
-0.9255739670483327,0.2009134772709064,-0.4508325373385988,-0.2314248922371213,-1.4370214612378567,0.4612030122410416,3,Luxury
-0.9255739670483327,1.5801724642841926,-0.8555493140257623,0.6996750564135367,-2.1342326145870802,0.5421513250521064,3,Luxury
0.03556203196343534,-0.5477614093021245,-0.7102835780893612,-0.7900848614275162,0.5741645580387488,0.4612030122410416,1,Mid-range
0.5161300314693194,-0.9036435739378994,0.6901729409086885,-1.1625248408877793,-0.17667822249118445,0.13740976099678243,1,Mid-range
-0.9255739670483327,0.521149932363195,-0.5875193170655109,0.6996750564135367,0.9317087392434786,0.4612030122410416,3,Luxury
-0.9255739670483327,0.3722428553992762,-0.14214499966637642,-0.2314248922371213,-0.864950771310289,0.4612030122410416,3,Luxury
-0.9255739670483327,-0.3275629132512331,-0.8033527760450603,-1.1625248408877793,0.10935712247259968,0.4612030122410416,1,Mid-range
0.9966980309752034,-0.22396038325548728,-0.34684075658422225,-0.04520490250698953,0.7976296712917049,-1.4006081824134484,0,Economy
1.9578340299869714,-0.4583021769639556,0.5604649610270617,0.6996750564135367,0.672489207870049,-1.4006081824134484,0,Economy
-0.44500596754244864,-0.8333870302892861,2.041832881878167,-1.1625248408877793,0.9317087392434786,0.4612030122410416,1,Mid-range
0.03556203196343534,0.0002626283890235818,0.8835522512135524,0.6996750564135367,-0.08729217719000198,0.5421513250521064,2,Premium
0.03556203196343534,-0.8000410439421537,0.8286193962071557,-0.2314248922371213,0.7976296712917049,-1.4006081824134484,0,Economy
9.646922022081114,-1.4140671373686604,-0.3635863952958529,0.5134550666834049,-1.7856270379124688,2.4849108325176616,2,Premium
0.03556203196343534,0.43019587994739594,-0.5675906685387545,0.6996750564135367,-0.2660642677923669,0.5421513250521064,2,Premium
0.9966980309752034,-1.2933316695600776,0.8243921071257226,-1.1625248408877793,0.5473487444483937,-1.5625048080355781,0,Economy
0.03556203196343534,-0.7764688811795256,1.0902732582113075,-1.1625248408877793,0.672489207870049,0.4612030122410416,1,Mid-range
0.03556203196343534,-0.9489481209060724,-0.21642998357461912,-1.1625248408877793,1.2177440842072627,0.4612030122410416,1,Mid-range
-0.9255739670483327,-0.7195507320697652,-0.89233470800326,-1.1625248408877793,0.21662037683401889,0.4612030122410416,1,Mid-range
0.03556203196343534,-0.8339619610883745,0.527452427970333,-0.2314248922371213,0.7976296712917049,-1.4006081824134484,0,Economy
0.9966980309752034,-0.3159493111096456,0.9257156267667076,0.6996750564135367,-0.17667822249118445,0.4612030122410416,2,Premium
-0.9255739670483327,1.2938569263381248,-0.5622729203567443,0.6996750564135367,-0.2660642677923669,0.4612030122410416,3,Luxury
0.5161300314693194,-0.9770047439015908,2.0543689569310244,-1.1625248408877793,0.43114688555685665,-1.5625048080355781,0,Economy
0.03556203196343534,0.9431491388941462,1.0226311571453168,2.561874953714853,-1.481714483888448,0.4612030122410416,2,Premium
-0.44500596754244864,2.385650513807166,0.6413161294864699,2.561874953714853,-1.9018288968040058,0.5421513250521064,3,Luxury
-0.44500596754244864,-0.7531266907365329,-0.4811030444353449,-0.9763048511576475,0.7976296712917049,0.5421513250521064,1,Mid-range
-0.9255739670483327,-0.22396038325548728,-0.8145045586403439,0.6996750564135367,-1.9733377330449515,0.4612030122410416,3,Luxury
-0.9255739670483327,1.062734745104552,-1.0359913518522244,0.6996750564135367,-1.3833898340571478,0.4612030122410416,3,Luxury
-0.9255739670483327,1.2938569263381248,-1.0290214877301722,0.6996750564135367,-1.5711005291896303,0.5421513250521064,3,Luxury
-0.44500596754244864,0.6948940198477365,-0.5447320956495796,-0.4176448819672531,-1.329758206876438,0.4612030122410416,3,Luxury
0.03556203196343534,-0.6321612506083147,0.5633515305841628,-1.1625248408877793,-0.346511708563431,0.13740976099678243,1,Mid-range
-1.4061419665542167,-0.0871268530724268,-0.8277989290953692,-1.1625248408877793,-0.2660642677923669,0.4612030122410416,1,Mid-range
0.03556203196343534,-0.6635524722385463,-0.32900619630154354,-0.7900848614275162,0.43114688555685665,0.5421513250521064,1,Mid-range
-0.9255739670483327,1.4605868580737866,-0.830380360251685,0.6996750564135367,-0.43589775386461344,0.4612030122410416,3,Luxury
1.9578340299869714,-1.4084328155375931,0.8741326751146992,-1.1625248408877793,0.672489207870049,-1.5625048080355781,0,Economy
-0.9255739670483327,0.22391070923444595,-1.0074149089518105,-1.1625248408877793,-0.6593628671175696,0.4612030122410416,1,Mid-range
1.4772660304810874,-0.5579951775258997,-0.10404952937704878,0.6996750564135367,-0.864950771310289,1.3516344531627542,2,Premium
2.9189700289987393,-0.9495230517051609,-0.08692818723278532,-0.4176448819672531,-0.7308717033585154,0.4612030122410416,2,Premium
0.03556203196343534,-0.6959785693071371,-0.2188694360173374,-1.1625248408877793,0.21662037683401889,-1.8862980592798373,0,Economy
-0.9255739670483327,-0.2596060927989736,-1.174536762011684,-1.1625248408877793,0.43114688555685665,0.5421513250521064,1,Mid-range
1.4772660304810874,-1.0635893222443171,0.19663557171059498,-0.2314248922371213,1.888139423966131,-1.8862980592798373,0,Economy
0.5161300314693194,-0.6126136034393062,0.06485996475857335,-1.1625248408877793,1.07472641172537,-1.8862980592798373,0,Economy
0.03556203196343534,-0.22396038325548728,-0.23281346664670227,-0.7900848614275162,0.43114688555685665,0.5421513250521064,1,Mid-range
0.5161300314693194,-0.6150283127954778,1.671700183749953,0.6996750564135367,1.2177440842072627,-1.5625048080355781,0,Economy
1.9578340299869714,-1.3854355835740535,0.26468656485269176,-1.1625248408877793,0.9317087392434786,-1.8862980592798373,0,Economy
0.03556203196343534,-0.7207005936679421,0.5230553902340755,-0.2314248922371213,1.7004287288336473,0.4612030122410416,2,Premium
-0.9255739670483327,0.6608581165416979,-1.0472205773821974,-0.2314248922371213,-1.1688633253343093,0.4612030122410416,3,Luxury
0.9966980309752034,-1.3221931956743198,0.3416762146726842,-0.7900848614275162,0.21662037683401889,-1.4006081824134484,0,Economy
-0.9255739670483327,0.43031086610721364,0.0841819769635959,-0.2314248922371213,-0.9990298392620627,0.4612030122410416,3,Luxury
-0.44500596754244864,-0.6045645722520673,0.011327536154478105,-1.1625248408877793,0.672489207870049,0.4612030122410416,1,Mid-range
-0.9255739670483327,0.0807529402614121,-1.0868713599432054,-0.04520490250698953,1.369700361219272,0.4612030122410416,1,Mid-range
-0.9255739670483327,1.0512361291227823,0.0841819769635959,0.6996750564135367,-0.2660642677923669,0.5421513250521064,3,Luxury
1.9578340299869714,-0.2078623208810096,1.1807530821455947,0.6996750564135367,0.011032472641298852,0.5421513250521064,2,Premium
-1.4061419665542167,0.2009134772709064,-1.1891992909795568,-0.04520490250698953,-0.08729217719000198,0.4612030122410416,3,Luxury
0.03556203196343534,-1.0064412008149213,-0.10499820532699478,-0.7900848614275162,0.20768177230390053,0.4612030122410416,1,Mid-range
0.03556203196343534,-0.3044506951278758,0.09154335814435582,0.6996750564135367,-0.5878540308766232,0.4612030122410416,2,Premium
0.5161300314693194,-0.8679978643944131,-0.6472433082980293,-0.6038648716973845,0.24343619042437337,-1.4006081824134484,0,Economy
0.9966980309752034,-0.5464965615441298,-0.5632867187744973,-0.4176448819672531,-0.17667822249118445,-1.4006081824134484,0,Economy
-1.4061419665542167,5.030332189614217,-1.2163043181208708,2.561874953714853,-2.1074168009967256,0.4612030122410416,3,Luxury
-0.9255739670483327,0.5172404029293932,-1.2718050879816567,-0.04520490250698953,-0.5074065901055592,0.4612030122410416,3,Luxury
0.5161300314693194,-0.7471474104260126,1.729108631235256,-0.04520490250698953,1.2177440842072627,-1.5625048080355781,0,Economy
0.5161300314693194,-0.7195507320697652,-0.9144988759113858,-0.4176448819672531,2.4870259274840527,-1.8862980592798373,0,Economy
-0.9255739670483327,-0.22396038325548728,-0.8004099445268605,2.561874953714853,-1.5711005291896303,0.4612030122410416,3,Luxury
0.5161300314693194,-0.3743622802970361,1.1782260596151894,-0.4176448819672531,-0.346511708563431,0.4612030122410416,2,Premium
0.03556203196343534,0.43031086610721364,-0.2188694360173374,-1.1625248408877793,-0.346511708563431,0.5421513250521064,1,Mid-range
-0.9255739670483327,0.2003385464718179,0.0841819769635959,-0.7900848614275162,-1.4370214612378567,0.4612030122410416,3,Luxury
0.9966980309752034,-0.16646730334663834,0.3467522470282395,0.6996750564135367,0.43114688555685665,0.13740976099678243,2,Premium
-0.44500596754244864,-0.44231910074929554,-0.38779398850137126,-1.1625248408877793,0.7976296712917049,0.5421513250521064,1,Mid-range
0.03556203196343534,-0.18831467371200095,0.5840115846052084,0.6996750564135367,0.9317087392434786,-1.4006081824134484,0,Economy
-0.9255739670483327,1.8089949223214112,-1.1262123707654557,0.6996750564135367,-0.5878540308766232,0.4612030122410416,3,Luxury
-0.44500596754244864,-0.4895784124343694,-0.3753934385842201,-1.1625248408877793,0.32388363119543745,0.4612030122410416,1,Mid-range
0.03556203196343534,-0.14358505754291648,-1.0798154481159428,-0.2314248922371213,2.031157096448023,-1.8862980592798373,0,Economy
-0.9255739670483327,-0.5574202467268111,-1.257942802672242,-1.1625248408877793,0.10935712247259968,0.4612030122410416,1,Mid-range
-0.9255739670483327,0.23586926985548654,-0.8608154335846461,0.6996750564135367,-1.3833898340571478,0.4612030122410416,3,Luxury
0.5161300314693194,0.4312307553857552,0.13842300842009958,2.561874953714853,0.10935712247259968,0.13740976099678243,2,Premium
0.5161300314693194,-1.0064412008149213,-0.3159114565226065,-1.1625248408877793,1.2266826887373805,-1.8862980592798373,0,Economy
1.4772660304810874,-0.8621335702437105,-0.8277085790048984,-0.7900848614275162,0.43114688555685665,-1.5625048080355781,0,Economy
0.03556203196343534,0.32268382051784844,-0.6352327696047448,-0.2314248922371213,-0.9990298392620627,0.4612030122410416,3,Luxury
1.4772660304810874,-1.201457727865737,0.4358374362326915,-1.1625248408877793,1.2266826887373805,-1.8862980592798373,0,Economy
0.03556203196343534,-0.6036446829735257,-0.6469180479723335,-0.2314248922371213,1.2177440842072627,-1.5625048080355781,0,Economy
-0.9255739670483327,1.8630384174357293,-1.0235230393672199,0.6996750564135367,-0.346511708563431,0.4612030122410416,3,Luxury
-0.44500596754244864,0.23483439441712725,-0.6461726597259475,-0.2314248922371213,0.011032472641298852,0.4612030122410416,1,Mid-range
0.9966980309752034,-0.8473003556272275,0.38351652020536736,-0.04520490250698953,0.43114688555685665,0.13740976099678243,0,Economy
0.5161300314693194,-0.22396038325548728,0.3254476956951665,-1.1625248408877793,0.9317087392434786,-1.8862980592798373,0,Economy
-0.9255739670483327,0.5234496555595489,-0.5680036975237648,0.6996750564135367,0.011032472641298852,0.4612030122410416,3,Luxury
0.9966980309752034,-0.5424720459505105,0.11290978559999365,-0.04520490250698953,2.4870259274840527,-1.8862980592798373,0,Economy
0.03556203196343534,-0.08620696379388522,-0.5059719068375005,-0.7900848614275162,-0.346511708563431,0.13740976099678243,1,Mid-range
2.4384020294928552,-1.1784604959021974,0.4629166490624425,-0.7900848614275162,-0.346511708563431,0.13740976099678243,2,Premium
-0.9255739670483327,-0.638140530918835,0.0841819769635959,-1.1625248408877793,-0.08729217719000198,0.4612030122410416,1,Mid-range
0.03556203196343534,-0.25868620352043203,-0.8904416584886284,-0.7900848614275162,-0.346511708563431,0.13740976099678243,1,Mid-range
-0.9255739670483327,0.8908304361770937,-1.0472205773821974,-0.2314248922371213,-1.0526614664427723,0.4612030122410416,3,Luxury
-0.9255739670483327,0.14388034200132824,-0.7382232679712173,-0.04520490250698953,0.672489207870049,0.4612030122410416,1,Mid-range
-0.9255739670483327,-0.24120830722814196,-0.21927816261708735,-1.1625248408877793,0.32388363119543745,0.4612030122410416,1,Mid-range
0.5161300314693194,-0.890880110198135,2.669869913255984,-0.04520490250698953,1.07472641172537,-1.5625048080355781,0,Economy
2.4384020294928552,-0.6045645722520673,2.2053826795754885,0.6996750564135367,-0.43589775386461344,0.704047950674236,2,Premium
0.03556203196343534,-0.5125756443979089,-0.48211948295314416,-0.2314248922371213,1.7004287288336473,0.4612030122410416,1,Mid-range
0.9966980309752034,-0.9830990103719287,0.32861651977732387,-1.1625248408877793,0.43114688555685665,-1.5625048080355781,0,Economy
0.03556203196343534,-0.374017321817583,0.867771102077943,0.3272350769532736,-0.7308717033585154,0.4612030122410416,2,Premium
0.9966980309752034,-0.6034147106538903,-0.5999031463490361,-0.7900848614275162,0.43114688555685665,-1.5625048080355781,0,Economy
0.03556203196343534,0.6027901058337605,-0.8390023403137793,0.6996750564135367,0.9317087392434786,0.4612030122410416,3,Luxury
0.03556203196343534,-0.8000410439421537,0.3828320498230111,-1.1625248408877793,0.32388363119543745,0.5421513250521064,1,Mid-range
-0.9255739670483327,0.25656677862267213,-0.04534133130454059,-0.2314248922371213,-1.7856270379124688,0.4612030122410416,3,Luxury
-0.44500596754244864,0.2587515156592084,-0.7915233677712441,0.6996750564135367,-1.526407506539039,0.4612030122410416,3,Luxury
-0.9255739670483327,-0.46876591750736607,-0.9494101508693984,-0.2314248922371213,-0.6593628671175696,0.5421513250521064,3,Luxury
0.5161300314693194,-0.7896922895585609,-0.7218905530452082,-0.04520490250698953,-0.9990298392620627,0.704047950674236,2,Premium
-0.9255739670483327,-0.22396038325548728,-0.7374488386243225,-0.04520490250698953,-0.43589775386461344,0.4612030122410416,3,Luxury
0.03556203196343534,1.8139393271935722,-1.0659617675770487,2.561874953714853,-0.5878540308766232,0.4612030122410416,3,Luxury
-0.9255739670483327,0.31532470628951575,-0.5051200345559163,-0.04520490250698953,-0.346511708563431,0.5421513250521064,3,Luxury
0.03556203196343534,1.5807473950832809,-0.6863709208113574,0.6996750564135367,-0.5878540308766232,0.5421513250521064,3,Luxury
0.03556203196343534,1.638585433471583,-1.2790072809077773,-0.4176448819672531,-0.864950771310289,0.299306386618912,3,Luxury
0.03556203196343534,0.6597082549435209,-0.6093926437300256,0.6996750564135367,0.21662037683401889,0.4612030122410416,2,Premium
0.9966980309752034,-0.039982527547170674,1.5978217361362368,0.6996750564135367,-1.329758206876438,1.3516344531627542,2,Premium
0.03556203196343534,-0.5550055373706395,3.534845539389598,0.6996750564135367,-0.17667822249118445,0.13740976099678243,2,Premium
0.03556203196343534,-0.834536891887463,0.7683860025597914,-1.1625248408877793,-0.2660642677923669,0.13740976099678243,1,Mid-range
0.5161300314693194,-0.02963377316357787,0.380633530954882,0.6996750564135367,1.07472641172537,-1.4006081824134484,0,Economy
-0.9255739670483327,-0.22396038325548728,-0.7682711266307309,-1.1625248408877793,0.43114688555685665,0.4612030122410416,1,Mid-range
-0.9255739670483327,4.795185492787025,-0.9003113302762753,2.561874953714853,-1.9375833149244786,0.4612030122410416,3,Luxury
-0.9255739670483327,1.2352139848310988,-0.9310561753479942,0.6996750564135367,-1.1152316981536003,0.4612030122410416,3,Luxury
0.03556203196343534,-0.8574191376911849,0.20749264091553296,-1.1625248408877793,-0.2660642677923669,0.13740976099678243,1,Mid-range
-0.9255739670483327,0.8902555053780051,-1.2408279141058691,0.6996750564135367,-1.9018288968040058,0.4612030122410416,3,Luxury
-1.4061419665542167,0.476995246993199,-1.1390549907681258,-0.04520490250698953,0.21662037683401889,0.4612030122410416,3,Luxury
0.03556203196343534,-0.3973595122605757,-0.19872136584229402,-0.4176448819672531,0.011032472641298852,0.4612030122410416,1,Mid-range
0.03556203196343534,0.3737376754769063,-0.09789066487660565,1.6307750050641947,0.20768177230390053,-1.5625048080355781,0,Economy
8.205218023563463,-1.6388650798122597,-0.3829984836994465,-0.6038648716973845,-1.2314335570451371,0.704047950674236,1,Mid-range
-1.4061419665542167,0.9181971422137057,-0.7886773399214061,-0.2314248922371213,-0.9990298392620627,0.5421513250521064,3,Luxury
-0.9255739670483327,2.48833315452437,-0.9363222949068782,0.6996750564135367,-2.1968028462979077,0.4612030122410416,3,Luxury
0.03556203196343534,-0.7425479640333047,-0.03627190317535179,-0.7900848614275162,0.43114688555685665,-1.5625048080355781,0,Economy
0.03556203196343534,-0.8914550409972235,0.5876858216176977,-0.6038648716973845,0.24343619042437337,-1.4006081824134484,0,Economy
0.03556203196343534,-0.698278292503491,1.5211829563645536,-0.04520490250698953,1.7004287288336473,-1.8862980592798373,0,Economy
-0.9255739670483327,1.229464676840214,-1.2742058189570302,0.6996750564135367,0.672489207870049,0.4612030122410416,3,Luxury
-0.44500596754244864,-0.05366588056547673,-0.2150672030433475,0.6996750564135367,0.43114688555685665,0.4612030122410416,2,Premium
-0.9255739670483327,0.6614330473407863,-1.1169192186027193,0.6996750564135367,-1.329758206876438,0.4612030122410416,3,Luxury
0.03556203196343534,1.00639152679388,-0.2188694360173374,0.6996750564135367,-1.2314335570451371,1.3516344531627542,3,Luxury
0.9966980309752034,-0.4890034816352809,-0.41172033518702206,0.6996750564135367,0.5205329308580391,-1.4006081824134484,0,Economy
-0.44500596754244864,1.2357889156301873,-0.23065259364960308,0.6996750564135367,-0.864950771310289,0.4612030122410416,3,Luxury
0.03556203196343534,-0.672406406544509,-0.8070184082870286,-0.2314248922371213,1.7004287288336473,-1.8862980592798373,0,Economy
0.5161300314693194,0.13364657377755312,0.461840192270259,0.6996750564135367,0.20768177230390053,0.13740976099678243,2,Premium
-0.9255739670483327,3.6499233410027543,-0.876149134653161,2.561874953714853,-1.8571358741534145,0.4612030122410416,3,Luxury
0.5161300314693194,-0.9489481209060724,2.704889608322562,0.6996750564135367,1.369700361219272,-1.5625048080355781,0,Economy
0.03556203196343534,0.4705560220434079,0.5541358213561159,0.6996750564135367,-0.08729217719000198,0.4612030122410416,2,Premium
0.03556203196343534,0.2589814879788438,-0.45483375563088807,0.6996750564135367,-0.08729217719000198,0.4612030122410416,2,Premium
0.03556203196343534,0.7062776496696885,-0.2188694360173374,2.561874953714853,-1.3833898340571478,0.4612030122410416,3,Luxury
0.03556203196343534,-0.2820283939634247,-0.7699748711938994,-1.1625248408877793,0.43114688555685665,0.4612030122410416,1,Mid-range
-0.44500596754244864,-0.22396038325548728,-0.4436981069803315,1.444555015334063,-1.329758206876438,2.323014206895532,3,Luxury
0.03556203196343534,-0.2009631512919477,-0.45549632296100906,0.6996750564135367,0.9317087392434786,0.4612030122410416,2,Premium
0.03556203196343534,-0.6609077905627392,-0.09096382460715845,-0.04520490250698953,-0.6593628671175696,0.4612030122410416,2,Premium
0.9966980309752034,-0.22396038325548728,5.472066470113078,0.6996750564135367,-0.17667822249118445,0.4612030122410416,2,Premium
0.5161300314693194,-0.14358505754291648,0.3558053260934383,0.6996750564135367,0.9317087392434786,-1.4006081824134484,0,Economy
-1.4061419665542167,1.465761235265583,-1.2786458805458931,0.6996750564135367,0.32388363119543745,0.4612030122410416,3,Luxury
0.03556203196343534,1.0633096759036404,0.45637702346644293,2.561874953714853,-1.1152316981536003,1.9992209556512726,2,Premium
-0.9255739670483327,3.764909500820452,-0.6339850778791923,2.561874953714853,-1.5711005291896303,0.4612030122410416,3,Luxury
0.03556203196343534,-0.2814534631643362,0.3783747786931057,-0.04520490250698953,1.5305952427614014,0.4612030122410416,2,Premium
-0.9255739670483327,-0.546036616904859,-1.000057830156311,-0.7900848614275162,-0.8023805395994617,0.4612030122410416,1,Mid-range
0.03556203196343534,-1.1794953713405567,0.5678088017140674,-1.1625248408877793,1.2266826887373805,0.4612030122410416,1,Mid-range
-1.4061419665542167,0.4313457415455729,-0.8468627981847603,0.6996750564135367,-0.17667822249118445,0.5421513250521064,3,Luxury
-0.9255739670483327,-0.17221661133752325,-0.16940491267706947,-1.1625248408877793,0.011032472641298852,0.4612030122410416,1,Mid-range
0.03556203196343534,0.7764192071584842,-0.2188694360173374,0.6996750564135367,-1.7409340152618775,2.323014206895532,3,Luxury
0.5161300314693194,-1.179380385180739,2.5508246340513328,-0.2314248922371213,2.075850119098614,-1.8862980592798373,0,Economy
0.9966980309752034,-0.14553982225981732,0.9829318749686453,0.6996750564135367,0.672489207870049,-1.4006081824134484,0,Economy
0.03556203196343534,-0.6611377628823746,-0.1536065540004179,-0.2314248922371213,0.10935712247259968,0.4612030122410416,1,Mid-range
0.03556203196343534,0.3462559832804765,0.5196823201898231,0.6996750564135367,0.9317087392434786,0.4612030122410416,2,Premium
0.9966980309752034,-0.9484881762668016,0.03139757670593303,-0.6038648716973845,0.24343619042437337,-1.4006081824134484,0,Economy
0.03556203196343534,0.42927599066885436,0.19821669829383848,0.6996750564135367,0.011032472641298852,0.5421513250521064,2,Premium
0.03556203196343534,-0.5689188627085809,1.6742360096225066,-0.2314248922371213,1.8792008194360121,0.299306386618912,2,Premium
1.9578340299869714,-0.778193673576791,0.0970940970358592,-0.4176448819672531,-0.17667822249118445,0.13740976099678243,0,Economy
-0.9255739670483327,-0.22396038325548728,-1.0095833111231156,0.6996750564135367,-1.526407506539039,0.5421513250521064,3,Luxury
2.9189700289987393,-1.1840948177332646,1.2141131155502891,0.3272350769532736,1.369700361219272,-1.8862980592798373,0,Economy
-0.9255739670483327,0.7023681202358868,-0.08290115462893263,0.6996750564135367,-0.6593628671175696,0.4612030122410416,3,Luxury
-0.9255739670483327,-0.20153808209103619,0.0866988723410035,-0.04520490250698953,-1.7856270379124688,0.4612030122410416,2,Premium
0.03556203196343534,3.5303377347923486,0.4069856406756044,4.42407485101617,-1.4370214612378567,0.4612030122410416,2,Premium
0.5161300314693194,-0.22396038325548728,0.7804326812892642,0.6996750564135367,1.07472641172537,-1.5625048080355781,0,Economy
0.9966980309752034,-1.207092049696804,2.564436285863025,-0.04520490250698953,1.07472641172537,-1.5625048080355781,0,Economy
0.03556203196343534,0.36718346436729754,-0.5345225354263514,0.6996750564135367,0.10935712247259968,0.4612030122410416,2,Premium
-0.44500596754244864,-0.292952079146106,-0.08628444283817911,-1.1625248408877793,0.21662037683401889,0.4612030122410416,1,Mid-range
-0.9255739670483327,-0.028713883885036283,-0.11333622796189419,-1.1625248408877793,-0.864950771310289,0.4612030122410416,1,Mid-range
2.4384020294928552,-1.2024926033040964,1.2370362242183721,-0.04520490250698953,-1.2314335570451371,1.432582765973819,2,Premium
0.5161300314693194,-0.5625946239186076,-0.5337816646844887,-0.7900848614275162,-0.346511708563431,0.13740976099678243,1,Mid-range
0.5161300314693194,-0.27006983334238416,0.9196441006870533,0.6996750564135367,1.369700361219272,-1.5625048080355781,0,Economy
-0.44500596754244864,0.08650224825229699,2.556286297020308,0.6996750564135367,1.07472641172537,0.5421513250521064,2,Premium
1.4772660304810874,0.6786809713134411,-0.48403942237565395,2.561874953714853,-0.7308717033585154,1.3516344531627542,3,Luxury
0.03556203196343534,-0.4366847789182284,-0.19534829579804153,-0.4176448819672531,-0.08729217719000198,0.5421513250521064,1,Mid-range
0.5161300314693194,-0.12047283941955919,0.19669881677392478,0.6996750564135367,0.43114688555685665,0.13740976099678243,2,Premium
6.282946025539927,-1.6729009831182984,1.4309533326808015,1.6307750050641947,-1.705179597141404,3.2134456478172444,2,Premium
-0.44500596754244864,-0.22396038325548728,-0.24955835008066962,-0.2314248922371213,0.10935712247259968,0.4612030122410416,1,Mid-range
-0.9255739670483327,1.466221179904854,-0.9719460448640337,0.6996750564135367,-2.009092151165425,0.5421513250521064,3,Luxury
-0.9255739670483327,-0.4895784124343694,-0.3177081326074021,-1.1625248408877793,-0.5074065901055592,0.5421513250521064,1,Mid-range
-0.9255739670483327,0.08535238665412001,-0.9263321563319368,-0.2314248922371213,-1.285065184225847,0.4612030122410416,3,Luxury
0.03556203196343534,-0.6329661537270387,-0.5751198427446751,-1.1625248408877793,0.5473487444483937,0.4612030122410416,1,Mid-range
-0.9255739670483327,-0.31767410350691105,-1.0469108056434393,-1.1625248408877793,-0.5878540308766232,0.4612030122410416,1,Mid-range
-0.9255739670483327,0.7758442763593958,-0.9949465964668059,0.6996750564135367,-0.9364596075512354,0.5421513250521064,3,Luxury
0.03556203196343534,0.545871956724,0.29977019998329496,0.3272350769532736,1.7004287288336473,-1.8862980592798373,0,Economy
0.9966980309752034,1.0061615544742446,0.19003590828391465,2.561874953714853,-1.1152316981536003,1.9182726428402077,3,Luxury
-0.9255739670483327,-0.5470714923432183,-0.1367239942381136,-1.1625248408877793,0.5473487444483937,0.4612030122410416,1,Mid-range
0.03556203196343534,0.028779196023812657,0.6094903101180436,-0.04520490250698953,0.7976296712917049,0.4612030122410416,2,Premium
2.9189700289987393,-0.890880110198135,2.62357452689862,2.561874953714853,-0.8023805395994617,1.3516344531627542,2,Premium
0.5161300314693194,0.43031086610721364,0.07570197561509898,-0.4176448819672531,-0.2660642677923669,0.13740976099678243,2,Premium
0.5161300314693194,-1.0955554746736371,-0.324937430560664,-1.1625248408877793,1.2266826887373805,0.4612030122410416,1,Mid-range
-0.44500596754244864,-0.16416758015028438,0.220917158524689,-1.1625248408877793,0.43114688555685665,0.5421513250521064,1,Mid-range
0.03556203196343534,0.8797917648345946,0.3555463225007547,0.6996750564135367,-0.6593628671175696,0.4612030122410416,2,Premium
1.4772660304810874,-0.029058842364489378,0.2872115374078195,0.6996750564135367,0.43114688555685665,0.13740976099678243,2,Premium
0.9966980309752034,-0.6379105585991997,1.38886661781047,0.6996750564135367,-0.43589775386461344,-0.10543517743641193,2,Premium
0.5161300314693194,-0.3965546091418518,1.0875326388003526,-0.04520490250698953,1.5305952427614014,-1.8862980592798373,0,Economy
-0.44500596754244864,0.5228747247604605,-0.3137972644055839,-0.4176448819672531,-1.285065184225847,0.4612030122410416,3,Luxury
-0.9255739670483327,-0.6321612506083147,-1.0449747322762026,-1.1625248408877793,0.011032472641298852,0.4612030122410416,1,Mid-range
0.5161300314693194,-0.8736321862254803,0.19718670726246848,-1.1625248408877793,0.672489207870049,-1.5625048080355781,0,Economy
0.03556203196343534,-0.5286737067723867,-1.0566858249553546,-1.1625248408877793,0.5473487444483937,0.4612030122410416,1,Mid-range
-0.44500596754244864,-0.6839050225262788,0.6503285510109569,-1.1625248408877793,0.9317087392434786,0.4612030122410416,1,Mid-range
-0.9255739670483327,2.960006382096567,-0.89233470800326,2.561874953714853,-0.43589775386461344,0.4612030122410416,3,Luxury
-0.44500596754244864,-0.6034147106538903,0.6821091953341476,-1.1625248408877793,0.10935712247259968,0.4612030122410416,1,Mid-range
-0.9255739670483327,-0.0872418392322445,-0.7460450043748534,-1.1625248408877793,0.43114688555685665,0.4612030122410416,1,Mid-range
-0.9255739670483327,0.39121557176919636,-0.8808731536692185,-0.04520490250698953,-0.5074065901055592,0.5421513250521064,3,Luxury
-1.4061419665542167,0.6029050919935782,-1.0868326384758606,-0.2314248922371213,-1.1152316981536003,0.5421513250521064,3,Luxury
0.5161300314693194,0.11996322075924708,1.3823811240435664,0.3272350769532736,2.7104910407370086,-1.8862980592798373,0,Economy
0.03556203196343534,-0.6614827213618277,-0.47308447390603947,-1.1625248408877793,0.9317087392434786,0.4612030122410416,1,Mid-range
3.3995380285046233,-1.351399680268015,0.8210902220012354,-0.4176448819672531,-0.43589775386461344,0.05646144818571764,2,Premium
0.5161300314693194,-0.3735573771783122,-0.4852636661015366,-0.4176448819672531,-0.5074065901055592,0.4612030122410416,1,Mid-range
0.03556203196343534,1.00639152679388,-0.43947424025081,0.6996750564135367,0.20768177230390053,0.4612030122410416,2,Premium
0.5161300314693194,0.12513759795104348,-0.031091831321678382,0.6996750564135367,0.011032472641298852,0.4612030122410416,2,Premium
0.03556203196343534,-0.26995484718256646,0.21393761403580064,-0.7900848614275162,-0.346511708563431,0.13740976099678243,2,Premium
-0.9255739670483327,2.1560231526512235,-1.2780779656915036,0.6996750564135367,-2.0716623828762524,0.5421513250521064,3,Luxury
0.5161300314693194,-0.7540465800150745,-0.466398567211182,-0.7900848614275162,0.32388363119543745,-1.5625048080355781,0,Economy
1.4772660304810874,-0.8046404903348616,1.2394111408821824,0.6996750564135367,0.9317087392434786,-1.4006081824134484,0,Economy
-0.9255739670483327,-0.029058842364489378,-0.3347455782390852,-1.1625248408877793,0.32388363119543745,0.4612030122410416,1,Mid-range
-0.9255739670483327,0.3958150181619043,-0.06052014650367646,-0.2314248922371213,-1.285065184225847,0.4612030122410416,3,Luxury
0.03556203196343534,-0.26995484718256646,0.05395772050840026,-0.2314248922371213,0.7976296712917049,-1.4006081824134484,0,Economy
-0.44500596754244864,-0.1804956148443975,-0.5071916330588596,-0.04520490250698953,-1.7856270379124688,0.4612030122410416,3,Luxury
0.5161300314693194,-0.015030530866730236,0.08822449815438602,2.561874953714853,-1.7856270379124688,2.9706007093840503,2,Premium
-0.44500596754244864,-0.3734423910184945,0.8210902220012354,-1.1625248408877793,0.9317087392434786,0.4612030122410416,1,Mid-range
1.9578340299869714,-0.6036446829735257,0.0693218692264511,0.6996750564135367,-0.6593628671175696,1.3516344531627542,2,Premium
0.03556203196343534,-0.8450006324308735,-0.5393412069181406,-0.7900848614275162,-0.08729217719000198,0.13740976099678243,1,Mid-range
-0.9255739670483327,-0.22396038325548728,0.0841819769635959,-1.1625248408877793,-0.2660642677923669,0.5421513250521064,1,Mid-range
0.5161300314693194,0.057410749818419426,0.10351173346208728,2.561874953714853,0.10935712247259968,0.4612030122410416,2,Premium
-0.44500596754244864,-0.20234298520976007,-0.8417354305505284,-1.1625248408877793,0.43114688555685665,0.4612030122410416,1,Mid-range
1.4772660304810874,-0.14347007138309878,-0.65351360457672,0.6996750564135367,0.20768177230390053,0.13740976099678243,2,Premium
0.5161300314693194,-0.8339619610883745,1.1800149914065161,-0.4176448819672531,2.4870259274840527,-1.8862980592798373,0,Economy
0.03556203196343534,-0.7241501784624731,-0.2188694360173374,-1.1625248408877793,0.9317087392434786,-1.8862980592798373,0,Economy
0.03556203196343534,0.03475847633433295,0.8259088934930244,0.6996750564135367,0.43114688555685665,0.4612030122410416,2,Premium
-0.9255739670483327,0.8681781626930072,-1.1004238735138623,-0.2314248922371213,-0.5878540308766232,0.4612030122410416,3,Luxury
0.03556203196343534,-1.0639342807237704,-0.8256305269240641,-1.1625248408877793,0.7976296712917049,0.5421513250521064,1,Mid-range
0.03556203196343534,-0.7531266907365329,-0.01458788146230055,-1.1625248408877793,0.43114688555685665,0.4612030122410416,1,Mid-range
0.03556203196343534,0.6040549535917551,-0.5030807039424271,0.3272350769532736,1.7004287288336473,-1.8862980592798373,0,Economy
0.5161300314693194,-0.5464965615441298,0.41158747195026263,-0.04520490250698953,1.7004287288336473,-1.8862980592798373,0,Economy
-0.9255739670483327,0.31635958172787504,-0.844087759691721,-0.2314248922371213,-0.2660642677923669,0.4612030122410416,3,Luxury
-0.9255739670483327,-0.5470714923432183,-1.0335131779421616,-1.1625248408877793,0.5473487444483937,0.4612030122410416,1,Mid-range
-0.9255739670483327,0.6901795872952109,0.0841819769635959,-0.2314248922371213,-1.1152316981536003,0.4612030122410416,3,Luxury
0.03556203196343534,-0.6901142751564345,-0.41911535319800086,-1.1625248408877793,0.672489207870049,-1.5625048080355781,0,Economy
-0.9255739670483327,0.31474977549042726,-0.5078305372700476,-0.2314248922371213,-1.7856270379124688,0.4612030122410416,3,Luxury
-0.9255739670483327,-0.028483911565400886,-0.6348369501607765,-1.1625248408877793,0.32388363119543745,0.4612030122410416,1,Mid-range
0.03556203196343534,-0.6036446829735257,-0.027538061096483574,-0.7900848614275162,0.43114688555685665,0.5421513250521064,1,Mid-range
-0.9255739670483327,1.5801724642841926,-1.2787749521037088,0.6996750564135367,-1.1152316981536003,0.4612030122410416,3,Luxury
-0.9255739670483327,1.234064123232922,-1.2715727591775883,0.6996750564135367,0.011032472641298852,0.4612030122410416,3,Luxury
0.03556203196343534,-0.4890034816352809,0.018660951831044766,-1.1625248408877793,-0.346511708563431,0.4612030122410416,1,Mid-range
0.5161300314693194,-0.22396038325548728,1.4529084046652658,0.6996750564135367,-0.17667822249118445,0.704047950674236,2,Premium
1.9578340299869714,-0.9484881762668016,0.14688394689236528,-0.6038648716973845,0.011032472641298852,-1.4006081824134484,0,Economy
-0.44500596754244864,0.3141748446913388,-1.1711292728853473,0.6996750564135367,-0.346511708563431,0.5421513250521064,3,Luxury
-0.9255739670483327,-0.22396038325548728,-0.9501845802162932,2.561874953714853,-0.6593628671175696,0.4612030122410416,3,Luxury
0.9966980309752034,-0.5171750907906169,-0.42943716656393555,-0.2314248922371213,1.8792008194360121,-1.8862980592798373,0,Economy
0.5161300314693194,-0.22499525869384657,1.842949745228775,0.6996750564135367,0.672489207870049,-1.4006081824134484,0,Economy
2.4384020294928552,0.0863872620924793,0.30803077968350506,0.6996750564135367,-1.9375833149244786,2.9706007093840503,2,Premium
0.03556203196343534,-1.0863565818882215,0.2029751363919803,-0.7900848614275162,0.21662037683401889,-1.4006081824134484,0,Economy
0.9966980309752034,-0.7531266907365329,1.72127281429804,0.6996750564135367,1.2177440842072627,-1.5625048080355781,0,Economy
-0.44500596754244864,1.5073862251195898,-0.417202942949697,0.6996750564135367,-0.08729217719000198,0.5421513250521064,3,Luxury
0.03556203196343534,-0.18371522731929302,-0.5196448871954522,0.6996750564135367,0.9317087392434786,-1.4006081824134484,0,Economy
-0.44500596754244864,-0.028483911565400886,-0.4188292445781759,-1.1625248408877793,0.32388363119543745,0.4612030122410416,1,Mid-range
1.9578340299869714,-0.22396038325548728,-0.23704833755390928,-1.1625248408877793,0.9317087392434786,-1.8862980592798373,0,Economy
1.9578340299869714,-0.028713883885036283,-0.5452324961506501,2.561874953714853,-0.9990298392620627,1.9182726428402077,2,Premium
0.03556203196343534,-0.3510200898540434,-0.6703488381011584,-0.2314248922371213,1.8792008194360121,0.299306386618912,1,Mid-range
0.03556203196343534,-0.20153808209103619,-1.0274123956427355,-0.2314248922371213,2.031157096448023,-1.8862980592798373,0,Economy
0.5161300314693194,-0.2596060927989736,-0.324937430560664,-0.4176448819672531,0.32388363119543745,-1.4006081824134484,0,Economy
0.03556203196343534,-0.5253391081376735,0.6308129314692107,-0.4176448819672531,0.5473487444483937,-1.5625048080355781,0,Economy
0.03556203196343534,-0.948373190106984,-0.2188694360173374,-1.1625248408877793,1.2177440842072627,-1.8862980592798373,0,Economy
-0.44500596754244864,0.43031086610721364,-1.1129212270993754,0.6996750564135367,-0.6593628671175696,0.4612030122410416,3,Luxury
-0.44500596754244864,-0.20153808209103619,-0.6866269127343587,-1.1625248408877793,-0.08729217719000198,0.4612030122410416,1,Mid-range
-0.44500596754244864,0.025559583548917117,-0.03793585067486018,-0.2314248922371213,0.10935712247259968,0.4612030122410416,1,Mid-range
0.9966980309752034,-1.0940606545960072,2.373863304125823,-1.1625248408877793,0.9317087392434786,-1.8862980592798373,0,Economy
1.4772660304810874,-0.028598897725218585,0.10294252789211959,0.6996750564135367,0.7976296712917049,-1.4006081824134484,0,Economy
0.03556203196343534,-0.2596060927989736,0.026069659249670526,-0.4176448819672531,0.011032472641298852,0.4612030122410416,1,Mid-range
-0.9255739670483327,1.2938569263381248,-0.7374488386243225,2.561874953714853,-1.526407506539039,0.4612030122410416,3,Luxury
-0.9255739670483327,-0.0329683717982911,-0.9208337079689844,-1.1625248408877793,-0.864950771310289,0.4612030122410416,1,Mid-range
-0.9255739670483327,1.5807473950832809,-0.9465447622858881,0.6996750564135367,-1.3833898340571478,0.4612030122410416,3,Luxury
-0.44500596754244864,-0.31652424190873407,0.28651132420666897,-1.1625248408877793,0.32388363119543745,0.4612030122410416,1,Mid-range
0.03556203196343534,0.05200640030698763,-0.1776999114593634,0.6996750564135367,0.43114688555685665,0.4612030122410416,2,Premium
1.4772660304810874,-0.25903116199988513,0.9015018025204671,0.6996750564135367,0.672489207870049,-1.4006081824134484,0,Economy
1.4772660304810874,-1.1783455097423796,0.488511538977312,-0.7900848614275162,-0.08729217719000198,-1.4006081824134484,0,Economy
1.4772660304810874,-0.7186308427912236,0.7800712809273802,0.3272350769532736,1.7004287288336473,-1.8862980592798373,0,Economy
0.5161300314693194,0.4878039460160626,0.3855124358403186,0.6996750564135367,0.20768177230390053,0.13740976099678243,2,Premium
0.03556203196343534,-1.1214273606326193,0.532993900185891,-0.7900848614275162,0.21662037683401889,-1.4006081824134484,0,Economy
1.4772660304810874,-0.7528967184168975,0.9150994911363595,-0.4176448819672531,-0.17667822249118445,-1.4006081824134484,0,Economy
5.802378026034043,-1.6986578829174626,1.01136751253326,-0.04520490250698953,-1.6604865744908128,0.4612030122410416,2,Premium
0.03556203196343534,-0.7760089365402548,-0.7691316036828362,-0.7900848614275162,0.32388363119543745,0.4612030122410416,1,Mid-range
0.5161300314693194,-0.7419730332342163,0.014824084655707517,-0.6038648716973845,-0.024721945479174005,-1.4006081824134484,0,Economy
1.4772660304810874,-0.9713704220705235,1.2050781065031841,-0.4176448819672531,-0.17667822249118445,0.13740976099678243,2,Premium
0.03556203196343534,-0.028483911565400886,0.774288875137233,0.6996750564135367,0.7976296712917049,0.4612030122410416,2,Premium
-1.4061419665542167,2.6731159133514106,-0.8277989290953692,0.6996750564135367,-2.0716623828762524,0.4612030122410416,3,Luxury
-1.4061419665542167,0.9547627410357337,-0.23943913994791233,-0.2314248922371213,-1.329758206876438,0.5421513250521064,3,Luxury
-0.9255739670483327,0.5288540050709807,-0.7432570587260325,0.6996750564135367,-0.6593628671175696,0.4612030122410416,3,Luxury
0.9966980309752034,0.2003385464718179,-0.1196513472724809,0.6996750564135367,-1.3833898340571478,1.3516344531627542,2,Premium
-0.9255739670483327,0.20137342191017718,-0.8148143303791018,-0.04520490250698953,0.21662037683401889,0.4612030122410416,1,Mid-range
-0.9255739670483327,1.6193827447820275,-1.270023900483799,0.6996750564135367,-0.5878540308766232,0.4612030122410416,3,Luxury
-0.9255739670483327,0.0535012203846177,-1.027317743167004,-1.1625248408877793,-0.5074065901055592,0.4612030122410416,1,Mid-range
0.5161300314693194,-0.7631304866406726,-0.5536767546062132,-1.1625248408877793,0.21662037683401889,-1.4006081824134484,0,Economy
-0.44500596754244864,0.14342039736205744,0.5014541894372894,1.6307750050641947,-2.1074168009967256,0.4612030122410416,2,Premium
0.5161300314693194,-0.3735573771783122,1.0629754842103218,0.6996750564135367,0.5473487444483937,-1.4006081824134484,0,Economy
0.03556203196343534,-0.3159493111096456,-0.04602971294622485,-1.1625248408877793,0.43114688555685665,0.5421513250521064,1,Mid-range
-0.9255739670483327,0.20148840806999488,-1.200170373393898,-1.1625248408877793,-0.5878540308766232,0.4612030122410416,1,Mid-range
0.03556203196343534,0.4883788768151511,-0.2188694360173374,-0.4176448819672531,-0.2660642677923669,0.5421513250521064,2,Premium
0.03556203196343534,-0.6039896414529787,-0.9357371705114467,-0.6038648716973845,-0.024721945479174005,-1.4006081824134484,0,Economy
-0.44500596754244864,-0.4887735093156455,-0.7266745903356502,-1.1625248408877793,0.9317087392434786,0.4612030122410416,1,Mid-range
0.5161300314693194,-0.34021139083117985,-0.19263779308391013,0.6996750564135367,0.43114688555685665,0.13740976099678243,2,Premium
0.03556203196343534,-0.7189758012706766,0.39626409660637296,-1.1625248408877793,0.43114688555685665,-1.5625048080355781,0,Economy
0.03556203196343534,0.41938718092453237,-0.5748186757764382,0.6996750564135367,0.7976296712917049,0.4612030122410416,2,Premium
0.03556203196343534,1.9261658191756454,-0.15324515363853378,2.561874953714853,-1.526407506539039,0.4612030122410416,3,Luxury
-0.9255739670483327,-0.4895784124343694,-1.0060983790620894,-0.7900848614275162,-0.6593628671175696,0.4612030122410416,1,Mid-range
0.9966980309752034,-1.1801852882994628,-0.3170745085963064,-1.1625248408877793,1.2177440842072627,-1.8862980592798373,0,Economy
3.8801060280105073,-1.6095436090587467,1.9092773410569315,-0.04520490250698953,1.07472641172537,-1.5625048080355781,0,Economy
0.03556203196343534,-0.2596060927989736,-0.18842145552859468,-1.1625248408877793,0.32388363119543745,0.5421513250521064,1,Mid-range
-0.9255739670483327,-0.22396038325548728,0.16181851898978808,0.6996750564135367,-0.6593628671175696,0.4612030122410416,2,Premium
0.03556203196343534,0.9431491388941462,-0.3082256754932027,0.6996750564135367,-0.43589775386461344,0.4612030122410416,2,Premium
0.03556203196343534,-0.31652424190873407,0.6479192152650626,-0.4176448819672531,-0.08729217719000198,0.4612030122410416,2,Premium
0.5161300314693194,0.3733927169974532,0.2993184495309399,2.561874953714853,0.10935712247259968,0.5421513250521064,2,Premium
-0.9255739670483327,1.005241665195703,-1.029795917077067,-0.2314248922371213,-1.329758206876438,0.4612030122410416,3,Luxury
0.03556203196343534,-0.08655192227333831,-0.3359932699646377,-0.04520490250698953,1.5305952427614014,0.5421513250521064,1,Mid-range
1.4772660304810874,-0.8007309609010599,1.0948961711737426,0.6996750564135367,1.2177440842072627,0.4612030122410416,2,Premium
0.03556203196343534,-0.8336170026089215,-0.6366783710522816,-0.7900848614275162,-0.08729217719000198,0.13740976099678243,1,Mid-range
-0.9255739670483327,0.00578196406027308,-1.2778456368874351,-1.1625248408877793,-0.2660642677923669,0.5421513250521064,1,Mid-range
-0.44500596754244864,0.43088579690630213,-0.3329740711080636,0.6996750564135367,0.10935712247259968,0.4612030122410416,2,Premium
0.03556203196343534,-0.6666570985536241,-0.0638587974658444,-0.04520490250698953,-0.6593628671175696,0.4612030122410416,2,Premium
0.03556203196343534,-0.6034147106538903,-0.09897486596225821,-0.2314248922371213,2.031157096448023,-1.8862980592798373,0,Economy
-1.4061419665542167,0.8626588270217577,-1.1891992909795568,-0.2314248922371213,-1.0526614664427723,0.4612030122410416,3,Luxury
-1.4061419665542167,1.5801724642841926,-1.2540706559377683,0.6996750564135367,-2.1342326145870802,0.4612030122410416,3,Luxury
0.9966980309752034,-0.91410731448131,-0.6330698431964986,-1.1625248408877793,0.9317087392434786,-1.8862980592798373,0,Economy
-0.9255739670483327,0.7172013348523698,0.0841819769635959,-0.2314248922371213,-1.0526614664427723,0.4612030122410416,3,Luxury
0.5161300314693194,-0.6275618042156068,-0.23004273053892352,-0.04520490250698953,1.8792008194360121,-1.8862980592798373,0,Economy
-0.9255739670483327,-0.3513650483334965,0.0841819769635959,-0.2314248922371213,-0.6593628671175696,0.4612030122410416,2,Premium
0.03556203196343534,0.3733927169974532,-0.6470987481532756,0.6996750564135367,-1.526407506539039,0.4612030122410416,3,Luxury
0.03556203196343534,-0.25903116199988513,-0.8579156259190516,-0.4176448819672531,-0.08729217719000198,-1.4006081824134484,0,Economy
0.5161300314693194,-0.14404500218218727,1.073166974415456,0.6996750564135367,0.32388363119543745,0.13740976099678243,2,Premium
0.5161300314693194,-0.3736723633381299,0.14227192227416638,0.3272350769532736,2.075850119098614,-1.8862980592798373,0,Economy
0.9966980309752034,-0.5115407689595497,0.8680558417570033,-0.4176448819672531,0.32388363119543745,-1.4006081824134484,0,Economy
-0.9255739670483327,-0.029058842364489378,-0.5825629692453851,-1.1625248408877793,-0.9990298392620627,0.4612030122410416,1,Mid-range
-0.9255739670483327,0.1727418681155704,-1.0648775664913963,-0.4176448819672531,-0.9990298392620627,0.4612030122410416,3,Luxury
-0.9255739670483327,0.15549394414291573,0.0841819769635959,-1.1625248408877793,-0.864950771310289,0.4612030122410416,1,Mid-range
-0.9255739670483327,-0.22396038325548728,-0.36014686081723096,1.6307750050641947,-2.1074168009967256,0.4612030122410416,3,Luxury
0.03556203196343534,0.3394717998512323,0.24808994823385633,0.6996750564135367,-1.0526614664427723,1.3516344531627542,2,Premium
0.9966980309752034,-1.0289784881391901,1.167738878204877,-0.04520490250698953,-0.9364596075512354,0.7849962634853007,2,Premium
-0.9255739670483327,0.05775570829787252,-0.11039339644369431,-0.2314248922371213,0.10935712247259968,0.4612030122410416,1,Mid-range
0.9966980309752034,0.7758442763593958,1.9664501052581078,4.42407485101617,-2.1968028462979077,3.375342273439374,2,Premium
-0.9255739670483327,-0.22396038325548728,-1.0996494441669677,0.6996750564135367,-0.08729217719000198,0.4612030122410416,3,Luxury
-0.9255739670483327,0.626937199395477,-1.219143892392818,-1.1625248408877793,-0.43589775386461344,0.4612030122410416,1,Mid-range
0.03556203196343534,0.2373640899331166,1.1658059338451026,0.6996750564135367,0.32388363119543745,0.4612030122410416,2,Premium
1.4772660304810874,-0.834536891887463,-0.48403942237565395,0.6996750564135367,-1.4370214612378567,1.9182726428402077,2,Premium
-0.9255739670483327,3.9959166958942074,-1.2021064467611349,0.6996750564135367,-1.9375833149244786,0.4612030122410416,3,Luxury
1.9578340299869714,-0.8333870302892861,1.1990177004346647,0.6996750564135367,0.32388363119543745,0.13740976099678243,2,Premium
-0.44500596754244864,0.3958150181619043,-0.19534829579804153,0.6996750564135367,-1.2314335570451371,0.4612030122410416,3,Luxury
1.4772660304810874,-0.22396038325548728,0.6787888295093366,0.6996750564135367,-0.9364596075512354,0.4612030122410416,2,Premium
0.5161300314693194,-0.8335020164491037,3.1656750697249008,-0.04520490250698953,1.7004287288336473,-1.8862980592798373,0,Economy
0.03556203196343534,-0.834536891887463,0.26573833257253443,-1.1625248408877793,0.9317087392434786,0.5421513250521064,1,Mid-range
0.03556203196343534,-0.9265258197416213,0.15990825993411445,-1.1625248408877793,0.9317087392434786,-1.8862980592798373,0,Economy
-1.4061419665542167,1.7365536416362615,-1.2695205214083174,0.6996750564135367,-1.481714483888448,0.4612030122410416,3,Luxury
-0.44500596754244864,-0.4081682112834393,-0.44674742253372934,-0.04520490250698953,1.2177440842072627,0.4612030122410416,1,Mid-range
0.03556203196343534,-0.781643258371322,1.1123186802862433,-0.7900848614275162,0.43114688555685665,0.4612030122410416,1,Mid-range
0.9966980309752034,-0.5459216307450413,1.808846692898249,0.6996750564135367,-0.17667822249118445,0.4612030122410416,2,Premium
-0.9255739670483327,-0.14404500218218727,-1.2786200662343299,-1.1625248408877793,0.011032472641298852,0.4612030122410416,1,Mid-range
0.5161300314693194,-0.7185158566314058,0.23708530721448273,-0.2314248922371213,1.7004287288336473,-1.8862980592798373,0,Economy
-1.4061419665542167,0.94245922193524,-0.8942062455915887,-0.2314248922371213,-1.0526614664427723,0.4612030122410416,3,Luxury
0.03556203196343534,-1.1214273606326193,1.0441344786774263,-1.1625248408877793,0.43114688555685665,0.4612030122410416,1,Mid-range
0.03556203196343534,-0.7758939503804371,0.27971247989872255,-0.2314248922371213,1.7004287288336473,-1.8862980592798373,0,Economy
0.03556203196343534,0.5452970259249116,0.523477023989607,2.561874953714853,-1.3833898340571478,0.4612030122410416,2,Premium
-0.44500596754244864,-0.17796591932840813,-0.9535436675084488,-1.1625248408877793,-0.5878540308766232,0.4612030122410416,1,Mid-range
-0.9255739670483327,1.3503151308086143,-0.9707844008436918,0.6996750564135367,-0.43589775386461344,0.4612030122410416,3,Luxury
-0.9255739670483327,0.8908304361770937,-1.0472205773821974,0.6996750564135367,-1.329758206876438,0.4612030122410416,3,Luxury
0.5161300314693194,-0.0982805105747435,-0.6849192960244559,0.6996750564135367,-1.526407506539039,1.9182726428402077,2,Premium
-0.44500596754244864,-1.0288635019793724,-1.0948963840504016,-1.1625248408877793,0.21662037683401889,0.4612030122410416,1,Mid-range
-0.9255739670483327,-0.3975894845802111,-0.7070137652913613,-1.1625248408877793,-0.5878540308766232,0.4612030122410416,1,Mid-range
-0.9255739670483327,-0.35044515905495494,0.14005705434204752,-1.1625248408877793,0.43114688555685665,0.4612030122410416,1,Mid-range
-0.9255739670483327,1.1880696593058426,-0.256063556594585,0.6996750564135367,0.43114688555685665,0.4612030122410416,3,Luxury
0.9966980309752034,-0.08655192227333831,-0.05183949755166616,0.6996750564135367,-1.4370214612378567,1.9182726428402077,2,Premium
0.9966980309752034,-0.8564992484126434,0.7902890547951965,-0.04520490250698953,1.7004287288336473,-1.8862980592798373,0,Economy
-0.9255739670483327,0.719041113409453,-0.9662927106317025,0.6996750564135367,-0.43589775386461344,0.4612030122410416,3,Luxury
-0.9255739670483327,1.9205314973445782,-1.271727645046967,0.6996750564135367,0.011032472641298852,0.4612030122410416,3,Luxury
-0.9255739670483327,3.880355605277421,-1.2408279141058691,2.561874953714853,-1.8571358741534145,0.4612030122410416,3,Luxury
-0.44500596754244864,-0.374017321817583,-0.5120027753764429,-0.2314248922371213,1.8792008194360121,0.3802546994299768,1,Mid-range
0.03556203196343534,-0.20211301289012468,-0.12132145500543018,-0.4176448819672531,0.10935712247259968,-1.4006081824134484,0,Economy
0.5161300314693194,-0.22396038325548728,-0.08887974918695989,-0.2314248922371213,2.075850119098614,-1.8862980592798373,0,Economy
1.4772660304810874,-0.22396038325548728,1.587936614874245,-0.6038648716973845,-0.2660642677923669,0.13740976099678243,2,Premium
-0.44500596754244864,-0.17221661133752325,-0.18199906993094436,-1.1625248408877793,-0.08729217719000198,0.4612030122410416,1,Mid-range
0.03556203196343534,-0.0872418392322445,-0.5787338463635169,-0.4176448819672531,-0.08729217719000198,0.5421513250521064,1,Mid-range
-0.9255739670483327,0.4878039460160626,-1.0024585611316843,0.6996750564135367,-0.346511708563431,0.4612030122410416,3,Luxury
0.03556203196343534,-1.1214273606326193,-0.19613132991545695,-1.1625248408877793,1.2266826887373805,0.4612030122410416,1,Mid-range
0.03556203196343534,0.4602072676598151,0.5967208306648027,-0.2314248922371213,0.10935712247259968,0.4612030122410416,2,Premium
0.03556203196343534,0.575193427477513,-0.1976973981502887,0.6996750564135367,-0.9364596075512354,0.7849962634853007,2,Premium
0.9966980309752034,-0.7988911823439767,0.337043719124896,-0.7900848614275162,0.43114688555685665,-1.5625048080355781,0,Economy
-0.44500596754244864,-0.4884285508361924,-0.35147325213201047,-1.1625248408877793,0.43114688555685665,0.4612030122410416,1,Mid-range
0.5161300314693194,-0.7760089365402548,0.3215445717868174,-0.04520490250698953,1.07472641172537,-1.5625048080355781,0,Economy
-0.44500596754244864,-0.22396038325548728,-0.15726573266449528,-0.2314248922371213,0.32388363119543745,0.5421513250521064,1,Mid-range
-0.9255739670483327,2.155103263372682,-1.2787749521037088,0.6996750564135367,-0.08729217719000198,0.4612030122410416,3,Luxury
-0.9255739670483327,-0.22396038325548728,-0.10024837199937363,-0.04520490250698953,0.21662037683401889,0.4612030122410416,1,Mid-range
1.4772660304810874,-0.7212755244670306,1.0956189718975113,0.6996750564135367,1.2177440842072627,-1.5625048080355781,0,Economy
-0.9255739670483327,-0.3160642972694633,-0.0732207877927494,-0.04520490250698953,1.2177440842072627,0.4612030122410416,1,Mid-range
-0.9255739670483327,0.14284546656296895,-0.886216716162792,-0.2314248922371213,-1.3386968114065565,0.5421513250521064,3,Luxury
1.9578340299869714,-0.8914550409972235,0.09655199649303291,-0.4176448819672531,-0.6593628671175696,0.4612030122410416,2,Premium
0.03556203196343534,-0.6264119426174298,-0.4477864485741464,-0.2314248922371213,0.7976296712917049,-1.4006081824134484,0,Economy
-0.9255739670483327,-0.45393270289088306,-0.09784764102400052,-1.1625248408877793,-0.5878540308766232,0.4612030122410416,1,Mid-range
0.5161300314693194,-0.5132655613568151,-0.9542890557548349,-0.2314248922371213,1.7004287288336473,-1.8862980592798373,0,Economy
0.03556203196343534,-0.22396038325548728,-0.31707998435936535,-1.1625248408877793,0.9317087392434786,-1.8862980592798373,0,Economy
-1.4061419665542167,1.0062765406340624,-1.174291526051834,0.6996750564135367,-0.43589775386461344,0.4612030122410416,3,Luxury
0.5161300314693194,0.05085653870881065,-0.324937430560664,2.561874953714853,-0.17667822249118445,0.4612030122410416,2,Premium
0.5161300314693194,-0.9368745741252141,-0.8758471072078721,-0.7900848614275162,0.20768177230390053,-1.4006081824134484,0,Economy
0.03556203196343534,-0.374017321817583,1.4140879824595394,-0.7900848614275162,-0.6593628671175696,0.5421513250521064,2,Premium
-0.9255739670483327,4.39733337981779,-0.466398567211182,2.561874953714853,-2.0716623828762524,0.4612030122410416,3,Luxury
1.4772660304810874,-1.0219643323903105,-0.014648114855948025,-1.1625248408877793,0.9317087392434786,-1.8862980592798373,0,Economy
-0.9255739670483327,0.7418083730533572,-0.13695632304218208,2.561874953714853,-1.3833898340571478,0.4612030122410416,3,Luxury
-0.9255739670483327,0.3739676477965417,-0.89233470800326,-0.2314248922371213,-1.3386968114065565,0.4612030122410416,3,Luxury
-1.4061419665542167,0.31589963708860425,-1.23437433621508,-0.04520490250698953,1.07472641172537,0.4612030122410416,3,Luxury
-0.9255739670483327,0.40731363414367405,-1.0859420447269317,-1.1625248408877793,-0.864950771310289,0.4612030122410416,3,Luxury
0.03556203196343534,0.31532470628951575,-1.2716588068827988,-0.2314248922371213,-0.5074065901055592,0.4612030122410416,2,Premium
1.9578340299869714,-1.0633593499246818,0.5295652300859637,-1.1625248408877793,0.672489207870049,-1.5625048080355781,0,Economy
-0.9255739670483327,0.8912903808163645,-0.48963144761802263,0.6996750564135367,-1.6157935518402216,0.4612030122410416,3,Luxury
0.9966980309752034,-0.2613308851962391,0.7732868104974634,0.6996750564135367,0.7976296712917049,-1.4006081824134484,0,Economy
0.5161300314693194,-0.6164081467132901,-0.09495127526661438,-0.2314248922371213,2.7462454588574823,-1.8862980592798373,0,Economy
0.9966980309752034,-0.8333870302892861,3.1913016408403254,0.6996750564135367,0.10935712247259968,0.13740976099678243,2,Premium
0.03556203196343534,0.2584065571797553,0.03474326793489102,0.6996750564135367,-0.5074065901055592,0.704047950674236,2,Premium
-0.44500596754244864,0.14376535584151054,-0.08628444283817911,0.6996750564135367,1.07472641172537,0.4612030122410416,2,Premium
-0.44500596754244864,-0.2814534631643362,-0.78318857192529,-1.1625248408877793,-0.08729217719000198,0.4612030122410416,1,Mid-range
0.03556203196343534,0.8996843704830564,-0.7264261275868548,0.6996750564135367,-1.481714483888448,0.4612030122410416,3,Luxury
1.4772660304810874,-0.7264499016588271,0.7533276541479502,0.6996750564135367,0.7976296712917049,-1.4006081824134484,0,Economy
-0.9255739670483327,0.3729327723581824,-1.038392082827598,0.6996750564135367,-0.6593628671175696,0.4612030122410416,3,Luxury
1.9578340299869714,-0.7709495455082761,1.6060101079719344,0.6996750564135367,-0.6772400761778057,1.432582765973819,2,Premium
0.5161300314693194,-0.9964374049107816,2.3241723970956643,-0.2314248922371213,1.7004287288336473,-1.8862980592798373,0,Economy
-0.9255739670483327,0.4314607277053906,-1.0537257838961127,-0.04520490250698953,-0.5074065901055592,0.4612030122410416,3,Luxury
0.5161300314693194,-0.9725202836687005,1.3767432783981735,-0.4176448819672531,0.32388363119543745,-1.4006081824134484,0,Economy
-0.44500596754244864,-0.7184008704715882,-0.08628444283817911,-0.9763048511576475,0.7976296712917049,0.5421513250521064,1,Mid-range
-0.9255739670483327,0.028779196023812657,-0.8977557134315228,-1.1625248408877793,0.43114688555685665,0.4612030122410416,1,Mid-range
0.5161300314693194,-0.0871268530724268,0.6226814233268165,0.6996750564135367,0.672489207870049,-1.4006081824134484,0,Economy
-0.9255739670483327,0.13778607553099026,-0.112639241549689,0.6996750564135367,-0.9364596075512354,0.4612030122410416,3,Luxury
-0.44500596754244864,0.40731363414367405,-0.08628444283817911,0.6996750564135367,-0.5878540308766232,0.4612030122410416,2,Premium
0.5161300314693194,-0.4136875469546888,0.03596600582593248,-0.04520490250698953,0.32388363119543745,-1.5625048080355781,0,Economy
-0.9255739670483327,0.6016402442355835,-0.6483120207967442,0.6996750564135367,-0.6593628671175696,0.4612030122410416,3,Luxury
0.5161300314693194,0.5457569705641824,-0.07467671496491142,0.6996750564135367,-1.329758206876438,1.3516344531627542,2,Premium
0.03556203196343534,-0.4890034816352809,0.527452427970333,-0.7900848614275162,0.43114688555685665,0.4612030122410416,1,Mid-range
1.4772660304810874,-1.3519746110671036,0.13998606498524863,-0.7900848614275162,0.21662037683401889,-1.4006081824134484,0,Economy
-0.9255739670483327,1.120227825013401,-0.73342180602047,0.6996750564135367,-0.7308717033585154,0.4612030122410416,3,Luxury
0.03556203196343534,-0.7761239227000725,-0.7500978512902692,-1.1625248408877793,0.9317087392434786,-1.8862980592798373,0,Economy
0.03556203196343534,-0.7195507320697652,-0.1411984749090609,-0.7900848614275162,0.43114688555685665,0.4612030122410416,1,Mid-range
-1.4061419665542167,1.4663361660646717,-1.278736230636364,0.6996750564135367,-0.6593628671175696,0.5421513250521064,3,Luxury
-0.9255739670483327,1.2331442339543803,-1.2787749521037088,-0.2314248922371213,-0.2660642677923669,0.4612030122410416,3,Luxury
0.03556203196343534,0.7752693455603072,1.1900197580913432,0.6996750564135367,0.672489207870049,0.4612030122410416,2,Premium
0.5161300314693194,-0.7184008704715882,0.35802793831902624,-1.1625248408877793,0.43114688555685665,-1.5625048080355781,0,Economy
0.03556203196343534,-1.0426618411574962,0.9792028803255675,-0.7900848614275162,0.32388363119543745,-1.4006081824134484,0,Economy
0.03556203196343534,0.5452970259249116,0.0417303415979852,0.3272350769532736,1.7004287288336473,0.299306386618912,2,Premium
0.5161300314693194,0.1667625878050501,1.6895352916089375,0.6996750564135367,0.10935712247259968,0.4612030122410416,2,Premium
0.9966980309752034,-0.9541224980978689,0.3741036835072016,-1.1625248408877793,-0.2660642677923669,0.13740976099678243,1,Mid-range
-0.9255739670483327,0.31589963708860425,-0.0211016927467366,-0.2314248922371213,-1.7856270379124688,0.4612030122410416,3,Luxury
0.03556203196343534,-1.0988900733083504,0.2408619409961725,-1.1625248408877793,0.7976296712917049,-1.5625048080355781,0,Economy
0.03556203196343534,-0.6379105585991997,0.14798204799193626,-1.1625248408877793,-0.2660642677923669,0.4612030122410416,1,Mid-range
0.9966980309752034,-0.6844799533253673,-0.10949928256137041,-0.2314248922371213,1.7004287288336473,-1.8862980592798373,0,Economy
0.9966980309752034,-0.7189758012706766,0.67901059791322,-0.04520490250698953,1.2177440842072627,-1.8862980592798373,0,Economy
1.4772660304810874,-1.0702585195137437,0.16605206608614573,-1.1625248408877793,0.9317087392434786,-1.8862980592798373,0,Economy
-0.9255739670483327,1.8986841269792156,-1.0712278871359326,0.6996750564135367,-1.8571358741534145,0.4612030122410416,3,Luxury
0.03556203196343534,0.27691932891040466,1.2020664368208158,2.561874953714853,-0.17667822249118445,0.5421513250521064,2,Premium
0.03556203196343534,-0.22396038325548728,0.6780359120887446,-0.7900848614275162,-0.7308717033585154,0.5421513250521064,2,Premium
1.4772660304810874,-0.9912630277189852,2.005534733031424,0.6996750564135367,0.43114688555685665,-1.4006081824134484,0,Economy
0.03556203196343534,-0.22396038325548728,-0.07891714587768581,-0.4176448819672531,0.011032472641298852,0.5421513250521064,1,Mid-range
-1.4061419665542167,0.41996211172362086,-1.2741283760223407,-1.1625248408877793,-0.346511708563431,0.5421513250521064,1,Mid-range
0.03556203196343534,-0.6269868734165184,-0.07500197529060715,-0.7900848614275162,0.32388363119543745,0.4612030122410416,1,Mid-range
-1.4061419665542167,2.01734984391108,-1.2654547673371201,0.6996750564135367,-2.009092151165425,0.4612030122410416,3,Luxury
-0.9255739670483327,1.6039745993664558,-0.8760716917184715,0.6996750564135367,-1.3833898340571478,0.4612030122410416,3,Luxury
0.03556203196343534,-0.7419730332342163,4.728129300937539,0.6996750564135367,1.5305952427614014,0.4612030122410416,2,Premium
0.03556203196343534,-0.07884784956555256,-0.20414237127055684,0.6996750564135367,0.43114688555685665,0.13740976099678243,2,Premium
0.5161300314693194,0.028779196023812657,-0.0002463104348629458,0.6996750564135367,-1.2314335570451371,1.3516344531627542,2,Premium
-0.9255739670483327,0.31532470628951575,-0.6447496458010284,-1.1625248408877793,-0.5074065901055592,0.4612030122410416,1,Mid-range
0.03556203196343534,-0.8911100825177704,0.16575089911790933,-0.6038648716973845,0.24343619042437337,-1.4006081824134484,0,Economy
-0.9255739670483327,-0.8333870302892861,-0.5055072492293637,-0.7900848614275162,0.20768177230390053,0.4612030122410416,1,Mid-range
0.03556203196343534,-0.029748759323395563,-0.21546624927626126,-0.04520490250698953,2.075850119098614,0.299306386618912,1,Mid-range
0.03556203196343534,0.2009134772709064,-0.2658815997591054,-0.4176448819672531,-0.2660642677923669,0.4612030122410416,2,Premium
-0.9255739670483327,0.9465987236886771,-0.9365546237109466,0.6996750564135367,0.9317087392434786,0.4612030122410416,3,Luxury
0.03556203196343534,-0.83568675348564,0.35958195987512803,-1.1625248408877793,0.9317087392434786,-1.8862980592798373,0,Economy
0.03556203196343534,-0.8931798333944889,-0.6530016207307174,-0.7900848614275162,0.32388363119543745,0.4612030122410416,1,Mid-range
-0.9255739670483327,1.7882974135542256,-1.110104240350046,0.6996750564135367,-1.8213814560329415,0.5421513250521064,3,Luxury
0.5161300314693194,-0.9489481209060724,0.2759539161351272,-0.7900848614275162,-0.08729217719000198,0.13740976099678243,1,Mid-range
0.5161300314693194,0.43088579690630213,-0.324937430560664,0.6996750564135367,0.10935712247259968,0.13740976099678243,2,Premium
0.03556203196343534,-0.25868620352043203,-0.20619030665456714,0.14101508722314182,0.5741645580387488,0.4612030122410416,2,Premium
-1.4061419665542167,1.1208027558124893,-1.1905545423366224,-0.04520490250698953,-1.7409340152618775,0.4612030122410416,3,Luxury
0.9966980309752034,-0.2011931236115831,-0.331563377650027,0.6996750564135367,-0.6593628671175696,0.4612030122410416,2,Premium
-0.9255739670483327,0.31647456788769274,-0.692222164765673,-1.1625248408877793,0.32388363119543745,0.4612030122410416,1,Mid-range
-0.9255739670483327,0.7706698991675994,-0.8925670368073283,-0.2314248922371213,-1.4370214612378567,0.4612030122410416,3,Luxury
0.5161300314693194,-0.3274479270914154,3.3594760137852964,0.6996750564135367,-0.08729217719000198,0.5421513250521064,2,Premium
-0.44500596754244864,-0.948373190106984,-0.6969945856159113,-1.1625248408877793,0.7976296712917049,0.5421513250521064,1,Mid-range
0.9966980309752034,-0.25903116199988513,1.1614307991610806,0.6996750564135367,-0.5074065901055592,0.4612030122410416,2,Premium
-0.9255739670483327,0.668447203089666,-0.9315982758908206,-0.04520490250698953,-0.346511708563431,0.4612030122410416,3,Luxury
0.03556203196343534,-0.2601810235980621,-1.1502885186833591,-1.1625248408877793,0.32388363119543745,0.4612030122410416,1,Mid-range
-0.9255739670483327,1.925130943737286,-0.6870334881414784,0.6996750564135367,-2.035907964755779,0.4612030122410416,3,Luxury
-0.44500596754244864,-0.6039896414529787,1.1599030612676609,-1.1625248408877793,0.9317087392434786,0.5421513250521064,1,Mid-range
-0.9255739670483327,0.24644799655871474,-0.7691229989123153,-0.2314248922371213,-0.864950771310289,0.5421513250521064,3,Luxury
-0.9255739670483327,0.2802539275451179,-0.3949187384928024,0.6996750564135367,1.7004287288336473,0.4612030122410416,3,Luxury
-0.44500596754244864,-0.5231543711011372,-0.6166959427097685,-1.1625248408877793,0.011032472641298852,0.4612030122410416,1,Mid-range
0.03556203196343534,-1.087621429646216,0.1039514372357133,-1.1625248408877793,0.43114688555685665,0.4612030122410416,1,Mid-range
1.9578340299869714,-1.584246653898853,1.4726533744366694,-0.6038648716973845,0.32388363119543745,0.13740976099678243,1,Mid-range
0.03556203196343534,-0.09172629946513472,-0.677215444976958,-0.04520490250698953,1.5305952427614014,0.4612030122410416,1,Mid-range
1.4772660304810874,-1.2277895584639897,0.3757546260694455,-0.7900848614275162,0.20768177230390053,-1.4006081824134484,0,Economy
-0.9255739670483327,0.8908304361770937,-1.27567723471613,0.6996750564135367,-1.9018288968040058,0.5421513250521064,3,Luxury
0.5161300314693194,-0.7195507320697652,2.0076941001936817,0.6996750564135367,0.7976296712917049,-1.4006081824134484,0,Economy
-0.44500596754244864,-0.25845623120079664,-0.46029993610438635,-1.1625248408877793,0.32388363119543745,0.4612030122410416,1,Mid-range
0.9966980309752034,-1.0634743360844996,1.9444211104723488,-0.2314248922371213,1.7004287288336473,-1.8862980592798373,0,Economy
-0.9255739670483327,-0.6183629114301911,-0.8903211917013337,-0.2314248922371213,-0.6593628671175696,0.4612030122410416,3,Luxury
-0.9255739670483327,0.7522721135967677,-0.8148917733137913,-0.2314248922371213,-1.0526614664427723,0.5421513250521064,3,Luxury
0.5161300314693194,-0.5459216307450413,0.9258782569295555,-0.4176448819672531,-0.17667822249118445,0.13740976099678243,2,Premium
1.4772660304810874,-1.4485629853139697,3.2591874133624343,-0.04520490250698953,0.43114688555685665,0.13740976099678243,0,Economy
0.03556203196343534,-0.6605628320832861,-0.799489234081108,-1.1625248408877793,0.9317087392434786,0.4612030122410416,1,Mid-range
-0.9255739670483327,1.4076932245576457,-1.2787749521037088,0.6996750564135367,-1.1152316981536003,0.4612030122410416,3,Luxury
-0.9255739670483327,-0.7218504552661191,0.01444461427572922,-0.7900848614275162,0.20768177230390053,0.4612030122410416,1,Mid-range
0.03556203196343534,-0.8736321862254803,0.9310161654076757,-1.1625248408877793,-0.2660642677923669,0.4612030122410416,1,Mid-range
-1.4061419665542167,1.638585433471583,-1.2786458805458931,0.6996750564135367,-2.009092151165425,0.5421513250521064,3,Luxury
-0.9255739670483327,-0.0877017838715153,-0.01947539111825776,-1.1625248408877793,-0.5074065901055592,0.4612030122410416,1,Mid-range
0.03556203196343534,-0.7886574141202016,0.8499420175583229,-1.1625248408877793,0.43114688555685665,0.4612030122410416,1,Mid-range
2.4384020294928552,-1.2024926033040964,1.6632821367492074,-0.04520490250698953,0.7976296712917049,-1.4006081824134484,0,Economy
-1.4061419665542167,2.0411519789933434,-1.234283986124609,0.6996750564135367,-2.1342326145870802,0.4612030122410416,3,Luxury
0.9966980309752034,-0.8911100825177704,-0.1528180441199435,-1.1625248408877793,0.32388363119543745,-1.5625048080355781,0,Economy
0.03556203196343534,-0.563169554717696,0.4545700216570219,-0.2314248922371213,2.7462454588574823,-1.8862980592798373,0,Economy
-0.9255739670483327,-0.06412962110888723,-0.9697776426927286,-1.1625248408877793,-0.864950771310289,0.4612030122410416,1,Mid-range
-0.9255739670483327,-0.22396038325548728,-0.11867979045546719,0.6996750564135367,-0.346511708563431,0.4612030122410416,2,Premium
-0.44500596754244864,-0.7186308427912236,-0.23431177231368047,-1.1625248408877793,0.43114688555685665,0.4612030122410416,1,Mid-range
0.5161300314693194,-0.4890034816352809,1.4982280100455432,0.6996750564135367,1.2177440842072627,-1.5625048080355781,0,Economy
0.03556203196343534,-0.8563842622528256,-0.3158150830927706,-0.7900848614275162,-0.08729217719000198,0.5421513250521064,1,Mid-range
-0.9255739670483327,-0.14347007138309878,-0.9240863112259421,-0.2314248922371213,-1.6157935518402216,0.4612030122410416,3,Luxury
0.03556203196343534,-0.6045645722520673,1.6706220060036652,-0.04520490250698953,1.7004287288336473,-1.8862980592798373,0,Economy
-0.9255739670483327,-0.22396038325548728,-1.1571121017065535,0.6996750564135367,-0.8023805395994617,0.4612030122410416,3,Luxury
-0.9255739670483327,0.6493595005599281,-0.8508252950097047,0.6996750564135367,1.2177440842072627,0.4612030122410416,3,Luxury
0.5161300314693194,0.2009134772709064,0.6232235238696427,-0.4176448819672531,-0.6593628671175696,0.4612030122410416,2,Premium
0.5161300314693194,-0.6614827213618277,0.9832324943605761,-0.2314248922371213,1.7004287288336473,-1.8862980592798373,0,Economy
0.03556203196343534,-0.25719138344280196,0.08636328629068242,0.6996750564135367,0.9317087392434786,0.4612030122410416,2,Premium
0.5161300314693194,-0.7530117045767152,1.9595555719907083,-0.2314248922371213,2.4870259274840527,0.4612030122410416,0,Economy
1.4772660304810874,-0.7185158566314058,2.063946066520956,0.6996750564135367,-0.2660642677923669,0.704047950674236,2,Premium
-0.9255739670483327,3.4209858968057176,-1.271882530916346,2.561874953714853,-1.9018288968040058,0.4612030122410416,3,Luxury
-0.44500596754244864,-0.22396038325548728,-0.6233366743593903,0.6996750564135367,-0.5878540308766232,0.4612030122410416,2,Premium
0.03556203196343534,-0.8690327398327724,0.5550393222608261,-0.4176448819672531,-0.43589775386461344,0.5421513250521064,2,Premium
0.5161300314693194,-0.3849410070002643,0.400908091256585,0.6996750564135367,0.7976296712917049,0.4612030122410416,2,Premium
-0.44500596754244864,-0.14404500218218727,-0.08628444283817911,-1.1625248408877793,0.32388363119543745,0.5421513250521064,1,Mid-range
-0.9255739670483327,-0.14404500218218727,-0.6305001458181663,-0.04520490250698953,1.2177440842072627,0.4612030122410416,1,Mid-range
-1.4061419665542167,0.48895380761423957,-1.110775412450688,-0.2314248922371213,-1.285065184225847,0.5421513250521064,3,Luxury
0.5161300314693194,-0.25868620352043203,1.9573329597651203,0.6996750564135367,1.07472641172537,-1.5625048080355781,0,Economy
0.03556203196343534,-0.4884285508361924,1.4328808012775172,-0.2314248922371213,2.075850119098614,-1.8862980592798373,0,Economy
1.9578340299869714,-0.902263740020087,1.369320670965629,-0.04520490250698953,0.5473487444483937,0.13740976099678243,0,Economy
-0.9255739670483327,0.028434237544359562,-1.2020290038264454,-0.2314248922371213,-0.346511708563431,0.4612030122410416,3,Luxury
-0.9255739670483327,0.9695959556522167,-1.056746058349002,0.6996750564135367,-0.43589775386461344,0.4612030122410416,3,Luxury
0.9966980309752034,-0.43105045708716117,-0.41172033518702206,0.6996750564135367,-0.08729217719000198,0.4612030122410416,2,Premium
0.9966980309752034,-1.0461114259520272,0.5630010817483959,-1.1625248408877793,0.9317087392434786,-1.8862980592798373,0,Economy
-0.9255739670483327,3.132485621823114,-0.616095759965925,2.561874953714853,-1.705179597141404,0.5421513250521064,3,Luxury
0.9966980309752034,-0.02963377316357787,0.19654111479783,0.6996750564135367,0.672489207870049,0.4612030122410416,2,Premium
1.9578340299869714,-1.0635893222443171,-0.17241327283231422,-0.4176448819672531,-0.7308717033585154,0.4612030122410416,2,Premium
0.5161300314693194,-0.22683503725092974,1.1208718221841687,0.6996750564135367,0.7976296712917049,-1.4006081824134484,0,Economy
-0.9255739670483327,0.23598425601530423,-0.5800073524006328,-0.2314248922371213,-0.08729217719000198,0.5421513250521064,1,Mid-range
-1.4061419665542167,0.20137342191017718,-1.0632512648629173,-1.1625248408877793,-0.6593628671175696,0.4612030122410416,1,Mid-range
-0.9255739670483327,1.120227825013401,-0.6176446186597144,0.6996750564135367,-0.43589775386461344,0.4612030122410416,3,Luxury
0.5161300314693194,-0.22396038325548728,0.13283937282898903,-0.4176448819672531,0.10935712247259968,-1.4006081824134484,0,Economy
-0.9255739670483327,-0.8335020164491037,-0.9458477758736829,-1.1625248408877793,-0.08729217719000198,0.4612030122410416,1,Mid-range
0.5161300314693194,-0.25868620352043203,0.6736388743524869,0.6996750564135367,0.43114688555685665,0.13740976099678243,2,Premium
1.4772660304810874,-0.10954915423687789,0.02569320053937455,2.561874953714853,-1.5711005291896303,1.9182726428402077,2,Premium
-0.44500596754244864,0.13249671217937614,-0.059823160091471275,-0.4176448819672531,-0.2660642677923669,0.5421513250521064,1,Mid-range
-0.9255739670483327,0.3739676477965417,-0.831542004272027,-0.2314248922371213,-1.7856270379124688,0.4612030122410416,3,Luxury
0.9966980309752034,-0.9486031624266194,-0.027839228064720698,-0.4176448819672531,-0.7308717033585154,0.4612030122410416,2,Premium
0.03556203196343534,-0.25857121736061434,0.8068149077068099,-0.2314248922371213,0.011032472641298852,0.4612030122410416,2,Premium
-1.4061419665542167,0.11984823459942938,-1.2786458805458931,-1.1625248408877793,-0.2660642677923669,0.4612030122410416,1,Mid-range
-0.9255739670483327,1.4663361660646717,-1.278465180364951,0.6996750564135367,-0.6593628671175696,0.4612030122410416,3,Luxury
-0.9255739670483327,-0.25857121736061434,-1.0472205773821974,-1.1625248408877793,0.43114688555685665,0.5421513250521064,1,Mid-range
1.4772660304810874,-0.6036446829735257,0.5553706059258865,0.3272350769532736,1.888139423966131,-1.8862980592798373,0,Economy
-1.4061419665542167,2.2706643539894684,-1.1786283303944443,0.6996750564135367,-1.526407506539039,0.4612030122410416,3,Luxury
-0.9255739670483327,-0.0871268530724268,-1.2791621667771562,-1.1625248408877793,-0.5074065901055592,0.4612030122410416,1,Mid-range
-0.9255739670483327,0.08880197144865094,-0.3053172630570871,-1.1625248408877793,0.43114688555685665,0.4612030122410416,1,Mid-range
-0.9255739670483327,1.2938569263381248,-0.9698550856274182,-0.2314248922371213,-1.285065184225847,0.4612030122410416,3,Luxury
-1.4061419665542167,-0.5585701083249881,-0.8662880676360352,-1.1625248408877793,0.10935712247259968,0.4612030122410416,1,Mid-range
-0.9255739670483327,-0.0870118669126091,-1.1165320039292719,-1.1625248408877793,-0.864950771310289,0.5421513250521064,1,Mid-range
-0.9255739670483327,1.1151684339814223,-0.33582977932473773,0.6996750564135367,-0.5878540308766232,0.4612030122410416,3,Luxury
-0.9255739670483327,0.12076812387797096,-0.4441724449553045,-0.2314248922371213,-0.7308717033585154,0.4612030122410416,3,Luxury
1.4772660304810874,-1.1208524298335307,1.6703810724290757,-0.04520490250698953,1.7004287288336473,-1.8862980592798373,0,Economy
-0.9255739670483327,-0.07447837549248004,-0.8904760775707127,-1.1625248408877793,-0.346511708563431,0.4612030122410416,1,Mid-range
0.03556203196343534,0.31612960940823964,-0.5972254982132578,0.6996750564135367,-0.5878540308766232,0.4612030122410416,2,Premium
-0.44500596754244864,-0.22396038325548728,-0.8616576254993942,-0.2314248922371213,0.10935712247259968,0.4612030122410416,1,Mid-range
0.03556203196343534,-0.4884285508361924,0.2126124793755589,-0.2314248922371213,-0.864950771310289,0.704047950674236,2,Premium
0.03556203196343534,-0.9184767885543825,-0.42272935681684265,-0.7900848614275162,0.32388363119543745,0.4612030122410416,1,Mid-range
0.9966980309752034,0.0862722759326616,-0.09875583543990428,0.6996750564135367,-0.2660642677923669,0.4612030122410416,2,Premium
0.9966980309752034,-1.0871614850069453,5.127093397405445,0.6996750564135367,0.9317087392434786,-1.4006081824134484,0,Economy
0.03556203196343534,-0.9615965984860192,0.6780359120887446,-0.7900848614275162,0.43114688555685665,-1.5625048080355781,0,Economy
-0.9255739670483327,-0.05205607432802895,-1.1246635120716661,-1.1625248408877793,-0.2660642677923669,0.4612030122410416,1,Mid-range
0.5161300314693194,-0.834536891887463,-0.2559009264317371,-1.1625248408877793,1.0479105981350156,-1.8862980592798373,0,Economy
-0.9255739670483327,0.31589963708860425,0.0841819769635959,-0.2314248922371213,-0.7308717033585154,0.4612030122410416,3,Luxury
0.03556203196343534,-0.43197034636570275,-1.0842727192458477,-0.2314248922371213,-0.6593628671175696,0.4612030122410416,2,Premium
-0.44500596754244864,-0.43151040172643196,-0.553134654063387,-0.4176448819672531,-0.43589775386461344,0.4612030122410416,1,Mid-range
1.9578340299869714,-1.2473372056329983,-0.2786232791845093,-0.4176448819672531,-0.08729217719000198,0.13740976099678243,1,Mid-range
0.5161300314693194,-0.8053304072937678,0.7617844226160402,-0.7900848614275162,0.43114688555685665,-1.5625048080355781,0,Economy
-0.9255739670483327,3.352109187074917,-1.1082456099174987,2.561874953714853,-1.1688633253343093,0.4612030122410416,3,Luxury
-0.9255739670483327,2.437969216524219,-1.0472205773821974,0.6996750564135367,-2.0716623828762524,0.4612030122410416,3,Luxury
0.03556203196343534,0.2586365294993907,-0.4888053896480016,0.6996750564135367,-0.08729217719000198,0.4612030122410416,2,Premium
-0.44500596754244864,0.4883788768151511,-0.6019237029177523,-0.4176448819672531,-0.8023805395994617,0.5421513250521064,3,Luxury
-0.9255739670483327,0.05775570829787252,-0.34682667605064216,-0.2314248922371213,-0.7308717033585154,0.4612030122410416,3,Luxury
0.9966980309752034,-1.0290934742990079,1.4802352002104635,-0.7900848614275162,0.43114688555685665,-1.5625048080355781,0,Economy
-0.44500596754244864,-0.6611377628823746,-0.7154937666398581,-0.9763048511576475,0.011032472641298852,0.5421513250521064,1,Mid-range
0.03556203196343534,0.31647456788769274,0.38728932095291585,0.6996750564135367,0.011032472641298852,0.4612030122410416,2,Premium
0.03556203196343534,-0.638140530918835,0.5205858210945334,-0.2314248922371213,0.7976296712917049,-1.4006081824134484,0,Economy
0.03556203196343534,-0.028483911565400886,1.0309433654686535,0.6996750564135367,1.07472641172537,0.4612030122410416,2,Premium
0.5161300314693194,-0.83568675348564,1.75621365837657,-0.2314248922371213,1.7004287288336473,0.4612030122410416,0,Economy
1.9578340299869714,-1.0921058898791063,1.2553961568885978,0.14101508722314182,-0.7308717033585154,1.432582765973819,2,Premium
-0.44500596754244864,-0.2596060927989736,0.0263708262179074,-0.4176448819672531,-0.17667822249118445,0.4612030122410416,1,Mid-range
0.9966980309752034,-0.8911100825177704,-0.6387372579624098,-0.6038648716973845,0.24343619042437337,-1.4006081824134484,0,Economy
1.4772660304810874,-1.0980851701896266,0.3532574535421548,-0.04520490250698953,1.07472641172537,-1.5625048080355781,0,Economy
0.03556203196343534,0.14284546656296895,-0.6428221772043128,0.6996750564135367,0.9317087392434786,-1.4006081824134484,0,Economy
-0.9255739670483327,0.12076812387797096,-0.8632161645600197,-0.2314248922371213,-0.7308717033585154,0.4612030122410416,3,Luxury
0.5161300314693194,-0.7241501784624731,1.1110055923047306,-0.04520490250698953,0.672489207870049,-1.4006081824134484,0,Economy
0.5161300314693194,-0.8794964803761829,-0.1362051265756943,-0.2314248922371213,1.7093673333637662,-1.8862980592798373,0,Economy
1.9578340299869714,-1.1214273606326193,1.4851633869634295,0.14101508722314182,0.011032472641298852,0.5421513250521064,2,Premium
1.9578340299869714,-0.22396038325548728,0.05910535899626353,-0.04520490250698953,-0.43589775386461344,0.4612030122410416,2,Premium
0.03556203196343534,-0.25857121736061434,-0.2188694360173374,-0.7900848614275162,-0.346511708563431,0.4612030122410416,1,Mid-range
0.5161300314693194,-0.25903116199988513,1.7895528417603863,0.6996750564135367,1.369700361219272,-1.5625048080355781,0,Economy
-0.9255739670483327,0.0002626283890235818,-0.425586140629832,-0.2314248922371213,1.7004287288336473,0.4612030122410416,1,Mid-range
-0.9255739670483327,1.465761235265583,-0.9514236671713246,0.6996750564135367,-1.6604865744908128,0.4612030122410416,3,Luxury
-0.9255739670483327,1.3384715563473915,-1.2021838896958241,0.6996750564135367,-0.346511708563431,0.4612030122410416,3,Luxury
0.5161300314693194,-0.3849410070002643,1.8733615856813295,-0.4176448819672531,0.20768177230390053,-1.4006081824134484,0,Economy
0.5161300314693194,0.7183511964505468,0.36041318070746164,2.561874953714853,-0.5074065901055592,1.3516344531627542,2,Premium
-0.9255739670483327,0.3946651565637273,-0.89233470800326,-0.2314248922371213,-1.1152316981536003,0.4612030122410416,3,Luxury
0.5161300314693194,-0.5160252291924399,0.20580610589340642,-0.4176448819672531,0.011032472641298852,-1.4006081824134484,0,Economy
-1.4061419665542167,1.0966556622507728,-1.2786458805458931,-0.2314248922371213,-1.3833898340571478,0.4612030122410416,3,Luxury
-0.44500596754244864,0.48895380761423957,-0.8410578048719954,0.6996750564135367,-0.2660642677923669,0.4612030122410416,3,Luxury
-0.9255739670483327,2.038967241956807,-0.8592665748908569,0.6996750564135367,-0.08729217719000198,0.4612030122410416,3,Luxury
0.03556203196343534,0.4544579596689302,-0.7390751402528014,-0.2314248922371213,-1.526407506539039,0.4612030122410416,3,Luxury
0.9966980309752034,0.2589814879788438,1.1845439950324916,2.561874953714853,0.10935712247259968,0.4612030122410416,2,Premium
1.4772660304810874,-1.1324660319751183,0.10068377563034325,-1.1625248408877793,0.43114688555685665,-1.5625048080355781,0,Economy
0.03556203196343534,1.4571372732792558,0.0551021549877003,2.561874953714853,-0.346511708563431,0.4612030122410416,2,Premium
0.9966980309752034,-1.1214273606326193,1.023441570078027,-1.1625248408877793,0.43114688555685665,-1.5625048080355781,0,Economy
-0.44500596754244864,0.603365036632849,-0.39938138760428304,0.6996750564135367,0.21662037683401889,0.5421513250521064,3,Luxury
-0.9255739670483327,-0.04136236146498305,-1.0902014061348526,-1.1625248408877793,0.32388363119543745,0.5421513250521064,1,Mid-range
0.5161300314693194,-0.5492562293797546,1.2397002611716894,0.3272350769532736,-0.7398103078886337,0.5421513250521064,2,Premium
-0.9255739670483327,-0.6839050225262788,-0.7555704853416583,-0.2314248922371213,-0.6593628671175696,0.4612030122410416,1,Mid-range
0.5161300314693194,-0.6062893646493327,1.1356169569490435,-0.2314248922371213,2.031157096448023,-1.8862980592798373,0,Economy
-0.44500596754244864,0.6384358153772468,1.231189282649317,2.561874953714853,-0.346511708563431,0.4612030122410416,2,Premium
-0.44500596754244864,-0.6379105585991997,0.5176494431542246,-1.1625248408877793,0.9317087392434786,0.4612030122410416,1,Mid-range
0.03556203196343534,-1.1449995233952472,-0.04500574525421976,-1.1625248408877793,1.2266826887373805,-1.8862980592798373,0,Economy
1.4772660304810874,-0.5516709387359262,-1.058643410248894,0.6996750564135367,0.9317087392434786,0.13740976099678243,0,Economy
0.5161300314693194,-1.1214273606326193,-0.4978403986951063,-1.1625248408877793,0.672489207870049,-1.5625048080355781,0,Economy
0.03556203196343534,0.4314607277053906,0.7863957872603533,0.6996750564135367,-1.329758206876438,1.3516344531627542,2,Premium
-0.9255739670483327,0.0859273174532085,-1.2787749521037088,-0.2314248922371213,-1.285065184225847,0.4612030122410416,3,Luxury
-0.9255739670483327,0.02325986035256316,-1.194904253835014,-1.1625248408877793,-0.5074065901055592,0.5421513250521064,1,Mid-range
-0.44500596754244864,-0.777043811978614,-0.0350898228250222,-1.1625248408877793,0.7976296712917049,0.4612030122410416,1,Mid-range
1.4772660304810874,-0.7224253860652076,0.35858810887994647,-0.7900848614275162,-0.6593628671175696,0.5421513250521064,2,Premium
0.03556203196343534,-0.43151040172643196,-0.7559404904740635,-0.7900848614275162,0.43114688555685665,0.4612030122410416,1,Mid-range
0.9966980309752034,-0.5345380009230892,-0.5544159826191583,-0.2314248922371213,1.5305952427614014,-1.5625048080355781,0,Economy
-0.9255739670483327,1.850964870654871,-0.8253465694968695,0.6996750564135367,-0.08729217719000198,0.4612030122410416,3,Luxury
-0.9255739670483327,2.006196186408763,-1.1413137430299019,1.0721150358738003,-1.4370214612378567,0.4612030122410416,3,Luxury
0.03556203196343534,-0.9495230517051609,-0.6139703816472252,-1.1625248408877793,1.2177440842072627,0.5421513250521064,1,Mid-range
0.5161300314693194,-1.0064412008149213,-0.21394234441698293,-0.7900848614275162,-0.08729217719000198,0.13740976099678243,1,Mid-range
0.5161300314693194,1.1213776866115779,-0.2227785832650513,0.6996750564135367,-1.285065184225847,1.432582765973819,3,Luxury
-0.44500596754244864,0.48228461034481307,-0.5355163864215329,-0.2314248922371213,-0.08729217719000198,0.4612030122410416,1,Mid-range
-0.9255739670483327,-0.6390604201973766,-1.1650112810448794,-1.1625248408877793,-0.08729217719000198,0.4612030122410416,1,Mid-range
3.3995380285046233,-1.53595246677542,2.3796292826267935,0.3272350769532736,-0.5878540308766232,1.3516344531627542,2,Premium
-0.9255739670483327,1.3456006982560889,-1.0588370175856177,-0.2314248922371213,-1.526407506539039,0.4612030122410416,3,Luxury
0.03556203196343534,0.3032511595086575,1.2035722716620003,0.6996750564135367,0.5473487444483937,0.4612030122410416,2,Premium
-0.9255739670483327,1.3456006982560889,-1.2416797863874534,0.6996750564135367,-1.9733377330449515,0.4612030122410416,3,Luxury
-0.9255739670483327,0.5924413514501676,-0.03380233403580979,0.6996750564135367,-0.5878540308766232,0.4612030122410416,3,Luxury
0.03556203196343534,0.9477485852868541,-0.7606386951785579,0.6996750564135367,0.43114688555685665,0.5421513250521064,3,Luxury
-0.9255739670483327,0.5320736175458762,-0.46392039330111884,-0.2314248922371213,-0.9990298392620627,0.4612030122410416,3,Luxury
-0.44500596754244864,-0.4884285508361924,-0.11233915017776724,-1.1625248408877793,0.5473487444483937,0.4612030122410416,1,Mid-range
0.03556203196343534,-0.2826033247625132,0.8866241542895679,-0.04520490250698953,0.5473487444483937,0.4612030122410416,2,Premium
-0.9255739670483327,1.1196528942143125,-0.9048804634229539,0.6996750564135367,-0.9990298392620627,0.4612030122410416,3,Luxury
-0.9255739670483327,0.6602831857426095,-0.5377235100601829,-0.2314248922371213,-1.0526614664427723,0.4612030122410416,3,Luxury
-0.9255739670483327,0.545871956724,-1.1180808626230614,-0.04520490250698953,-0.5074065901055592,0.4612030122410416,3,Luxury
3.8801060280105073,-0.6160631882338371,-0.7180129397506392,2.561874953714853,-1.8660744786835328,3.456290586250439,2,Premium
0.03556203196343534,-0.5344230147632716,0.2936866272249117,-1.1625248408877793,0.672489207870049,0.5421513250521064,1,Mid-range
-0.44500596754244864,-0.7425479640333047,-0.7932851945354294,-1.1625248408877793,0.10935712247259968,0.4612030122410416,1,Mid-range
0.03556203196343534,-0.7184008704715882,-0.32671732734294356,-0.2314248922371213,0.7976296712917049,0.4612030122410416,1,Mid-range
-0.9255739670483327,1.0061615544742446,-0.27209424407530497,0.6996750564135367,-1.526407506539039,0.4612030122410416,3,Luxury
-0.9255739670483327,1.3511200339273384,-1.27567723471613,0.6996750564135367,-1.3833898340571478,0.4612030122410416,3,Luxury
-0.44500596754244864,0.0859273174532085,0.7678288436685532,-1.1625248408877793,0.011032472641298852,0.4612030122410416,1,Mid-range
-0.9255739670483327,1.2790237117216416,-0.7684260125001101,0.6996750564135367,-0.43589775386461344,0.4612030122410416,3,Luxury
0.03556203196343534,-0.1318564692415113,-0.2188694360173374,0.6996750564135367,0.32388363119543745,0.4612030122410416,2,Premium
-0.9255739670483327,0.6591333241444325,-0.6914477354187781,0.6996750564135367,-0.346511708563431,0.5421513250521064,3,Luxury
-1.4061419665542167,1.0058165959947916,-1.0807791824143005,0.6996750564135367,-0.43589775386461344,0.4612030122410416,3,Luxury
0.03556203196343534,0.5981906594410525,0.5207062878818282,0.6996750564135367,0.5473487444483937,0.4612030122410416,2,Premium
-0.9255739670483327,0.028894182183630355,-0.6374700099402186,-1.1625248408877793,-0.5878540308766232,0.4612030122410416,1,Mid-range
-0.9255739670483327,-0.3735573771783122,-0.13277440456895048,-0.04520490250698953,1.2177440842072627,0.4612030122410416,1,Mid-range
0.5161300314693194,-0.5469565061834006,0.6828545835805336,-0.2314248922371213,2.4870259274840527,-1.8862980592798373,0,Economy
-0.44500596754244864,2.947932835315709,-1.035604137178777,2.561874953714853,-1.8571358741534145,0.4612030122410416,3,Luxury
-0.44500596754244864,0.5941661438474332,-0.3106124237164795,0.6996750564135367,-0.5878540308766232,0.4612030122410416,3,Luxury
0.03556203196343534,-0.43197034636570275,0.03612863598878046,0.6996750564135367,0.672489207870049,-1.4006081824134484,0,Economy
-0.9255739670483327,-0.8575341238510026,-0.12665641272848274,-1.1625248408877793,0.21662037683401889,0.4612030122410416,1,Mid-range
-0.44500596754244864,-1.0064412008149213,-0.6290287300590663,-1.1625248408877793,0.7976296712917049,0.4612030122410416,1,Mid-range
-0.9255739670483327,0.12329781939396031,0.0841819769635959,-1.1625248408877793,0.43114688555685665,0.4612030122410416,1,Mid-range
1.4772660304810874,-1.1794953713405567,1.416587668295905,-0.04520490250698953,1.5305952427614014,-1.5625048080355781,0,Economy
0.03556203196343534,-0.8103897983257464,0.016673249840682063,-1.1625248408877793,0.43114688555685665,0.4612030122410416,1,Mid-range
0.9966980309752034,-0.5115407689595497,1.6123106051899576,-0.04520490250698953,1.2177440842072627,-1.5625048080355781,0,Economy
-0.9255739670483327,1.8434907702667207,-1.1052253354646095,1.0721150358738003,-1.285065184225847,0.4612030122410416,3,Luxury
0.03556203196343534,0.7758442763593958,-0.2485343823886644,0.6996750564135367,0.9317087392434786,0.4612030122410416,2,Premium
0.5161300314693194,-0.44818339489999814,0.3174788177156203,-0.2314248922371213,-0.43589775386461344,0.13740976099678243,2,Premium
-1.4061419665542167,0.8908304361770937,-1.2790976309982482,-0.2314248922371213,-0.6593628671175696,0.5421513250521064,3,Luxury
-0.9255739670483327,-0.22396038325548728,-0.7997904010493448,0.6996750564135367,1.5305952427614014,0.3802546994299768,3,Luxury
1.9578340299869714,-1.1817950945369107,-0.11207331241157352,-0.7900848614275162,-0.08729217719000198,-1.4006081824134484,0,Economy
-0.9255739670483327,0.0859273174532085,-0.5973545697710738,-0.04520490250698953,2.075850119098614,0.299306386618912,1,Mid-range
0.5161300314693194,-0.6275618042156068,0.44492665533407894,-0.7900848614275162,0.43114688555685665,-1.5625048080355781,0,Economy
0.03556203196343534,-0.028713883885036283,-0.6030681373970522,0.14101508722314182,0.20768177230390053,0.5421513250521064,2,Premium
0.5161300314693194,-0.8684578090336839,1.4134434851475124,-0.7900848614275162,0.43114688555685665,-1.5625048080355781,0,Economy
-0.9255739670483327,0.1669925601246855,-1.231689647812512,-1.1625248408877793,-0.346511708563431,0.4612030122410416,1,Mid-range
-0.9255739670483327,1.2352139848310988,-0.8757619199797136,0.6996750564135367,-1.285065184225847,0.4612030122410416,3,Luxury
0.5161300314693194,-1.1214273606326193,-0.20727450774021972,-1.1625248408877793,1.2266826887373805,-1.8862980592798373,0,Economy
-0.44500596754244864,0.7298498124323166,0.003670365987056885,0.6996750564135367,-0.5878540308766232,0.4612030122410416,2,Premium
-0.9255739670483327,0.6615480335006041,-0.8381246537206318,-0.2314248922371213,-1.1688633253343093,0.5421513250521064,3,Luxury
-1.4061419665542167,3.3049648615496605,-0.7374488386243225,2.561874953714853,-1.9018288968040058,0.4612030122410416,3,Luxury
-0.9255739670483327,0.005896950220090778,-0.9061969933126748,-0.04520490250698953,-0.08729217719000198,0.4612030122410416,3,Luxury
-0.9255739670483327,0.8908304361770937,-1.1032892620973727,0.3272350769532736,1.7004287288336473,0.3802546994299768,3,Luxury
1.4772660304810874,-0.8333870302892861,0.514758240259151,0.6996750564135367,0.9317087392434786,-1.4006081824134484,0,Economy
-0.9255739670483327,-0.22396038325548728,-0.7667997108716312,0.6996750564135367,0.7976296712917049,0.4612030122410416,3,Luxury
0.5161300314693194,-0.22396038325548728,0.8402263711630031,-1.1625248408877793,0.43114688555685665,-1.5625048080355781,0,Economy
-0.9255739670483327,-0.4941778588270773,-0.13370371978522438,-1.1625248408877793,0.10935712247259968,0.4612030122410416,1,Mid-range
-0.44500596754244864,-0.3734423910184945,-0.7216601603145071,-1.1625248408877793,0.5473487444483937,0.4612030122410416,1,Mid-range
-0.44500596754244864,0.6613180611809687,-0.1631610760677311,2.561874953714853,-1.3833898340571478,0.4612030122410416,3,Luxury
0.03556203196343534,0.028434237544359562,0.19942136616678574,0.6996750564135367,0.43114688555685665,0.4612030122410416,2,Premium
-0.9255739670483327,-0.3745922526166715,-0.8903986346360232,-1.1625248408877793,-0.5878540308766232,0.4612030122410416,1,Mid-range
0.03556203196343534,-0.546036616904859,-0.527535461763257,-1.1625248408877793,0.9317087392434786,-1.8862980592798373,0,Economy
0.5161300314693194,0.4257114197145057,0.7748490456981535,0.6996750564135367,0.43114688555685665,0.13740976099678243,2,Premium
0.9966980309752034,-0.9035285877780818,1.4716108733927726,-0.04520490250698953,-0.43589775386461344,0.5421513250521064,2,Premium
-0.44500596754244864,0.6326865073863619,-0.3006513262420466,0.6996750564135367,-1.329758206876438,0.4612030122410416,3,Luxury
-0.9255739670483327,-0.25903116199988513,-0.25792218702713204,-1.1625248408877793,-0.9990298392620627,0.5421513250521064,1,Mid-range
0.5161300314693194,0.545871956724,-0.1690022094166843,0.6996750564135367,-0.2660642677923669,0.4612030122410416,2,Premium
-0.9255739670483327,0.424101613477058,-0.6600059039348538,-0.04520490250698953,2.075850119098614,0.299306386618912,1,Mid-range
2.4384020294928552,-1.2645851296056532,0.5391979397315693,-0.7900848614275162,-0.43589775386461344,0.13740976099678243,2,Premium
-1.4061419665542167,1.2467126008128686,-0.9933202948383272,0.6996750564135367,-0.5074065901055592,0.4612030122410416,3,Luxury
-0.44500596754244864,0.23023494802441935,-0.41293390117494005,-0.2314248922371213,-1.4370214612378567,0.5421513250521064,3,Luxury
-0.9255739670483327,-0.8335020164491037,-1.11537035990893,-1.1625248408877793,-0.08729217719000198,0.4612030122410416,1,Mid-range
0.5161300314693194,-0.6384854893982881,3.9869573921067167,0.6996750564135367,1.5305952427614014,-1.5625048080355781,0,Economy
0.9966980309752034,-0.7186308427912236,0.9070377989729662,0.6996750564135367,1.2177440842072627,-1.5625048080355781,0,Economy
-0.9255739670483327,2.155103263372682,-0.6596186892614063,0.6996750564135367,-1.329758206876438,0.4612030122410416,3,Luxury
0.5161300314693194,-0.8571891653715495,5.063026969616884,0.6996750564135367,1.07472641172537,-1.5625048080355781,0,Economy
0.5161300314693194,0.8908304361770937,-0.24137263188399283,2.561874953714853,-1.7409340152618775,2.323014206895532,3,Luxury
0.5161300314693194,-0.5461516030646767,1.951424063848314,0.6996750564135367,0.21662037683401889,0.13740976099678243,2,Premium
0.5161300314693194,0.2587515156592084,-0.324937430560664,-0.4176448819672531,-0.6593628671175696,0.4612030122410416,2,Premium
0.03556203196343534,0.5464468875230886,-0.07048447076705497,0.6996750564135367,0.5473487444483937,0.5421513250521064,2,Premium
-0.9255739670483327,1.1618528148674077,-1.0213546371959148,0.6996750564135367,0.9317087392434786,0.4612030122410416,3,Luxury
0.5161300314693194,-0.028713883885036283,2.402126455154084,2.561874953714853,-0.346511708563431,0.4612030122410416,2,Premium
-1.4061419665542167,2.156253124970859,-1.2786458805458931,0.6996750564135367,-0.6593628671175696,0.4612030122410416,3,Luxury
0.03556203196343534,0.281748747622748,1.2131493812519314,0.6996750564135367,0.011032472641298852,0.4612030122410416,2,Premium
0.03556203196343534,-0.91410731448131,0.4727002731448786,-1.1625248408877793,0.43114688555685665,-1.5625048080355781,0,Economy
0.03556203196343534,-0.3510200898540434,0.43722280428658095,-0.4176448819672531,0.10935712247259968,-1.4006081824134484,0,Economy
-0.44500596754244864,-0.2125767534335352,0.5360130990424649,0.6996750564135367,-0.864950771310289,0.4612030122410416,2,Premium
-0.9255739670483327,-0.14921937937398366,-0.5288950155055833,-0.2314248922371213,0.21662037683401889,0.4612030122410416,1,Mid-range
0.9966980309752034,-0.8952495842712075,0.9651904026579669,-1.1625248408877793,0.43114688555685665,-1.5625048080355781,0,Economy
0.03556203196343534,-0.23545899923725708,0.9457131134576325,-0.2314248922371213,0.7976296712917049,0.4612030122410416,2,Premium
0.03556203196343534,0.6614330473407863,-0.06873770235128093,0.6996750564135367,-1.3833898340571478,1.3516344531627542,2,Premium
0.03556203196343534,-0.6896543305171637,2.836318873261111,0.6996750564135367,1.2177440842072627,-1.5625048080355781,0,Economy
-0.44500596754244864,0.0859273174532085,-0.4325172832845395,0.3272350769532736,1.2088054796771437,0.299306386618912,1,Mid-range
0.03556203196343534,-1.0643942253630412,0.527452427970333,-1.1625248408877793,0.7976296712917049,0.4612030122410416,1,Mid-range
-0.9255739670483327,-0.6091640186447752,0.0841819769635959,-1.1625248408877793,-0.2660642677923669,0.4612030122410416,1,Mid-range
-0.9255739670483327,1.0203048521318214,0.0841819769635959,0.6996750564135367,-1.9733377330449515,0.4612030122410416,3,Luxury
-0.9255739670483327,1.5807473950832809,-1.2021838896958241,2.561874953714853,-0.17667822249118445,0.4612030122410416,3,Luxury
-0.9255739670483327,0.7761892348388488,-0.5224672519263572,0.3272350769532736,0.7976296712917049,0.299306386618912,3,Luxury
1.9578340299869714,-1.2129563438475068,0.9090356100643604,-0.7900848614275162,-0.08729217719000198,-1.4006081824134484,0,Economy
0.03556203196343534,-1.115103121842646,0.027515260697207684,-1.1625248408877793,0.7976296712917049,0.5421513250521064,1,Mid-range
2.4384020294928552,-1.0875064434863984,1.215894303048147,-0.04520490250698953,1.7004287288336473,-1.8862980592798373,0,Economy
0.03556203196343534,-0.0870118669126091,4.201689440459571,0.6996750564135367,0.43114688555685665,0.5421513250521064,2,Premium
-0.9255739670483327,0.833222370108427,-1.064490351817949,0.6996750564135367,-1.526407506539039,0.4612030122410416,3,Luxury
1.9578340299869714,0.4475587900798683,-0.5452324961506501,2.561874953714853,-0.864950771310289,1.3516344531627542,3,Luxury
0.03556203196343534,-0.5234993295805903,0.9036099712981247,-0.04520490250698953,1.07472641172537,0.4612030122410416,2,Premium
-0.44500596754244864,0.4313457415455729,-0.865655617002738,-0.2314248922371213,-0.17667822249118445,0.4612030122410416,1,Mid-range
0.9966980309752034,-0.46221170639775727,0.46162828023988145,0.6996750564135367,-0.08729217719000198,0.4612030122410416,2,Premium
0.03556203196343534,-0.25903116199988513,-0.24931741650608022,0.3272350769532736,2.075850119098614,-1.8862980592798373,0,Economy
-1.4061419665542167,4.340185258388395,-0.763560014770455,2.561874953714853,-1.9375833149244786,0.4612030122410416,3,Luxury
1.9578340299869714,-0.8707575322300378,1.013952915122124,0.6996750564135367,1.2177440842072627,-1.5625048080355781,0,Economy
0.5161300314693194,-0.7681898776726513,0.4609728314017368,-0.2314248922371213,1.2177440842072627,-1.5625048080355781,0,Economy
-1.4061419665542167,2.155103263372682,-1.008499110037463,0.6996750564135367,-1.4370214612378567,0.4612030122410416,3,Luxury
0.03556203196343534,-0.6036446829735257,-0.5091642767008109,-1.1625248408877793,0.672489207870049,0.4612030122410416,1,Mid-range
0.5161300314693194,-0.8909950963579527,-0.14477031515234942,-1.1625248408877793,0.32388363119543745,-1.5625048080355781,0,Economy
-1.4061419665542167,1.4663361660646717,-1.1891992909795568,0.6996750564135367,-1.285065184225847,0.4612030122410416,3,Luxury
-1.4061419665542167,0.016475676923318982,-1.1891992909795568,-0.04520490250698953,0.21662037683401889,0.4612030122410416,1,Mid-range
-0.44500596754244864,-0.9196266501525595,-0.7795971558290659,-1.1625248408877793,1.2177440842072627,0.4612030122410416,1,Mid-range
0.03556203196343534,-0.22396038325548728,0.9089105099390928,-0.2314248922371213,0.7976296712917049,0.4612030122410416,2,Premium
0.5161300314693194,-0.9748200068650544,-0.324937430560664,-0.2314248922371213,2.075850119098614,-1.8862980592798373,0,Economy
0.03556203196343534,-0.8569591930519141,0.2654371656042973,-0.4176448819672531,-0.864950771310289,0.704047950674236,2,Premium
-1.4061419665542167,0.9477485852868541,-1.2794590313601326,0.6996750564135367,-0.2660642677923669,0.4612030122410416,3,Luxury
0.5161300314693194,-0.05378086672529442,0.23112220124339364,0.6996750564135367,-0.7308717033585154,1.3516344531627542,2,Premium
-0.44500596754244864,-0.02963377316357787,-0.5851863486579908,-0.4176448819672531,0.10935712247259968,0.4612030122410416,1,Mid-range
-0.44500596754244864,0.40823352342221564,-0.3445614702109754,-0.4176448819672531,-0.346511708563431,0.4612030122410416,1,Mid-range
0.03556203196343534,0.2929024051250647,-0.5344623020327041,0.6996750564135367,0.32388363119543745,0.13740976099678243,2,Premium
0.9966980309752034,-0.4896933985941871,-0.46147038045821587,-0.4176448819672531,-0.17667822249118445,-1.4006081824134484,0,Economy
0.03556203196343534,-0.22396038325548728,-0.10541983908252635,0.6996750564135367,1.7004287288336473,-1.8862980592798373,0,Economy
2.4384020294928552,-1.410042621775041,1.773560875747011,-1.1625248408877793,0.9317087392434786,-1.8862980592798373,0,Economy
-0.9255739670483327,0.43088579690630213,-0.8148917733137913,0.6996750564135367,0.7976296712917049,0.4612030122410416,3,Luxury
0.03556203196343534,-0.5229243987815018,-0.4526653534595829,-0.6038648716973845,-0.024721945479174005,-1.4006081824134484,0,Economy
-0.9255739670483327,1.00639152679388,-0.42798687160520554,0.6996750564135367,0.43114688555685665,0.4612030122410416,3,Luxury
-0.9255739670483327,3.501361222518289,-1.2787749521037088,2.561874953714853,-1.9018288968040058,0.4612030122410416,3,Luxury
1.4772660304810874,-0.4885435369960101,0.9778024539232659,0.6996750564135367,0.5473487444483937,-1.4006081824134484,0,Economy
0.03556203196343534,-0.45450763368997155,0.7425458766850721,-0.04520490250698953,1.369700361219272,0.4612030122410416,2,Premium
-0.9255739670483327,1.5813223258823694,-0.7761703059690569,0.6996750564135367,-2.009092151165425,0.4612030122410416,3,Luxury
-0.9255739670483327,0.14399532816114594,-0.8623642922784356,-1.1625248408877793,-0.9990298392620627,0.5421513250521064,3,Luxury
0.5161300314693194,0.2589814879788438,0.5695555701298409,0.6996750564135367,0.5473487444483937,-1.4006081824134484,0,Economy
-0.9255739670483327,-0.2596060927989736,-1.257942802672242,-1.1625248408877793,0.32388363119543745,0.4612030122410416,1,Mid-range
-0.9255739670483327,0.2587515156592084,-0.9636596508522606,-0.2314248922371213,-1.3833898340571478,0.5421513250521064,3,Luxury
0.9966980309752034,-1.0095458271299993,2.0137114162190537,-0.2314248922371213,1.7004287288336473,-1.8862980592798373,0,Economy
-0.9255739670483327,0.6602831857426095,-0.6714674582688951,-0.04520490250698953,-0.5074065901055592,0.4612030122410416,3,Luxury
-0.9255739670483327,-0.25868620352043203,0.0841819769635959,-1.1625248408877793,0.32388363119543745,0.4612030122410416,1,Mid-range
0.03556203196343534,-0.9489481209060724,-0.13511490215067662,-1.1625248408877793,1.2177440842072627,-1.8862980592798373,0,Economy
0.03556203196343534,0.4602072676598151,-0.05464308823779762,2.561874953714853,-1.3833898340571478,1.3516344531627542,2,Premium
0.03556203196343534,-1.0173648859976026,0.9800461478366306,-1.1625248408877793,0.7976296712917049,0.4612030122410416,1,Mid-range
0.03556203196343534,-0.4895784124343694,2.011302080473159,-0.04520490250698953,1.7004287288336473,-1.8862980592798373,0,Economy
0.5161300314693194,-0.14461993298127573,2.892890076574716,0.6996750564135367,0.5473487444483937,-1.4006081824134484,0,Economy
-0.9255739670483327,0.028434237544359562,-0.8815701400814238,-0.7900848614275162,-1.4370214612378567,0.4612030122410416,3,Luxury
0.03556203196343534,0.7741194839621303,-0.5206086214938102,2.561874953714853,-0.346511708563431,0.704047950674236,2,Premium
-0.44500596754244864,0.373852661636724,0.855242556199291,0.6996750564135367,0.10935712247259968,0.4612030122410416,2,Premium
4.841242027022275,-1.5238789199945617,1.744801015369701,-0.4176448819672531,-1.285065184225847,1.3516344531627542,2,Premium
0.5161300314693194,-1.1559232085779285,-0.14352348390384911,-1.1625248408877793,0.43114688555685665,-1.5625048080355781,0,Economy
-1.4061419665542167,-0.28731775731503884,-0.9553732568404875,-1.1625248408877793,-0.5878540308766232,0.4612030122410416,1,Mid-range
0.5161300314693194,0.6016402442355835,1.1375685189032183,2.561874953714853,-0.6593628671175696,1.3516344531627542,2,Premium
0.5161300314693194,-0.8336170026089215,-1.0573965790003936,-1.1625248408877793,1.0479105981350156,0.4612030122410416,1,Mid-range
1.4772660304810874,-1.1679967553587869,1.3719095485579722,-0.7900848614275162,-0.08729217719000198,-1.4006081824134484,0,Economy
-0.9255739670483327,-0.09000150706786926,-1.028634273056725,-1.1625248408877793,-0.2660642677923669,0.5421513250521064,1,Mid-range
-0.44500596754244864,1.1788707665204268,-0.09187485468607515,0.6996750564135367,-1.0526614664427723,0.5421513250521064,3,Luxury
1.4772660304810874,-0.22396038325548728,-0.08588916119236836,0.6996750564135367,0.7976296712917049,-1.4006081824134484,0,Economy
-0.44500596754244864,-0.7764688811795256,-0.9235926125172967,-1.1625248408877793,0.10935712247259968,0.4612030122410416,1,Mid-range
-1.4061419665542167,-0.1744013483740595,-1.2086245604308317,-1.1625248408877793,-0.2660642677923669,0.4612030122410416,1,Mid-range
0.03556203196343534,0.5108011779796021,-0.5266319608585466,-0.4176448819672531,-0.08729217719000198,0.5421513250521064,1,Mid-range
0.9966980309752034,-0.5999651258593593,2.413288798149552,0.6996750564135367,0.43114688555685665,0.13740976099678243,2,Premium
-0.9255739670483327,-0.5805324648501684,-1.07889473767019,-0.7900848614275162,-1.0526614664427723,0.4612030122410416,1,Mid-range
0.9966980309752034,0.006011936379908476,1.574856385867414,2.561874953714853,-0.346511708563431,0.7849962634853007,2,Premium
0.03556203196343534,0.3498205542348251,-1.1155940839424772,-0.2314248922371213,-0.864950771310289,0.4612030122410416,3,Luxury
0.03556203196343534,0.14342039736205744,0.19062729069427053,-0.4176448819672531,0.43114688555685665,0.5421513250521064,1,Mid-range
2.4384020294928552,-0.6610227767225569,0.44053564093718606,0.6996750564135367,-0.6772400761778057,1.3516344531627542,2,Premium
-0.9255739670483327,0.14388034200132824,-1.1257477131573186,0.6996750564135367,0.672489207870049,0.4612030122410416,3,Luxury
-0.44500596754244864,0.14342039736205744,-1.2783296552292445,-1.1625248408877793,-0.9990298392620627,0.4612030122410416,1,Mid-range
1.4772660304810874,-0.6610227767225569,0.9105368115675717,0.6996750564135367,-0.08729217719000198,0.4612030122410416,2,Premium
-0.9255739670483327,0.3737376754769063,0.0841819769635959,0.6996750564135367,0.7976296712917049,0.4612030122410416,2,Premium
0.9966980309752034,-0.834536891887463,0.6917253197358731,-0.2314248922371213,1.5305952427614014,-1.5625048080355781,0,Economy
1.9578340299869714,-0.9945976263536985,2.098654401275756,0.6996750564135367,1.2177440842072627,-1.5625048080355781,0,Economy
-0.9255739670483327,0.0807529402614121,-0.89233470800326,-1.1625248408877793,-0.5074065901055592,0.4612030122410416,1,Mid-range
0.03556203196343534,-0.9161770653580286,0.49733573114665086,-0.7900848614275162,0.43114688555685665,-1.5625048080355781,0,Economy
0.03556203196343534,-0.6044495860922495,-0.540244707822851,-0.7900848614275162,0.43114688555685665,0.4612030122410416,1,Mid-range
-0.9255739670483327,0.517700347568664,-0.8387441971981476,-0.2314248922371213,-0.9990298392620627,0.4612030122410416,3,Luxury
0.03556203196343534,0.5406975795322037,0.9511341188858953,0.6996750564135367,0.9317087392434786,0.5421513250521064,2,Premium
2.4384020294928552,-1.258950807774586,1.392231865336067,-0.04520490250698953,-0.6593628671175696,0.4612030122410416,2,Premium
-0.44500596754244864,-0.5574202467268111,-0.5874902759650026,-1.1625248408877793,0.9317087392434786,0.4612030122410416,1,Mid-range
0.5161300314693194,-0.22419035557512268,0.303546833764985,-0.4176448819672531,0.32388363119543745,-1.4006081824134484,0,Economy
0.9966980309752034,-0.7872775802023892,0.09580897756720098,-0.7900848614275162,0.43114688555685665,-1.5625048080355781,0,Economy
0.5161300314693194,0.14399532816114594,0.576386036969452,0.6996750564135367,-0.4716521719850863,-0.024486864625347143,2,Premium
-1.4061419665542167,0.11524878820672146,-1.09884920050851,-1.1625248408877793,-0.864950771310289,0.4612030122410416,1,Mid-range
-0.9255739670483327,1.2015230400045134,-1.0885751045063736,0.6996750564135367,-0.8023805395994617,0.4612030122410416,3,Luxury
2.4384020294928552,-0.834536891887463,1.2373459959571298,0.6996750564135367,0.43114688555685665,0.13740976099678243,2,Premium
0.03556203196343534,-0.9920679308377092,1.2827791843082847,-0.04520490250698953,-0.9990298392620627,0.704047950674236,2,Premium
2.4384020294928552,-0.4885435369960101,1.660184419361629,2.561874953714853,-0.9990298392620627,1.9182726428402077,2,Premium
0.03556203196343534,0.3503954850339136,0.7156215497246997,0.3272350769532736,2.7104910407370086,-1.8862980592798373,0,Economy
0.03556203196343534,-1.0070161316140098,0.6359327699292366,-0.7900848614275162,0.21662037683401889,-1.4006081824134484,0,Economy
-0.44500596754244864,0.18998979208822508,-1.2673521192370123,-0.2314248922371213,-0.346511708563431,0.4612030122410416,1,Mid-range
-0.9255739670483327,0.9478635714466718,-0.7791131374872566,0.6996750564135367,0.32388363119543745,0.5421513250521064,3,Luxury
-0.9255739670483327,0.43088579690630213,-1.0472205773821974,-0.2314248922371213,-0.9364596075512354,0.4612030122410416,3,Luxury
0.03556203196343534,1.120227825013401,-1.0025962374600212,0.6996750564135367,-1.526407506539039,0.4612030122410416,3,Luxury
-0.9255739670483327,-0.5464965615441298,-1.1834426995009728,-1.1625248408877793,-0.2660642677923669,0.4612030122410416,1,Mid-range
-1.4061419665542167,0.43088579690630213,-1.23437433621508,-1.1625248408877793,-0.43589775386461344,0.5421513250521064,1,Mid-range
0.03556203196343534,0.12076812387797096,-0.570481871433828,-0.7900848614275162,-0.6593628671175696,0.4612030122410416,1,Mid-range
0.9966980309752034,-0.374017321817583,3.54189284644634,0.6996750564135367,-1.7856270379124688,2.323014206895532,2,Premium
1.4772660304810874,-0.6614827213618277,1.1921128685205893,0.6996750564135367,0.32388363119543745,0.13740976099678243,2,Premium
-0.44500596754244864,0.08535238665412001,-0.717120068268337,-0.4176448819672531,1.369700361219272,0.4612030122410416,1,Mid-range
0.9966980309752034,-0.22396038325548728,2.6537843116943023,0.3272350769532736,-0.864950771310289,0.704047950674236,2,Premium
0.5161300314693194,-0.8914550409972235,0.8346427355718924,-0.04520490250698953,0.7976296712917049,-1.4006081824134484,0,Economy
0.03556203196343534,-0.690689205955523,0.16605206608614573,-1.1625248408877793,0.32388363119543745,0.4612030122410416,1,Mid-range
0.5161300314693194,-0.9494080655453432,-0.336240226878592,-0.4176448819672531,2.0847887236287317,-1.8862980592798373,0,Economy
0.03556203196343534,0.2819787199423834,0.4607740612027004,0.6996750564135367,1.2177440842072627,0.5421513250521064,2,Premium
-0.9255739670483327,-0.7189758012706766,0.0841819769635959,-1.1625248408877793,0.10935712247259968,0.4612030122410416,1,Mid-range
-0.44500596754244864,0.2578316263806668,-0.8762265775878505,-0.04520490250698953,-0.43589775386461344,0.5421513250521064,3,Luxury
-0.9255739670483327,3.4211008829655354,0.0841819769635959,2.561874953714853,-2.035907964755779,0.4612030122410416,3,Luxury
0.9966980309752034,-0.8335020164491037,-0.34319389838702724,-1.1625248408877793,0.9317087392434786,-1.8862980592798373,0,Economy
0.5161300314693194,-0.6390604201973766,-0.0020894522804723505,-0.6038648716973845,0.24343619042437337,-1.4006081824134484,0,Economy
0.5161300314693194,1.0030569281591668,0.3392712595372367,2.561874953714853,-1.1152316981536003,1.9182726428402077,2,Premium
0.5161300314693194,0.04050778432521784,0.44113195153429496,0.6996750564135367,0.9317087392434786,-1.5625048080355781,0,Economy
0.03556203196343534,-1.0643942253630412,-0.38020458090180337,-1.1625248408877793,0.43114688555685665,0.4612030122410416,1,Mid-range
5.802378026034043,-1.4318899921404036,0.3608726754532863,0.6996750564135367,-1.1152316981536003,2.403962519706597,2,Premium
1.9578340299869714,0.3130249830931618,0.035169535028395406,0.6996750564135367,-1.6604865744908128,3.375342273439374,2,Premium
-1.4061419665542167,0.3866161253764885,-1.2003123521074954,-1.1625248408877793,-0.5878540308766232,0.4612030122410416,1,Mid-range
0.03556203196343534,-0.6611377628823746,-0.38502325239359253,-1.1625248408877793,0.9317087392434786,-1.8862980592798373,0,Economy
-0.9255739670483327,1.1786407942007915,-1.2765291069977143,-0.2314248922371213,-1.705179597141404,0.4612030122410416,3,Luxury
0.03556203196343534,0.40788856494276254,-0.04205430896549871,0.6996750564135367,-0.7308717033585154,0.4612030122410416,2,Premium
-0.44500596754244864,-0.12047283941955919,-0.6092420602459071,-1.1625248408877793,-0.346511708563431,0.4612030122410416,1,Mid-range
-0.44500596754244864,5.489126967286832,-0.7069556830903442,2.561874953714853,-2.009092151165425,0.4612030122410416,3,Luxury
-0.9255739670483327,1.00639152679388,-0.9317531617601996,0.6996750564135367,-1.9733377330449515,0.4612030122410416,3,Luxury
0.03556203196343534,-0.6266419149370652,-0.9723590738490444,-0.2314248922371213,0.10935712247259968,0.5421513250521064,1,Mid-range
0.9966980309752034,-0.6609077905627392,-0.18307711078315553,-1.1625248408877793,0.43114688555685665,-1.5625048080355781,0,Economy
0.03556203196343534,-1.0346128099702574,1.0157043168758702,-1.1625248408877793,0.5473487444483937,-1.5625048080355781,0,Economy
0.9966980309752034,-0.9484881762668016,2.766196251529461,0.6996750564135367,1.2177440842072627,-1.5625048080355781,0,Economy
-0.44500596754244864,0.14284546656296895,-0.44532440860881034,0.6996750564135367,0.672489207870049,0.4612030122410416,2,Premium
-0.9255739670483327,0.679830832911618,-1.1246635120716661,0.6996750564135367,-0.5074065901055592,0.4612030122410416,3,Luxury
0.5161300314693194,-0.9489481209060724,-0.5717287026823284,-0.7900848614275162,0.21662037683401889,-1.4006081824134484,0,Economy
1.4772660304810874,-0.6034147106538903,0.7874348133007704,0.6996750564135367,-0.17667822249118445,0.5421513250521064,2,Premium
0.5161300314693194,1.9243260406185623,0.5155081460100608,2.561874953714853,-1.9018288968040058,2.9706007093840503,2,Premium
-0.44500596754244864,-0.7195507320697652,1.8537917560853006,-1.1625248408877793,0.10935712247259968,0.4612030122410416,1,Mid-range
0.03556203196343534,-0.22396038325548728,3.110862681505799,-0.2314248922371213,-0.17667822249118445,0.13740976099678243,2,Premium
0.5161300314693194,-0.5447717691468643,0.09071816065138685,-0.4176448819672531,0.011032472641298852,-1.4006081824134484,0,Economy
0.03556203196343534,-0.7425479640333047,-0.2188694360173374,-1.1625248408877793,1.07472641172537,0.5421513250521064,1,Mid-range
-0.9255739670483327,1.5180799379826355,-1.0703760148543486,0.6996750564135367,0.672489207870049,0.4612030122410416,3,Luxury
-0.44500596754244864,-0.316179283429281,-0.0934333937467007,-0.04520490250698953,1.07472641172537,0.4612030122410416,1,Mid-range
0.9966980309752034,-1.0645092115228587,0.2798767527904882,-1.1625248408877793,1.2266826887373805,-1.8862980592798373,0,Economy
-0.9255739670483327,1.4076932245576457,-1.0713827730053116,0.6996750564135367,-1.1152316981536003,0.4612030122410416,3,Luxury
-0.44500596754244864,-0.17796591932840813,-0.8915409179226929,-1.1625248408877793,0.21662037683401889,0.4612030122410416,1,Mid-range
0.03556203196343534,-0.37919169900937943,0.4054798058344197,-0.4176448819672531,-0.17667822249118445,-1.4006081824134484,0,Economy
0.03556203196343534,0.5462169152034532,-0.27497684219985746,2.561874953714853,0.10935712247259968,0.4612030122410416,2,Premium
0.03556203196343534,0.43088579690630213,0.19363896037663908,0.6996750564135367,-0.08729217719000198,0.4612030122410416,2,Premium
-0.9255739670483327,0.9431491388941462,-1.2718050879816567,0.6996750564135367,-0.2660642677923669,0.4612030122410416,3,Luxury
3.3995380285046233,-0.8047554764946793,1.9370719519769881,2.561874953714853,-1.0526614664427723,1.9992209556512726,2,Premium
0.5161300314693194,-0.22970969124637217,0.6221393227839902,0.6996750564135367,1.7004287288336473,-1.8862980592798373,0,Economy
1.4772660304810874,-1.1789204405414682,0.21190473700020207,-1.1625248408877793,1.2266826887373805,-1.8862980592798373,0,Economy
-0.9255739670483327,0.6605131580622448,-0.722812123968013,0.6996750564135367,-0.5878540308766232,0.4612030122410416,3,Luxury
-0.9255739670483327,1.7596658597596189,-0.2286487577145129,0.6996750564135367,-0.08729217719000198,0.5421513250521064,3,Luxury
0.03556203196343534,-0.6035296968137079,1.4736588087767828,-0.2314248922371213,-0.8023805395994617,0.5421513250521064,2,Premium
-0.44500596754244864,0.925326284122403,-0.864232603077819,0.3272350769532736,1.7004287288336473,0.299306386618912,3,Luxury
-0.9255739670483327,4.226004001689421,-1.0472205773821974,2.561874953714853,-1.2314335570451371,0.4612030122410416,3,Luxury
3.8801060280105073,-1.2134162884867776,2.2578479900942305,0.6996750564135367,-0.346511708563431,0.704047950674236,2,Premium
0.5161300314693194,0.10949948021583657,0.8673313983043172,0.6996750564135367,-0.43589775386461344,0.704047950674236,2,Premium
0.9966980309752034,-0.856614234572461,-0.41172033518702206,-0.2314248922371213,1.7004287288336473,-1.8862980592798373,0,Economy
1.4772660304810874,-0.6836750502066434,2.1247968524532057,0.6996750564135367,-1.4370214612378567,1.9182726428402077,2,Premium
-1.4061419665542167,-0.22396038325548728,-1.2234419752680834,-0.2314248922371213,-0.5878540308766232,0.5421513250521064,3,Luxury
-0.9255739670483327,-0.21361162887189447,-0.4362732656169785,-1.1625248408877793,0.32388363119543745,0.4612030122410416,1,Mid-range
-0.9255739670483327,3.4670953468926147,-0.8544651129401097,2.561874953714853,-2.009092151165425,0.4612030122410416,3,Luxury
-0.44500596754244864,2.8220229903153298,0.10090965085652104,2.561874953714853,-0.6593628671175696,0.5421513250521064,3,Luxury
0.03556203196343534,-0.2591461481597028,-0.5065140073803268,-0.2314248922371213,2.031157096448023,-1.8862980592798373,0,Economy
0.9966980309752034,-0.7758939503804371,0.7656481210303658,-0.04520490250698953,1.5305952427614014,-1.8862980592798373,0,Economy
-0.44500596754244864,-0.22396038325548728,0.4747557377030951,2.561874953714853,-1.9018288968040058,0.4612030122410416,2,Premium
-1.4061419665542167,0.3498205542348251,-1.1906448924270934,-1.1625248408877793,-0.9990298392620627,0.4612030122410416,3,Luxury
0.03556203196343534,-0.6614827213618277,0.7729035070833438,-0.2314248922371213,-0.9364596075512354,0.5421513250521064,2,Premium
-0.9255739670483327,1.000642218802995,-1.0065630366702263,-0.2314248922371213,-1.285065184225847,0.4612030122410416,3,Luxury
-0.44500596754244864,0.011416285891340276,-0.08628444283817911,-0.2314248922371213,-1.1688633253343093,0.4612030122410416,2,Premium
0.03556203196343534,-0.8337319887687391,-0.7984652663891029,-0.7900848614275162,-0.08729217719000198,0.4612030122410416,1,Mid-range
-0.9255739670483327,2.4368193549260417,-0.9010083166884805,0.6996750564135367,-2.0716623828762524,0.4612030122410416,3,Luxury
-0.44500596754244864,0.4312307553857552,0.463574914007303,0.6996750564135367,-0.7308717033585154,0.4612030122410416,2,Premium
-0.9255739670483327,0.6579834625462555,-1.1246635120716661,0.6996750564135367,-1.285065184225847,0.5421513250521064,3,Luxury
0.03556203196343534,0.6608581165416979,-0.5128385137133001,2.561874953714853,-1.3833898340571478,1.3516344531627542,3,Luxury
-0.9255739670483327,-0.45508256448906004,-0.4217914368300481,-1.1625248408877793,0.43114688555685665,0.5421513250521064,1,Mid-range
-0.44500596754244864,0.43088579690630213,0.6882078264409432,-0.2314248922371213,-0.17667822249118445,0.5421513250521064,2,Premium
2.9189700289987393,-0.3097400584794899,1.2027651441871254,2.561874953714853,-1.526407506539039,2.323014206895532,2,Premium
0.03556203196343534,-0.4890034816352809,-0.2944322283479561,-0.04520490250698953,1.07472641172537,-1.5625048080355781,0,Economy
0.03556203196343534,-0.45508256448906004,0.6038283711151914,-0.2314248922371213,1.5305952427614014,0.5421513250521064,2,Premium
-0.9255739670483327,3.535167153504692,-0.8620545205396777,2.561874953714853,-2.009092151165425,0.4612030122410416,3,Luxury
-0.44500596754244864,-0.9254909443032621,-0.6696862707710374,-1.1625248408877793,1.07472641172537,0.5421513250521064,1,Mid-range
0.9966980309752034,-0.43116544324697886,-0.17770538722242257,-0.4176448819672531,0.10935712247259968,-1.4006081824134484,0,Economy
-1.4061419665542167,1.4651863044664946,-1.2791879810887195,0.6996750564135367,0.672489207870049,0.4612030122410416,3,Luxury
-0.9255739670483327,0.9098031525470138,-1.0933765664571207,0.6996750564135367,0.9317087392434786,0.4612030122410416,3,Luxury
0.9966980309752034,-0.6614827213618277,0.40539766938853705,-0.04520490250698953,2.2724994187612153,-1.8862980592798373,0,Economy
-1.4061419665542167,0.004862074781731497,-1.2705143724034988,-1.1625248408877793,-0.2660642677923669,0.4612030122410416,1,Mid-range
-0.9255739670483327,-0.6614827213618277,-0.6675953115344218,-0.7900848614275162,-1.0526614664427723,0.4612030122410416,1,Mid-range
-0.44500596754244864,-0.4885435369960101,0.9624429385431881,-1.1625248408877793,0.672489207870049,0.4612030122410416,1,Mid-range
0.03556203196343534,0.48872383529460417,-0.26311086365132663,2.561874953714853,-1.3833898340571478,0.4612030122410416,3,Luxury
3.3995380285046233,-0.8339619610883745,1.0582592094877332,0.6996750564135367,-1.705179597141404,2.323014206895532,2,Premium
1.4772660304810874,-0.9023787261799048,1.2145648660026442,-0.04520490250698953,1.7004287288336473,-1.8862980592798373,0,Economy
-0.9255739670483327,-0.5459216307450413,-0.45524678461589835,-0.2314248922371213,-0.6593628671175696,0.4612030122410416,1,Mid-range
-0.9255739670483327,-0.5482213539413953,-1.1147508164314142,-1.1625248408877793,-0.6593628671175696,0.4612030122410416,1,Mid-range
-0.9255739670483327,0.24690794119798554,-1.1974598706797666,0.6996750564135367,1.369700361219272,0.4612030122410416,3,Luxury
0.03556203196343534,-0.6379105585991997,-0.008986175853095565,-0.7900848614275162,0.43114688555685665,-1.5625048080355781,0,Economy
0.9966980309752034,0.051776427987352235,0.6128250498208841,2.561874953714853,0.10935712247259968,0.4612030122410416,2,Premium
0.5161300314693194,-0.0169852955836311,0.2569803971362074,0.6996750564135367,0.672489207870049,-1.4006081824134484,0,Economy
1.9578340299869714,-0.6622876244805516,-0.11194821228630601,0.6996750564135367,-1.4370214612378567,2.9706007093840503,2,Premium
-0.9255739670483327,-0.22396038325548728,-0.5676939257850071,2.561874953714853,-1.9375833149244786,0.4612030122410416,3,Luxury
-0.9255739670483327,0.7752693455603072,-0.4212493362872218,-0.2314248922371213,-1.4370214612378567,0.5421513250521064,3,Luxury
-0.9255739670483327,1.6503140217729881,-0.5450031459209927,0.6996750564135367,-0.6593628671175696,0.5421513250521064,3,Luxury
-0.9255739670483327,1.7532266348098278,0.0841819769635959,2.561874953714853,-1.9375833149244786,2.323014206895532,3,Luxury
-0.9255739670483327,1.5801724642841926,-0.5051200345559163,0.6996750564135367,-0.43589775386461344,0.4612030122410416,3,Luxury
-0.9255739670483327,0.0862722759326616,-0.6658915669712534,-0.2314248922371213,2.2724994187612153,0.4612030122410416,1,Mid-range
-0.9255739670483327,0.8908304361770937,-0.9310561753479942,0.6996750564135367,-0.9990298392620627,0.4612030122410416,3,Luxury
1.9578340299869714,-1.236413520450317,1.3884192900898165,-0.2314248922371213,1.888139423966131,-1.8862980592798373,0,Economy
-1.4061419665542167,2.730034062461171,-0.7374488386243225,0.6996750564135367,-2.0716623828762524,0.4612030122410416,3,Luxury
-0.9255739670483327,-0.22396038325548728,-0.9464673193511985,0.6996750564135367,-0.5878540308766232,0.4612030122410416,3,Luxury
0.5161300314693194,-0.7189758012706766,-0.6832387843416944,-0.04520490250698953,-0.6593628671175696,0.4612030122410416,2,Premium
0.5161300314693194,-0.6611377628823746,0.3245261247723619,-1.1625248408877793,0.21662037683401889,-1.8862980592798373,0,Economy
-0.9255739670483327,0.8333373562682447,-0.6462985044948178,0.6996750564135367,-0.346511708563431,0.4612030122410416,3,Luxury
-0.9255739670483327,0.9477485852868541,-0.7761703059690569,-0.2314248922371213,-1.4370214612378567,0.4612030122410416,3,Luxury
0.03556203196343534,-0.22970969124637217,-0.849061317052889,-0.2314248922371213,-0.5878540308766232,0.5421513250521064,2,Premium
-1.4061419665542167,2.3861104584464368,-0.7374488386243225,1.0721150358738003,-1.4370214612378567,0.5421513250521064,3,Luxury
0.9966980309752034,-0.8977792797871968,3.295631354400619,0.6996750564135367,1.2177440842072627,-1.5625048080355781,0,Economy
-0.9255739670483327,0.028434237544359562,-0.9476289633715407,-0.04520490250698953,1.369700361219272,0.4612030122410416,1,Mid-range
4.360674027516391,-1.5813719999034108,1.8608089464452184,0.5134550666834049,-0.17667822249118445,0.4612030122410416,2,Premium
0.03556203196343534,-1.0645092115228587,-0.06662953357362353,-1.1625248408877793,0.7976296712917049,0.4612030122410416,1,Mid-range
0.9966980309752034,-0.4895784124343694,2.3038337703661735,0.6996750564135367,0.32388363119543745,0.13740976099678243,2,Premium
0.9966980309752034,-0.457382287685414,0.6214000947710452,-0.2314248922371213,1.2177440842072627,-1.5625048080355781,0,Economy
0.5161300314693194,-0.041132389145347656,0.7995688304510321,0.6996750564135367,1.07472641172537,-1.5625048080355781,0,Economy
-0.44500596754244864,-0.33894654307318517,0.07170398411175515,-1.1625248408877793,0.9317087392434786,0.4612030122410416,1,Mid-range
0.03556203196343534,1.063884606702729,-0.3860472200855977,2.561874953714853,-0.346511708563431,0.4612030122410416,2,Premium
0.03556203196343534,0.22425566771389904,0.1287073620247798,0.6996750564135367,0.43114688555685665,0.13740976099678243,2,Premium
-0.9255739670483327,-0.029058842364489378,-0.9085977242880484,0.6996750564135367,0.011032472641298852,0.4612030122410416,3,Luxury
0.03556203196343534,-0.5482213539413953,0.09768716429638734,-0.7900848614275162,-0.346511708563431,0.4612030122410416,1,Mid-range
0.03556203196343534,-0.028598897725218585,0.9620965965297159,0.6996750564135367,1.07472641172537,-1.5625048080355781,0,Economy
1.4772660304810874,-1.019549623034139,1.3574083590373691,0.6996750564135367,0.672489207870049,-1.4006081824134484,0,Economy
-0.9255739670483327,-0.2596060927989736,-0.18969496156571025,-1.1625248408877793,0.43114688555685665,0.5421513250521064,1,Mid-range
-0.9255739670483327,2.915851696726571,-1.1156026887129982,2.561874953714853,-1.329758206876438,0.4612030122410416,3,Luxury
-0.9255739670483327,0.029009168343448053,-1.144953560960307,-0.04520490250698953,-1.7856270379124688,0.4612030122410416,3,Luxury
0.03556203196343534,2.155103263372682,-0.2188694360173374,0.6996750564135367,-1.1688633253343093,0.4612030122410416,3,Luxury
0.03556203196343534,0.1622781275721599,0.6229223569014058,0.6996750564135367,0.672489207870049,-1.4006081824134484,0,Economy
0.5161300314693194,-0.374017321817583,-0.9065842079861222,-0.2314248922371213,2.7462454588574823,-1.8862980592798373,0,Economy
0.5161300314693194,-0.43116544324697886,0.11907001904120146,0.6996750564135367,0.7976296712917049,-1.4006081824134484,0,Economy
0.5161300314693194,-0.22396038325548728,0.5909143315171965,0.14101508722314182,0.9317087392434786,-1.4006081824134484,0,Economy
-0.44500596754244864,0.3130249830931618,-0.7890161527606725,-0.2314248922371213,0.7976296712917049,0.5421513250521064,1,Mid-range
-0.44500596754244864,-0.35044515905495494,-0.577867991329836,-1.1625248408877793,0.21662037683401889,0.4612030122410416,1,Mid-range
0.03556203196343534,-0.14576979457945272,0.527452427970333,0.6996750564135367,-0.43589775386461344,0.4612030122410416,2,Premium
0.5161300314693194,-0.402188930972919,0.3913671217028425,0.3272350769532736,2.075850119098614,-1.8862980592798373,0,Economy
-0.9255739670483327,0.4313457415455729,-1.0170952757879939,0.6996750564135367,-1.3833898340571478,0.4612030122410416,3,Luxury
-0.9255739670483327,1.1208027558124893,-1.163307536481711,-0.2314248922371213,-0.346511708563431,0.4612030122410416,3,Luxury
-0.44500596754244864,0.5673743686099095,0.4928483433199222,0.6996750564135367,-0.7308717033585154,0.4612030122410416,2,Premium
0.5161300314693194,-0.8207385527093393,0.4074675078247829,-1.1625248408877793,0.9317087392434786,-1.8862980592798373,0,Economy
0.9966980309752034,-0.4886585231558278,-1.0780851069893458,-0.4176448819672531,-0.17667822249118445,-1.4006081824134484,0,Economy
0.03556203196343534,-0.6326211952475855,-0.7046216390865088,-1.1625248408877793,0.672489207870049,-1.5625048080355781,0,Economy
0.5161300314693194,-0.6350359046037573,1.210318411750505,-0.2314248922371213,-0.5878540308766232,0.4612030122410416,2,Premium
0.03556203196343534,-0.6896543305171637,-0.16999003707250115,-1.1625248408877793,0.5473487444483937,0.4612030122410416,1,Mid-range
0.9966980309752034,-1.0060962423354682,0.725384835258632,-0.6038648716973845,-0.024721945479174005,-1.4006081824134484,0,Economy
-0.9255739670483327,0.5452970259249116,-0.621052107786051,-0.7900848614275162,-1.4370214612378567,0.5421513250521064,3,Luxury
0.5161300314693194,-0.8336170026089215,-0.04502381527231371,-1.1625248408877793,-0.17667822249118445,0.13740976099678243,1,Mid-range
1.4772660304810874,-0.7413981024351277,0.638357164023543,-0.4176448819672531,0.10935712247259968,-1.4006081824134484,0,Economy
0.03556203196343534,-0.83568675348564,-0.11692441726917295,-1.1625248408877793,0.672489207870049,0.4612030122410416,1,Mid-range
1.4772660304810874,-1.1668468937606098,0.8654069413772838,-0.4176448819672531,1.5305952427614014,-1.8862980592798373,0,Economy
0.03556203196343534,-0.5965155410648284,3.6818752532828163,0.6996750564135367,0.672489207870049,0.4612030122410416,2,Premium
1.9578340299869714,-0.9138773421616746,-0.06699556727348044,-0.04520490250698953,-0.6593628671175696,0.4612030122410416,2,Premium
-0.9255739670483327,0.04039279816540014,-0.6689118414241428,-1.1625248408877793,-0.5878540308766232,0.4612030122410416,1,Mid-range
0.03556203196343534,0.6602831857426095,-0.2188694360173374,-0.2314248922371213,-0.864950771310289,0.4612030122410416,2,Premium
0.03556203196343534,-0.2009631512919477,-0.8582770262809358,-1.1625248408877793,-0.08729217719000198,-1.4006081824134484,1,Mid-range
0.5161300314693194,0.15491901334382724,-0.03987386011546404,0.6996750564135367,-0.864950771310289,0.704047950674236,2,Premium
0.03556203196343534,-0.7530117045767152,-0.8466519813069944,-1.1625248408877793,0.7976296712917049,0.4612030122410416,1,Mid-range
-1.4061419665542167,0.6612030750211509,-1.2768388787364722,-0.04520490250698953,-0.5074065901055592,0.4612030122410416,3,Luxury
0.5161300314693194,-0.4894634262745517,0.7721927530383049,-0.4176448819672531,-0.17667822249118445,-1.4006081824134484,0,Economy
-0.9255739670483327,0.6608581165416979,-0.9631175503094344,-0.04520490250698953,0.672489207870049,0.4612030122410416,3,Luxury
-0.9255739670483327,0.43031086610721364,-0.9609491481381291,-0.2314248922371213,-1.6604865744908128,0.4612030122410416,3,Luxury
-0.44500596754244864,-0.3745922526166715,-0.6385154895585262,-1.1625248408877793,-0.2660642677923669,0.4612030122410416,1,Mid-range
0.03556203196343534,0.6556837393499015,-0.8213539559751014,0.6996750564135367,-0.5074065901055592,0.4612030122410416,3,Luxury
0.03556203196343534,-1.0064412008149213,0.7312219986793674,-0.7900848614275162,-0.08729217719000198,0.13740976099678243,1,Mid-range
-0.9255739670483327,0.8776070277980584,-0.5257972981180047,-0.04520490250698953,-1.7409340152618775,0.5421513250521064,3,Luxury
-0.44500596754244864,0.4023692292715131,-0.5855251614972573,0.6996750564135367,-1.2314335570451371,0.4612030122410416,3,Luxury
-0.9255739670483327,-0.5470714923432183,-1.2790072809077773,-1.1625248408877793,-0.346511708563431,0.4612030122410416,1,Mid-range
0.5161300314693194,-1.147069274271966,-0.2824638530302249,-1.1625248408877793,1.2266826887373805,-1.8862980592798373,0,Economy
0.5161300314693194,-0.8336170026089215,0.1421092921113184,-0.4176448819672531,-0.5878540308766232,0.5421513250521064,2,Premium
0.03556203196343534,-0.890880110198135,-0.5432563775052193,-0.7900848614275162,-0.08729217719000198,0.4612030122410416,1,Mid-range
0.03556203196343534,-0.6379105585991997,0.9784198462081518,-0.2314248922371213,2.075850119098614,0.4612030122410416,2,Premium
0.5161300314693194,-0.028598897725218585,1.75621365837657,0.6996750564135367,1.07472641172537,-1.4006081824134484,0,Economy
0.03556203196343534,-0.8333870302892861,-0.7703362715557834,-1.1625248408877793,0.7976296712917049,-1.5625048080355781,0,Economy
0.9966980309752034,-0.9886183460431782,1.2439286454057346,-0.04520490250698953,1.07472641172537,-1.5625048080355781,0,Economy
0.03556203196343534,-0.4886585231558278,0.14575341242698392,-0.2314248922371213,2.7462454588574823,-1.8862980592798373,0,Economy
0.03556203196343534,0.1669925601246855,-0.14408967780413398,0.3272350769532736,1.7004287288336473,-1.8862980592798373,0,Economy
-0.9255739670483327,0.7763042209986666,-0.7612238195739893,0.6996750564135367,-1.1152316981536003,0.4612030122410416,3,Luxury
-1.4061419665542167,0.19573910007910997,-1.1891992909795568,-1.1625248408877793,-0.5074065901055592,0.4612030122410416,1,Mid-range
-0.44500596754244864,0.5809427354683979,-0.021605071822218467,0.6996750564135367,0.43114688555685665,0.4612030122410416,2,Premium
-0.9255739670483327,0.464806714052523,-0.895974525933665,-0.2314248922371213,-0.9364596075512354,0.4612030122410416,3,Luxury
0.5161300314693194,-1.0642792392032234,5.1714470781821404,-0.04520490250698953,1.369700361219272,-1.5625048080355781,0,Economy
-0.9255739670483327,0.20125843575035948,0.0841819769635959,-0.2314248922371213,1.7004287288336473,0.4612030122410416,1,Mid-range
0.5161300314693194,-0.4677310420690068,1.7975759297942153,0.6996750564135367,1.2177440842072627,-1.5625048080355781,0,Economy
0.03556203196343534,-0.777043811978614,-0.2783499122441099,-1.1625248408877793,0.43114688555685665,-1.5625048080355781,0,Economy
0.03556203196343534,-0.5230393849413195,-0.48380601797527034,-1.1625248408877793,0.21662037683401889,0.4612030122410416,1,Mid-range
-1.4061419665542167,1.6981482642571504,-1.2704240223130276,0.6996750564135367,-0.5878540308766232,0.4612030122410416,3,Luxury
0.03556203196343534,1.5226793843753434,0.4069856406756044,0.6996750564135367,-1.0526614664427723,0.4612030122410416,2,Premium
0.03556203196343534,-0.21338165655225907,3.0718916758159542,0.3272350769532736,1.7004287288336473,-1.8862980592798373,0,Economy
-0.9255739670483327,0.4313457415455729,-0.5632022355730181,-0.04520490250698953,-0.5074065901055592,0.4612030122410416,3,Luxury
0.5161300314693194,-0.9486031624266194,0.37738092769792436,-0.4176448819672531,-0.43589775386461344,0.13740976099678243,2,Premium
-0.9255739670483327,-0.6039896414529787,-1.248572207574816,-0.7900848614275162,-1.0526614664427723,0.4612030122410416,1,Mid-range
-0.44500596754244864,2.6023994250635267,0.016884066718447485,2.561874953714853,-1.3833898340571478,0.5421513250521064,3,Luxury
-0.9255739670483327,-0.22396038325548728,-1.0490017648800551,0.6996750564135367,-2.1342326145870802,0.5421513250521064,3,Luxury
-0.9255739670483327,1.8344068636411224,-1.165475938653016,-0.2314248922371213,-1.7409340152618775,0.5421513250521064,3,Luxury
0.03556203196343534,1.17772090492225,0.37686894385192204,0.6996750564135367,0.011032472641298852,0.4612030122410416,2,Premium
-0.9255739670483327,-0.029058842364489378,-0.7380683821018383,-1.1625248408877793,0.43114688555685665,0.4612030122410416,1,Mid-range
0.5161300314693194,-0.036302970433004345,0.06914255904690102,0.6996750564135367,0.32388363119543745,0.4612030122410416,2,Premium
-1.4061419665542167,4.097219502693599,-1.1439338956535623,2.561874953714853,-1.5711005291896303,0.4612030122410416,3,Luxury
0.5161300314693194,0.4883788768151511,0.23833213846298326,1.0721150358738003,-1.1152316981536003,1.9992209556512726,2,Premium
0.03556203196343534,0.046257092316102734,-0.3933956941105761,-0.4176448819672531,0.20768177230390053,-1.4006081824134484,0,Economy
0.03556203196343534,-0.43093547092734347,0.19020565693873898,-0.2314248922371213,0.7976296712917049,-1.4006081824134484,0,Economy
-0.9255739670483327,-0.3745922526166715,-1.2321543054206485,-1.1625248408877793,0.5473487444483937,0.4612030122410416,1,Mid-range
0.5161300314693194,-0.22396038325548728,1.9351068375092428,2.561874953714853,-0.5074065901055592,1.3516344531627542,2,Premium
0.03556203196343534,-0.22396038325548728,-0.3498469505035316,0.6996750564135367,-1.4370214612378567,0.4612030122410416,2,Premium
0.03556203196343534,-0.25857121736061434,-1.1590825941558744,-1.1625248408877793,-0.5878540308766232,0.4612030122410416,1,Mid-range
0.5161300314693194,-0.21372661503171217,-0.324937430560664,0.6996750564135367,1.369700361219272,-1.5625048080355781,0,Economy
-0.44500596754244864,-0.43105045708716117,0.9084361719641199,0.14101508722314182,0.43114688555685665,0.4612030122410416,2,Premium
1.9578340299869714,0.0863872620924793,0.5157208162230159,2.561874953714853,-0.9990298392620627,1.9182726428402077,2,Premium
0.03556203196343534,-0.8360317119650931,-0.014648114855948025,-0.7900848614275162,-0.08729217719000198,0.13740976099678243,1,Mid-range
0.03556203196343534,-0.5700687243067579,-0.12975413011606152,-0.2314248922371213,1.2177440842072627,-1.5625048080355781,0,Economy
0.5161300314693194,-0.7184008704715882,-0.14059614097258716,-0.4176448819672531,-0.346511708563431,0.13740976099678243,1,Mid-range
-0.44500596754244864,-0.7856677739649415,0.6923413430799936,-0.4176448819672531,1.369700361219272,0.4612030122410416,1,Mid-range
0.5161300314693194,-0.3159493111096456,0.7065985873563249,0.6996750564135367,1.07472641172537,-1.5625048080355781,0,Economy
1.4772660304810874,-1.0093158548103638,0.49117686664620774,-0.04520490250698953,0.5473487444483937,-1.4006081824134484,0,Economy
0.03556203196343534,0.48883882145442187,-0.6177650854470091,0.6996750564135367,1.2177440842072627,0.4612030122410416,2,Premium
3.8801060280105073,-1.4325799090993097,1.0059465071049971,-0.04520490250698953,1.07472641172537,-1.5625048080355781,0,Economy
0.03556203196343534,-0.43093547092734347,0.32265888956929395,-1.1625248408877793,1.07472641172537,-1.8862980592798373,0,Economy
0.5161300314693194,-0.8190137603120738,0.469104339544131,-0.7900848614275162,0.43114688555685665,-1.5625048080355781,0,Economy
-0.9255739670483327,0.08420252505594303,-0.8996917867987594,-0.2314248922371213,-0.17667822249118445,0.4612030122410416,3,Luxury
0.9966980309752034,-0.3228484806987075,1.9962656351135533,-0.04520490250698953,-0.6593628671175696,0.4612030122410416,2,Premium
0.03556203196343534,0.15491901334382724,-0.1913728918173155,0.6996750564135367,-0.08729217719000198,0.4612030122410416,2,Premium
0.03556203196343534,-0.8299374454947551,0.16605206608614573,-0.2314248922371213,1.7004287288336473,-1.8862980592798373,0,Economy
-0.9255739670483327,0.4186972639656262,-0.02481895361183149,-0.2314248922371213,-1.329758206876438,0.4612030122410416,3,Luxury
0.5161300314693194,-0.8564992484126434,-0.7168490179969238,-1.1625248408877793,0.9317087392434786,-1.8862980592798373,0,Economy
-0.9255739670483327,1.2357889156301873,-1.1014306316648255,0.6996750564135367,-2.1074168009967256,0.4612030122410416,3,Luxury
0.5161300314693194,-1.0639342807237704,0.13468251467459844,-1.1625248408877793,1.2266826887373805,-1.8862980592798373,0,Economy
0.03556203196343534,0.0863872620924793,-0.6132475809234568,-0.04520490250698953,2.075850119098614,-1.8862980592798373,0,Economy
1.4772660304810874,0.14399532816114594,0.5741634247438644,0.6996750564135367,-0.6593628671175696,1.3516344531627542,2,Premium
0.5161300314693194,0.08523740049430231,0.44492665533407894,0.6996750564135367,0.32388363119543745,0.4612030122410416,2,Premium
-0.9255739670483327,-0.40908810056198086,-0.989680476907922,-1.1625248408877793,-0.43589775386461344,0.4612030122410416,1,Mid-range
0.5161300314693194,-1.0289784881391901,3.544765979323319,-0.2314248922371213,1.7004287288336473,-1.8862980592798373,0,Economy
0.03556203196343534,-0.43208533252552045,0.6293070966280265,-0.7900848614275162,-0.346511708563431,0.13740976099678243,2,Premium
-0.44500596754244864,-0.7194357459099474,-0.15225130264335218,-1.1625248408877793,0.9317087392434786,0.4612030122410416,1,Mid-range
0.03556203196343534,-1.258950807774586,2.0618378977432976,-0.4176448819672531,-0.6593628671175696,0.4612030122410416,2,Premium
0.9966980309752034,-0.8914550409972235,0.1992516175119614,-1.1625248408877793,0.672489207870049,-1.5625048080355781,0,Economy
0.03556203196343534,-0.22396038325548728,0.42102002139544,-0.7900848614275162,0.43114688555685665,0.5421513250521064,1,Mid-range
0.03556203196343534,-0.6954036385080485,0.37976014674699515,-0.7900848614275162,0.43114688555685665,0.4612030122410416,1,Mid-range
-0.44500596754244864,1.1466746417714715,0.042091741959869554,0.6996750564135367,-0.8023805395994617,0.4612030122410416,3,Luxury
-0.9255739670483327,-0.6274468180557892,-1.0016066888501003,-1.1625248408877793,0.10935712247259968,0.4612030122410416,1,Mid-range
-0.9255739670483327,0.6601681995827917,-0.9852662296306224,-0.04520490250698953,-0.5074065901055592,0.4612030122410416,3,Luxury
0.9966980309752034,-0.6045645722520673,0.974751084958721,-0.4176448819672531,0.10935712247259968,-1.4006081824134484,0,Economy
0.9966980309752034,-0.22396038325548728,-0.1470520656189729,-1.1625248408877793,0.9317087392434786,-1.8862980592798373,0,Economy
-0.9255739670483327,0.5452970259249116,-0.8294510450354113,-0.2314248922371213,-0.08729217719000198,0.4612030122410416,3,Luxury
0.03556203196343534,0.2584065571797553,0.9721555732688258,0.6996750564135367,-0.5074065901055592,0.704047950674236,2,Premium
1.9578340299869714,-1.0064412008149213,0.8564518574102111,-0.7900848614275162,0.20768177230390053,-1.4006081824134484,0,Economy
-0.9255739670483327,-0.039982527547170674,-0.38585791513413437,-1.1625248408877793,-0.5878540308766232,0.4612030122410416,1,Mid-range
0.9966980309752034,0.8337973009075155,1.7127470512154084,0.6996750564135367,-1.6604865744908128,3.375342273439374,2,Premium
0.03556203196343534,-0.6034147106538903,0.8680120356525326,-0.2314248922371213,0.5473487444483937,0.13740976099678243,2,Premium
0.03556203196343534,0.028434237544359562,-0.23052459768810243,0.6996750564135367,1.2177440842072627,0.4612030122410416,2,Premium
0.03556203196343534,-0.16784713726445072,2.032263301462442,0.6996750564135367,1.7004287288336473,0.4612030122410416,2,Premium
-0.44500596754244864,0.9891436028212254,-0.4319751827417132,0.6996750564135367,0.20768177230390053,0.4612030122410416,3,Luxury
0.5161300314693194,-0.5458066445852237,1.3442714558828792,0.6996750564135367,0.7976296712917049,0.4612030122410416,2,Premium
0.5161300314693194,-0.9656211140796386,-0.7399425011213233,-0.7900848614275162,-0.08729217719000198,0.13740976099678243,1,Mid-range
-0.9255739670483327,0.3733927169974532,0.160966646708204,-0.2314248922371213,-1.7856270379124688,0.4612030122410416,3,Luxury
0.5161300314693194,-0.25903116199988513,0.7731143239611095,-0.2314248922371213,2.031157096448023,-1.8862980592798373,0,Economy
-0.9255739670483327,0.5873819604181889,-0.11744070350043596,0.6996750564135367,-0.6593628671175696,0.4612030122410416,3,Luxury
0.03556203196343534,0.08546737281393771,-0.27708501097751514,0.6996750564135367,-0.08729217719000198,0.5421513250521064,2,Premium
1.4772660304810874,-0.6655072369554471,0.06879019369406389,-0.2314248922371213,2.031157096448023,-1.8862980592798373,0,Economy
-0.9255739670483327,0.8327624254691562,-0.6103649827989045,-0.04520490250698953,-0.6593628671175696,0.4612030122410416,3,Luxury
1.9578340299869714,-1.422231154715717,1.3667352683767653,-1.1625248408877793,0.9317087392434786,0.4612030122410416,1,Mid-range
0.03556203196343534,-0.041132389145347656,-0.2188694360173374,0.6996750564135367,-0.08729217719000198,0.4612030122410416,2,Premium
-0.9255739670483327,0.7758442763593958,-1.1645466234367423,0.6996750564135367,-1.2314335570451371,0.4612030122410416,3,Luxury
1.4772660304810874,-0.7194357459099474,0.9369190379851173,0.6996750564135367,0.9317087392434786,-1.4006081824134484,0,Economy
-0.9255739670483327,2.730034062461171,-0.6907507490065729,2.561874953714853,-2.035907964755779,0.4612030122410416,3,Luxury
0.5161300314693194,-0.4895784124343694,0.514586575087256,-1.1625248408877793,1.07472641172537,-1.8862980592798373,0,Economy
-0.44500596754244864,0.7476726672040598,0.4448724452797963,0.6996750564135367,0.10935712247259968,0.4612030122410416,2,Premium
-0.9255739670483327,1.5801724642841926,-0.24367268704426998,0.6996750564135367,-0.2660642677923669,0.4612030122410416,3,Luxury
0.03556203196343534,-0.3744772664568538,0.32693546051825645,-0.04520490250698953,-0.9364596075512354,0.4612030122410416,2,Premium
0.03556203196343534,-0.6044495860922495,-0.016936983814547356,-1.1625248408877793,-0.17667822249118445,0.13740976099678243,1,Mid-range
0.03556203196343534,-0.7413981024351277,0.19616876290982804,-1.1625248408877793,0.43114688555685665,-1.5625048080355781,0,Economy
1.4772660304810874,-0.8681128505542308,-0.21612881660638225,-1.1625248408877793,0.43114688555685665,-1.5625048080355781,0,Economy
-0.44500596754244864,-0.14358505754291648,-0.23261770811734833,-0.04520490250698953,-1.7856270379124688,0.5421513250521064,2,Premium
-1.4061419665542167,4.570962481142514,-0.6031886041843468,2.561874953714853,-1.8213814560329415,0.4612030122410416,3,Luxury
-0.9255739670483327,-0.5464965615441298,-1.1423979441155545,-1.1625248408877793,-0.346511708563431,0.4612030122410416,1,Mid-range
0.5161300314693194,-0.2935270099451945,0.9154699265072909,0.6996750564135367,1.5305952427614014,-1.8862980592798373,0,Economy
0.5161300314693194,-0.5805324648501684,-0.4180431987910777,-0.7900848614275162,0.43114688555685665,-1.5625048080355781,0,Economy
-0.9255739670483327,-0.6954036385080485,-0.5246356540976623,-0.7900848614275162,-0.8023805395994617,0.4612030122410416,1,Mid-range
-0.44500596754244864,-0.8678828782345954,-0.9850532615602263,-1.1625248408877793,1.2177440842072627,0.4612030122410416,1,Mid-range
0.03556203196343534,0.028894182183630355,0.6631582638578454,0.6996750564135367,1.07472641172537,0.4612030122410416,2,Premium
0.9966980309752034,-0.25857121736061434,-0.41172033518702206,0.6996750564135367,-1.2314335570451371,1.3516344531627542,2,Premium
0.9966980309752034,-0.5579951775258997,2.021005132613443,0.6996750564135367,0.20768177230390053,0.13740976099678243,2,Premium
0.03556203196343534,-0.22396038325548728,0.06666696656799412,0.6996750564135367,-0.08729217719000198,0.4612030122410416,2,Premium
-0.9255739670483327,0.6027901058337605,-0.3384628391041797,-0.2314248922371213,-1.1688633253343093,0.5421513250521064,3,Luxury
0.5161300314693194,0.6556837393499015,-0.3240971747192833,0.6996750564135367,-1.329758206876438,1.3516344531627542,3,Luxury
0.03556203196343534,0.43088579690630213,-0.2188694360173374,0.6996750564135367,-0.5878540308766232,0.704047950674236,2,Premium
0.03556203196343534,0.13824602017026102,1.1232209245364158,0.6996750564135367,0.672489207870049,-1.4006081824134484,0,Economy
-0.9255739670483327,0.08650224825229699,-0.8148917733137913,-1.1625248408877793,0.32388363119543745,0.4612030122410416,1,Mid-range
0.03556203196343534,-0.6379105585991997,0.6338848345452263,-1.1625248408877793,0.672489207870049,0.4612030122410416,1,Mid-range
0.03556203196343534,0.2578316263806668,2.328430898026533,-0.4176448819672531,-0.2660642677923669,0.13740976099678243,2,Premium
-0.44500596754244864,-0.31652424190873407,0.23013286775273578,-1.1625248408877793,0.21662037683401889,0.4612030122410416,1,Mid-range
0.03556203196343534,-0.6011149874575363,-0.8463508143387577,-0.2314248922371213,1.2177440842072627,-1.5625048080355781,0,Economy
0.9966980309752034,-0.31709917270782256,1.8252082729180965,0.6996750564135367,0.7976296712917049,-1.4006081824134484,0,Economy
-0.44500596754244864,0.2924424604857939,-0.4674827682968346,0.6996750564135367,-0.5878540308766232,0.4612030122410416,2,Premium
0.9966980309752034,-0.9651611694403678,0.568520650911718,-0.7900848614275162,0.43114688555685665,-1.5625048080355781,0,Economy
-0.44500596754244864,-0.31698418654800486,-0.7564901201910956,-0.04520490250698953,-0.9364596075512354,0.4612030122410416,3,Luxury
-1.4061419665542167,1.5790226026860155,-0.6615547626286432,-0.2314248922371213,-1.3833898340571478,0.4612030122410416,3,Luxury
0.03556203196343534,-0.6781557145353939,-0.15137791843546505,-1.1625248408877793,0.9317087392434786,0.4612030122410416,1,Mid-range
0.5161300314693194,0.31647456788769274,-0.46043546124009294,-0.4176448819672531,-0.6593628671175696,0.4612030122410416,2,Premium
-1.4061419665542167,1.7536865794490986,-0.9598004112735687,0.6996750564135367,-1.4370214612378567,0.4612030122410416,3,Luxury
0.03556203196343534,0.43031086610721364,-0.00820314173567988,0.3272350769532736,1.7004287288336473,0.299306386618912,2,Premium
-0.44500596754244864,-0.25903116199988513,-0.879208130573395,-0.04520490250698953,1.2177440842072627,0.4612030122410416,1,Mid-range
0.03556203196343534,-1.1796103575003745,2.0080494772162014,-0.7900848614275162,-0.08729217719000198,0.4612030122410416,1,Mid-range
0.03556203196343534,-0.753471649215986,0.7769993778513644,-0.7900848614275162,0.43114688555685665,-1.5625048080355781,0,Economy
-0.9255739670483327,0.5464468875230886,-1.1319431479324762,-0.2314248922371213,-0.9990298392620627,0.4612030122410416,3,Luxury
0.03556203196343534,0.6608581165416979,-0.3158150830927706,0.6996750564135367,-0.9990298392620627,0.4612030122410416,3,Luxury
-0.9255739670483327,0.5441471643267346,-1.271727645046967,-0.2314248922371213,-0.2660642677923669,0.4612030122410416,3,Luxury
0.5161300314693194,-0.22396038325548728,0.4305067808948999,-0.4176448819672531,0.011032472641298852,-1.4006081824134484,0,Economy
-0.44500596754244864,-0.14404500218218727,-0.15394536683968432,-1.1625248408877793,0.43114688555685665,0.4612030122410416,1,Mid-range
0.9966980309752034,-0.6783856868550293,1.5576077322320327,0.6996750564135367,1.7004287288336473,-1.8862980592798373,0,Economy
0.5161300314693194,-0.14576979457945272,0.9697341908442015,0.6996750564135367,1.07472641172537,0.4612030122410416,2,Premium
0.03556203196343534,-0.6154882574347486,-0.36050826117911516,-1.1625248408877793,0.5473487444483937,0.4612030122410416,1,Mid-range
0.9966980309752034,-0.8679978643944131,0.6040035955330746,-0.7900848614275162,0.43114688555685665,-1.5625048080355781,0,Economy
-0.9255739670483327,0.2009134772709064,-1.2718050879816567,-0.04520490250698953,0.011032472641298852,0.4612030122410416,3,Luxury
0.03556203196343534,-0.777043811978614,0.02685269336708621,-0.6038648716973845,-0.024721945479174005,-1.4006081824134484,0,Economy
2.9189700289987393,-1.1789204405414682,1.9730538755070826,0.6996750564135367,0.5473487444483937,-1.4006081824134484,0,Economy
0.9966980309752034,-0.22396038325548728,0.3467522470282395,0.6996750564135367,-0.08729217719000198,0.4612030122410416,2,Premium
0.5161300314693194,-0.9949425848331516,-0.34897958963500963,-0.7900848614275162,0.20768177230390053,0.4612030122410416,1,Mid-range
0.5161300314693194,-0.948373190106984,1.407426169122141,-1.1625248408877793,0.9317087392434786,-1.8862980592798373,0,Economy
-0.9255739670483327,-0.14404500218218727,-0.8014941456125131,-0.2314248922371213,1.8792008194360121,0.299306386618912,1,Mid-range
0.5161300314693194,-0.22396038325548728,-0.24630574682371195,2.561874953714853,-0.17667822249118445,0.4612030122410416,2,Premium
0.5161300314693194,-0.5464965615441298,0.5591472397075765,-0.4176448819672531,-0.17667822249118445,-1.4006081824134484,0,Economy
0.9966980309752034,-0.6505590361791465,-0.2593654417190723,-0.2314248922371213,-0.8023805395994617,0.4612030122410416,2,Premium
0.03556203196343534,-0.9253759581434443,-0.7806361818694828,-1.1625248408877793,0.43114688555685665,-1.5625048080355781,0,Economy
0.03556203196343534,-0.5390224611559795,-0.2188694360173374,-1.1625248408877793,0.43114688555685665,0.4612030122410416,1,Mid-range
-0.44500596754244864,0.43019587994739594,0.09433668177475238,-0.2314248922371213,-0.43589775386461344,0.5421513250521064,2,Premium
0.03556203196343534,-0.43151040172643196,-0.48603465354022285,-0.04520490250698953,-0.6593628671175696,0.5421513250521064,2,Premium
0.03556203196343534,-1.0070161316140098,0.06552253208869434,-1.1625248408877793,0.7976296712917049,0.5421513250521064,1,Mid-range
-0.9255739670483327,-0.44818339489999814,-0.9715588301905864,-1.1625248408877793,0.10935712247259968,0.4612030122410416,1,Mid-range
0.9966980309752034,-0.03572803963391585,-0.13773779265586664,0.6996750564135367,-0.7308717033585154,0.4612030122410416,2,Premium
0.03556203196343534,1.8112946455177652,0.4782417453604366,2.561874953714853,-0.7308717033585154,0.5421513250521064,2,Premium
0.03556203196343534,-0.6609077905627392,-0.2011909349818358,-1.1625248408877793,-0.17667822249118445,0.13740976099678243,1,Mid-range
0.03556203196343534,-0.43208533252552045,0.18604955277707114,-0.7900848614275162,-0.346511708563431,0.5421513250521064,1,Mid-range
-0.9255739670483327,0.18998979208822508,-0.2873505022091303,0.6996750564135367,-0.6593628671175696,0.4612030122410416,3,Luxury
0.03556203196343534,-0.8339619610883745,-0.05711265737733987,-1.1625248408877793,0.9317087392434786,0.5421513250521064,1,Mid-range
-0.9255739670483327,1.5801724642841926,-0.8835836563833499,0.6996750564135367,-1.9733377330449515,0.4612030122410416,3,Luxury
1.4772660304810874,-1.0290934742990079,1.094128195404739,-0.04520490250698953,1.07472641172537,-1.5625048080355781,0,Economy
0.03556203196343534,-0.7988911823439767,0.5205255877008865,-1.1625248408877793,0.9317087392434786,0.4612030122410416,1,Mid-range
4.841242027022275,-1.2934466557198954,1.1601598457353157,0.6996750564135367,-1.705179597141404,2.9706007093840503,2,Premium
-0.44500596754244864,-0.8667330166364184,-0.689066365177077,-0.7900848614275162,-0.08729217719000198,0.4612030122410416,1,Mid-range
0.03556203196343534,-1.0075910624130984,-0.9624807972908764,-1.1625248408877793,0.21662037683401889,0.5421513250521064,1,Mid-range
-0.44500596754244864,-0.6039896414529787,-0.3647547154312543,-0.2314248922371213,-0.7308717033585154,0.5421513250521064,1,Mid-range
-0.9255739670483327,-0.22396038325548728,0.0841819769635959,2.561874953714853,-1.3833898340571478,0.4612030122410416,2,Premium
-0.9255739670483327,0.3728177861983647,-0.6951649962838726,-0.7900848614275162,-0.2660642677923669,0.4612030122410416,1,Mid-range
-1.4061419665542167,0.43088579690630213,-1.1230630247547504,-1.1625248408877793,0.011032472641298852,0.4612030122410416,1,Mid-range
0.5161300314693194,-0.8724823246273034,0.36187685217309273,-0.4176448819672531,-0.5878540308766232,0.4612030122410416,2,Premium
-0.9255739670483327,-0.6856298149235442,-0.7765575206425043,-1.1625248408877793,0.43114688555685665,0.4612030122410416,1,Mid-range
0.5161300314693194,-0.15496868736486855,1.2247382861896843,0.6996750564135367,0.672489207870049,-1.4006081824134484,0,Economy
0.5161300314693194,0.6096892754228224,1.0110964622618468,2.561874953714853,-0.6593628671175696,1.3516344531627542,2,Premium
-0.9255739670483327,-0.4890034816352809,-0.9704746291049339,-0.2314248922371213,-0.6593628671175696,0.4612030122410416,3,Luxury
0.03556203196343534,-0.2125767534335352,0.7851308859937586,0.6996750564135367,0.7976296712917049,-1.4006081824134484,0,Economy
0.03556203196343534,0.41996211172362086,0.4265614936109975,2.561874953714853,0.7976296712917049,-1.4006081824134484,0,Economy
-0.9255739670483327,0.22437065387371674,-0.7127445424583818,-0.2314248922371213,-1.2314335570451371,0.4612030122410416,3,Luxury
0.5161300314693194,0.4312307553857552,0.15593285595338857,0.6996750564135367,0.5473487444483937,-1.4006081824134484,0,Economy
-0.44500596754244864,-0.3446958510640701,-0.5973836108715822,-1.1625248408877793,0.21662037683401889,0.5421513250521064,1,Mid-range
1.9578340299869714,-0.23005464972582526,1.9254741278636376,0.6996750564135367,-0.7308717033585154,1.432582765973819,2,Premium
1.9578340299869714,-0.3517100068129496,0.17173717177886247,-0.4176448819672531,-1.2314335570451371,1.432582765973819,2,Premium
-0.9255739670483327,-0.22396038325548728,-1.0007548165685163,-0.2314248922371213,-1.7856270379124688,0.4612030122410416,3,Luxury
0.03556203196343534,0.4314607277053906,-0.41929605337894293,0.6996750564135367,-0.5878540308766232,0.4612030122410416,2,Premium
0.5161300314693194,-0.8274077499787658,0.7804326812892642,-0.7900848614275162,0.43114688555685665,-1.5625048080355781,0,Economy
-1.4061419665542167,0.4257114197145057,-1.2404277922766402,-0.04520490250698953,-1.8213814560329415,0.4612030122410416,3,Luxury
0.03556203196343534,-0.4884285508361924,-0.5989722666290315,-0.2314248922371213,2.7462454588574823,-1.8862980592798373,0,Economy
0.03556203196343534,-0.22396038325548728,0.714296415064458,0.6996750564135367,0.43114688555685665,0.13740976099678243,2,Premium
0.03556203196343534,0.1727418681155704,-0.059401526335939696,0.6996750564135367,-0.2660642677923669,0.13740976099678243,2,Premium
0.5161300314693194,-0.08597699147424982,0.7262226270066362,0.6996750564135367,0.43114688555685665,0.13740976099678243,2,Premium
0.03556203196343534,-1.0760078275046285,-0.8627945308044881,-1.1625248408877793,0.43114688555685665,-1.5625048080355781,0,Economy
0.03556203196343534,-0.8462654801888682,0.027033393548028386,-0.6038648716973845,0.24343619042437337,-1.4006081824134484,0,Economy
0.03556203196343534,-0.7469174381063772,-0.3246091585652858,-1.1625248408877793,0.43114688555685665,0.4612030122410416,1,Mid-range
-0.44500596754244864,0.09340141784135886,-0.6696862707710374,0.6996750564135367,1.07472641172537,0.4612030122410416,2,Premium
0.03556203196343534,-0.33998141851154445,-0.4919977595113119,-1.1625248408877793,0.32388363119543745,0.4612030122410416,1,Mid-range
-0.9255739670483327,1.1212627004517601,-1.1909546641658513,0.6996750564135367,-1.2314335570451371,0.4612030122410416,3,Luxury
0.5161300314693194,-0.292952079146106,0.31346727369870575,-0.04520490250698953,1.5305952427614014,-1.8862980592798373,0,Economy
-1.4061419665542167,-0.22396038325548728,-0.9633240648019396,-1.1625248408877793,-0.9990298392620627,0.5421513250521064,1,Mid-range
0.5161300314693194,0.43088579690630213,0.44942608983953714,2.561874953714853,0.7976296712917049,0.4612030122410416,2,Premium
-0.9255739670483327,-0.16750217878499762,-0.34055379834079536,-1.1625248408877793,0.43114688555685665,0.4612030122410416,1,Mid-range
-0.9255739670483327,0.3101503290977194,-1.2534511124602525,-1.1625248408877793,-0.6593628671175696,0.4612030122410416,1,Mid-range
0.03556203196343534,0.4768802608333813,-0.327440128066712,0.3272350769532736,1.7004287288336473,-1.8862980592798373,0,Economy
-0.9255739670483327,0.3021012979104805,-1.0932216805877417,-0.2314248922371213,1.2177440842072627,0.4612030122410416,1,Mid-range
0.03556203196343534,-0.22522523101348196,-0.042777109689267165,-0.2314248922371213,0.011032472641298852,0.5421513250521064,2,Premium
-0.44500596754244864,-0.18371522731929302,-1.0123615764051002,-1.1625248408877793,0.21662037683401889,0.4612030122410416,1,Mid-range
-0.9255739670483327,0.8212638094873864,-1.008499110037463,-0.2314248922371213,-1.1688633253343093,0.4612030122410416,3,Luxury
0.03556203196343534,-0.7185158566314058,0.2865188533808748,-1.1625248408877793,-0.17667822249118445,0.5421513250521064,1,Mid-range
-0.9255739670483327,0.13192178138028765,-0.7540990695825582,-0.2314248922371213,-0.5878540308766232,0.4612030122410416,3,Luxury
2.4384020294928552,-0.7212755244670306,1.2060203288752396,0.6996750564135367,-0.43589775386461344,0.704047950674236,2,Premium
0.03556203196343534,0.2267853632298884,3.7410244458445274,0.6996750564135367,0.9317087392434786,0.4612030122410416,2,Premium
-0.9255739670483327,0.6602831857426095,-0.5319152899584726,0.6996750564135367,0.9317087392434786,0.5421513250521064,3,Luxury
-1.4061419665542167,-0.2065974731230149,-1.1844107361845913,-1.1625248408877793,-0.5878540308766232,0.5421513250521064,1,Mid-range
0.5161300314693194,-0.8914550409972235,-0.3037684043632977,-0.7900848614275162,-0.6593628671175696,0.5421513250521064,1,Mid-range
-0.9255739670483327,0.5195401261257472,-1.0756421344132323,-0.2314248922371213,-1.0526614664427723,0.4612030122410416,3,Luxury
-0.9255739670483327,1.3136345458267689,-1.0551971996552127,0.6996750564135367,-1.7856270379124688,0.4612030122410416,3,Luxury
0.5161300314693194,-0.7186308427912236,-0.01385303405980255,-1.1625248408877793,0.672489207870049,-1.5625048080355781,0,Economy
-0.44500596754244864,0.3498205542348251,-0.25125241427700173,-0.04520490250698953,-0.43589775386461344,0.5421513250521064,2,Premium
0.03556203196343534,0.2584065571797553,0.8739751416236217,0.6996750564135367,-0.7308717033585154,1.3516344531627542,2,Premium
0.03556203196343534,-0.6149133266356601,-0.5084414759770426,-1.1625248408877793,0.9317087392434786,-1.8862980592798373,0,Economy
0.5161300314693194,-0.374017321817583,-0.324937430560664,-0.4176448819672531,-0.17667822249118445,-1.4006081824134484,0,Economy
0.03556203196343534,3.396953789403819,1.0404000082712896,4.42407485101617,-1.4370214612378567,0.4612030122410416,2,Premium
0.03556203196343534,-0.4886585231558278,-0.9495908510503406,-1.1625248408877793,0.32388363119543745,0.4612030122410416,1,Mid-range
0.5161300314693194,-0.05723045151982536,0.5898301304315439,0.6996750564135367,0.32388363119543745,0.13740976099678243,2,Premium
0.03556203196343534,-0.8333870302892861,-0.19534829579804153,-0.9763048511576475,0.7976296712917049,0.5421513250521064,1,Mid-range
-0.9255739670483327,-0.2596060927989736,-0.8985301427784175,-1.1625248408877793,-0.2660642677923669,0.5421513250521064,1,Mid-range
0.9966980309752034,-0.6841349948459142,0.8455340282959476,-0.4176448819672531,-0.17667822249118445,-1.4006081824134484,0,Economy
0.9966980309752034,-0.3159493111096456,2.804734671937657,2.561874953714853,-1.5711005291896303,1.9182726428402077,2,Premium
0.03556203196343534,-0.6039896414529787,-0.48591418675292813,-1.1625248408877793,0.9317087392434786,0.4612030122410416,1,Mid-range
-0.9255739670483327,3.074992541914265,-0.5058170209681216,2.561874953714853,-1.9018288968040058,0.4612030122410416,3,Luxury
0.9966980309752034,-0.005486679601861312,0.20260278450397834,0.6996750564135367,-0.346511708563431,0.704047950674236,2,Premium
-1.4061419665542167,1.5807473950832809,-1.1439338956535623,0.6996750564135367,-1.481714483888448,0.4612030122410416,3,Luxury
0.9966980309752034,-0.22396038325548728,-0.41172033518702206,-0.7900848614275162,0.011032472641298852,-1.4006081824134484,0,Economy
2.4384020294928552,-1.0875064434863984,1.2680908410288487,-0.04520490250698953,1.7004287288336473,-1.8862980592798373,0,Economy
-0.9255739670483327,1.2691349019773197,-0.3936796515377709,0.6996750564135367,-1.285065184225847,0.4612030122410416,3,Luxury
-0.44500596754244864,0.0862722759326616,-0.852103103432081,-0.04520490250698953,2.075850119098614,0.299306386618912,1,Mid-range
0.5161300314693194,-1.165697032162433,-0.324937430560664,-1.1625248408877793,0.672489207870049,-1.5625048080355781,0,Economy
2.4384020294928552,-0.7540465800150745,1.484195350279811,0.6996750564135367,0.20768177230390053,0.13740976099678243,2,Premium
-0.9255739670483327,2.5000617428257756,-1.2743607048264092,-0.2314248922371213,-1.526407506539039,0.4612030122410416,3,Luxury
-0.9255739670483327,-0.0986254690541966,-0.8659266672741511,-1.1625248408877793,0.43114688555685665,0.4612030122410416,1,Mid-range
-0.44500596754244864,-0.028598897725218585,0.9798579184814824,0.6996750564135367,-0.08729217719000198,0.4612030122410416,2,Premium
-0.9255739670483327,0.31589963708860425,-0.040772198157861865,-1.1625248408877793,-0.9990298392620627,0.4612030122410416,1,Mid-range
0.5161300314693194,-0.9763148269426846,1.5449028667828857,-0.2314248922371213,1.2177440842072627,-1.5625048080355781,0,Economy
0.03556203196343534,0.2809438445040241,0.987756022223493,0.6996750564135367,-0.9990298392620627,0.704047950674236,2,Premium
0.9966980309752034,0.6597082549435209,0.10088500992275598,2.561874953714853,-1.8213814560329415,0.4612030122410416,2,Premium
-0.9255739670483327,0.0859273174532085,0.0841819769635959,-0.04520490250698953,-0.08729217719000198,0.4612030122410416,2,Premium
0.03556203196343534,2.1436046473909123,-1.0564448913807651,0.6996750564135367,-1.526407506539039,0.5421513250521064,3,Luxury
-0.9255739670483327,0.7764192071584842,-0.89233470800326,-0.04520490250698953,-0.6593628671175696,0.4612030122410416,3,Luxury
0.03556203196343534,-0.22396038325548728,1.1376167056181359,0.3272350769532736,-0.7308717033585154,0.4612030122410416,2,Premium
0.5161300314693194,-0.8000410439421537,0.4200442404183526,-0.7900848614275162,0.43114688555685665,-1.5625048080355781,0,Economy
-0.9255739670483327,2.9051579838635253,-0.9178908764507846,2.561874953714853,-1.8213814560329415,0.4612030122410416,3,Luxury
0.03556203196343534,-0.7189758012706766,0.6479192152650626,-0.7900848614275162,0.43114688555685665,0.4612030122410416,1,Mid-range
0.5161300314693194,0.3509704158330021,0.5906974913000659,0.6996750564135367,-1.285065184225847,1.3516344531627542,2,Premium
0.03556203196343534,-0.8563842622528256,0.56431526488252,-1.1625248408877793,0.9317087392434786,-1.8862980592798373,0,Economy
-0.44500596754244864,-0.02388446517269297,1.3078287468913823,0.14101508722314182,0.21662037683401889,0.4612030122410416,2,Premium
-0.9255739670483327,2.097035252664744,-1.2787749521037088,0.6996750564135367,-0.7308717033585154,0.4612030122410416,3,Luxury
0.5161300314693194,-1.2019176725050078,-0.39381130452674296,-1.1625248408877793,1.2266826887373805,-1.8862980592798373,0,Economy
-0.9255739670483327,0.43031086610721364,-0.8134978004893808,-0.04520490250698953,-0.2660642677923669,0.4612030122410416,3,Luxury
-0.44500596754244864,-0.7991211546636121,-0.5389722773820503,-1.1625248408877793,0.21662037683401889,0.4612030122410416,1,Mid-range
0.5161300314693194,-0.4890034816352809,-0.5982916292808161,-0.2314248922371213,2.031157096448023,-1.8862980592798373,0,Economy
0.5161300314693194,-0.9828690380522933,-0.324937430560664,-1.1625248408877793,1.2266826887373805,-1.8862980592798373,0,Economy
-0.44500596754244864,-0.5005020976170507,-1.0000965516236557,-1.1625248408877793,0.5473487444483937,0.4612030122410416,1,Mid-range
-0.44500596754244864,-0.31698418654800486,-1.0402797543606537,-1.1625248408877793,-0.5878540308766232,0.4612030122410416,1,Mid-range
-0.44500596754244864,-0.8333870302892861,0.8816699576620722,-1.1625248408877793,0.011032472641298852,0.4612030122410416,1,Mid-range
0.03556203196343534,-0.22396038325548728,-0.3680976687786831,-0.4176448819672531,0.20768177230390053,0.5421513250521064,1,Mid-range
0.03556203196343534,-0.6896543305171637,0.45667819043467983,-1.1625248408877793,0.43114688555685665,0.5421513250521064,1,Mid-range
-1.4061419665542167,2.943908319722089,-1.2704240223130276,2.561874953714853,-0.9990298392620627,0.4612030122410416,3,Luxury
0.03556203196343534,-0.3745922526166715,0.1460545793952208,-0.7900848614275162,-0.346511708563431,0.13740976099678243,1,Mid-range
0.03556203196343534,0.8339122870673332,-0.8262328608605379,0.6996750564135367,-1.3833898340571478,0.4612030122410416,3,Luxury
0.03556203196343534,1.465761235265583,-1.0434344783529343,0.6996750564135367,-1.1688633253343093,0.4612030122410416,3,Luxury
0.03556203196343534,-0.8339619610883745,-0.24353501071593317,-0.04520490250698953,-0.9990298392620627,0.4612030122410416,2,Premium
0.03556203196343534,-1.0696835887146552,0.5531720870577578,-1.1625248408877793,1.2266826887373805,0.4612030122410416,1,Mid-range
-0.44500596754244864,-0.14370004370273418,0.9621041257039217,0.6996750564135367,0.672489207870049,0.5421513250521064,2,Premium
0.03556203196343534,-0.6035296968137079,0.15099371767430456,-0.7900848614275162,0.43114688555685665,-1.5625048080355781,0,Economy
-0.9255739670483327,1.523599273653885,-1.0740158327847535,0.6996750564135367,-0.864950771310289,0.4612030122410416,3,Luxury
-0.44500596754244864,-0.294101940744283,-0.059823160091471275,-0.04520490250698953,-0.9364596075512354,0.4612030122410416,2,Premium
0.03556203196343534,-0.5464965615441298,-0.10138420170815299,-1.1625248408877793,0.9317087392434786,-1.8862980592798373,0,Economy
-0.9255739670483327,-0.22396038325548728,-0.659386360457338,-0.7900848614275162,-0.6593628671175696,0.5421513250521064,1,Mid-range
0.5161300314693194,-0.9495230517051609,0.5048829753706655,-1.1625248408877793,0.9317087392434786,-1.8862980592798373,0,Economy
0.03556203196343534,-0.2011931236115831,-0.09451759483235327,0.14101508722314182,0.5741645580387488,-1.4006081824134484,0,Economy
0.03556203196343534,0.017510552361678262,1.2573606921890965,0.6996750564135367,1.07472641172537,0.4612030122410416,2,Premium
-0.9255739670483327,-0.22396038325548728,-0.8209323222195698,0.6996750564135367,-0.2660642677923669,0.4612030122410416,3,Luxury
0.9966980309752034,-0.6610227767225569,-0.0787966790903911,0.6996750564135367,0.43114688555685665,0.13740976099678243,2,Premium
0.5161300314693194,0.14342039736205744,1.1833218047177563,0.6996750564135367,0.5473487444483937,-1.4006081824134484,0,Economy
-0.44500596754244864,0.4313457415455729,-0.5237256996150612,-0.4176448819672531,-0.5878540308766232,0.4612030122410416,1,Mid-range
-0.9255739670483327,0.4312307553857552,-0.9970375557034217,-0.2314248922371213,-1.6604865744908128,0.4612030122410416,3,Luxury
1.4772660304810874,-0.9486031624266194,0.03251463236993842,-0.04520490250698953,-0.9990298392620627,0.7849962634853007,2,Premium
0.9966980309752034,-1.2369884512494056,1.7759264053884347,-1.1625248408877793,0.43114688555685665,-1.5625048080355781,0,Economy
-0.9255739670483327,0.3048609657461053,-0.8391314118715949,-0.2314248922371213,-0.346511708563431,0.4612030122410416,3,Luxury
-0.9255739670483327,0.062355154690580436,-1.2720374167857251,-0.7900848614275162,-1.4370214612378567,0.4612030122410416,3,Luxury
0.03556203196343534,0.5110311502992375,-0.7590726269437262,-0.4176448819672531,-0.43589775386461344,0.4612030122410416,2,Premium
0.5161300314693194,-0.041132389145347656,0.39310184343988647,0.6996750564135367,1.07472641172537,-1.5625048080355781,0,Economy
0.5161300314693194,-0.8333870302892861,0.527109097626543,-1.1625248408877793,0.9317087392434786,-1.8862980592798373,0,Economy
0.5161300314693194,-0.6614827213618277,1.721519223635688,-0.04520490250698953,1.07472641172537,-1.5625048080355781,0,Economy
0.5161300314693194,-0.29571174698173075,1.2501628016482367,0.6996750564135367,1.369700361219272,-1.5625048080355781,0,Economy
0.9966980309752034,-0.22396038325548728,-0.8587315146148204,-1.1625248408877793,1.2266826887373805,-1.8862980592798373,0,Economy
-0.44500596754244864,-0.4886585231558278,0.11486873983429777,-0.04520490250698953,1.2177440842072627,0.4612030122410416,1,Mid-range
0.03556203196343534,-0.2607559543971506,-0.10596193962535264,-0.2314248922371213,1.5305952427614014,0.4612030122410416,1,Mid-range
-0.9255739670483327,0.2572566955815783,-1.2712629874388304,-1.1625248408877793,-0.6593628671175696,0.4612030122410416,1,Mid-range
-0.44500596754244864,-0.6154882574347486,0.8938672198756635,-1.1625248408877793,-0.08729217719000198,0.4612030122410416,1,Mid-range
0.9966980309752034,1.5801724642841926,0.03317172393700072,2.561874953714853,-1.9018288968040058,2.9706007093840503,3,Luxury
0.03556203196343534,-0.6045645722520673,-0.6660722671521955,-1.1625248408877793,0.9317087392434786,0.5421513250521064,1,Mid-range
-0.9255739670483327,-0.43266026332460894,-1.0250718980610094,-1.1625248408877793,-0.5878540308766232,0.4612030122410416,1,Mid-range
-1.4061419665542167,0.6037099951123021,-1.2786458805458931,0.6996750564135367,-0.17667822249118445,0.5421513250521064,3,Luxury
0.5161300314693194,-0.7415130885949455,0.5054792859677747,-0.7900848614275162,0.43114688555685665,-1.5625048080355781,0,Economy
0.5161300314693194,-0.9138773421616746,-0.324937430560664,-0.7900848614275162,0.32388363119543745,-1.4006081824134484,0,Economy
0.03556203196343534,0.29175254352688773,-0.2188694360173374,0.6996750564135367,0.43114688555685665,0.4612030122410416,2,Premium
0.03556203196343534,-0.6034147106538903,-0.2351625689989492,-1.1625248408877793,0.43114688555685665,0.4612030122410416,1,Mid-range
-0.44500596754244864,0.6612030750211509,-0.22245332293935557,0.6996750564135367,0.9317087392434786,0.4612030122410416,2,Premium
-0.9255739670483327,0.6382058430576114,-0.04015265468034626,-0.2314248922371213,-1.9018288968040058,0.4612030122410416,3,Luxury
0.03556203196343534,-0.729899486453358,-0.9783824132137807,-1.1625248408877793,-0.08729217719000198,0.4612030122410416,1,Mid-range
0.03556203196343534,-0.2883526327533981,-0.2188694360173374,0.14101508722314182,0.5741645580387488,-1.4006081824134484,0,Economy
-1.4061419665542167,-0.6344609738046687,-1.23437433621508,-1.1625248408877793,0.21662037683401889,0.4612030122410416,1,Mid-range
-0.9255739670483327,1.2955817187353902,-1.0270854143629355,-0.2314248922371213,-1.1152316981536003,0.4612030122410416,3,Luxury
0.03556203196343534,-0.9369895602850319,-0.2188694360173374,-0.04520490250698953,2.2724994187612153,-1.8862980592798373,0,Economy
-0.44500596754244864,0.1784911761064553,-0.3148137029233832,-0.2314248922371213,0.011032472641298852,0.4612030122410416,1,Mid-range
-0.9255739670483327,0.5809427354683979,0.0841819769635959,0.6996750564135367,-0.346511708563431,0.4612030122410416,3,Luxury
0.03556203196343534,-0.8000410439421537,1.0366655378651533,-1.1625248408877793,-0.17667822249118445,0.13740976099678243,1,Mid-range
0.03556203196343534,-0.5689188627085809,3.7231351279312603,-0.2314248922371213,-0.346511708563431,0.13740976099678243,2,Premium
1.9578340299869714,-1.0891162497238462,0.2003851004651436,-0.04520490250698953,1.07472641172537,-1.5625048080355781,0,Economy
0.03556203196343534,-0.6611377628823746,0.3166957835982049,-0.04520490250698953,-0.9364596075512354,0.704047950674236,2,Premium
-0.9255739670483327,2.385190569167895,-1.2787749521037088,0.6996750564135367,-1.526407506539039,0.4612030122410416,3,Luxury
1.4772660304810874,-1.037832422445153,0.9027667037870616,-0.04520490250698953,-0.9364596075512354,0.704047950674236,2,Premium
0.03556203196343534,0.05085653870881065,0.2077335744901224,0.6996750564135367,-1.2314335570451371,0.4612030122410416,2,Premium
0.9966980309752034,-0.9874684844450012,0.9814041370752257,-0.2314248922371213,1.7004287288336473,0.4612030122410416,0,Economy
0.03556203196343534,-0.2757041551734513,0.973059074173536,0.6996750564135367,1.07472641172537,-1.5625048080355781,0,Economy
1.4772660304810874,-0.2596060927989736,0.7533276541479502,0.6996750564135367,0.672489207870049,-1.4006081824134484,0,Economy
-0.9255739670483327,1.4542626192838133,-0.9697776426927286,0.6996750564135367,-0.7308717033585154,0.4612030122410416,3,Luxury
0.03556203196343534,0.8333373562682447,-0.2188694360173374,0.6996750564135367,-1.526407506539039,0.4612030122410416,3,Luxury
-0.44500596754244864,-0.7655451959968443,-0.49763711099154645,-1.1625248408877793,0.43114688555685665,0.4612030122410416,1,Mid-range
-0.44500596754244864,0.7177762656514584,0.2789896791749543,0.6996750564135367,0.011032472641298852,0.4612030122410416,2,Premium
0.03556203196343534,-0.4890034816352809,0.04558527879141664,-0.4176448819672531,0.21662037683401889,0.4612030122410416,1,Mid-range
-0.44500596754244864,-0.33998141851154445,0.13966983966860014,-1.1625248408877793,0.672489207870049,0.4612030122410416,1,Mid-range
-0.9255739670483327,0.7068525804687771,-1.0856322729881738,0.6996750564135367,1.2177440842072627,0.4612030122410416,3,Luxury
1.9578340299869714,-0.9839039134906525,1.192971194380064,-0.04520490250698953,1.2177440842072627,-1.8862980592798373,0,Economy
0.03556203196343534,0.6585583933453439,-0.14710134748650253,0.6996750564135367,-1.7409340152618775,0.4612030122410416,3,Luxury
-0.9255739670483327,0.8274730621175421,-0.9697776426927286,-0.2314248922371213,-1.1688633253343093,0.4612030122410416,3,Luxury
-0.9255739670483327,1.1501242265660023,-0.9872023029978592,1.2583350256039312,-1.8571358741534145,0.4612030122410416,3,Luxury
1.4772660304810874,-1.2588358216147681,1.581702458631743,-0.7900848614275162,-0.08729217719000198,-1.4006081824134484,0,Economy
0.03556203196343534,0.06293008548966893,0.9310161654076757,0.6996750564135367,0.5473487444483937,0.4612030122410416,2,Premium
-1.4061419665542167,-0.22396038325548728,-1.1439338956535623,2.561874953714853,-1.8571358741534145,0.4612030122410416,3,Luxury
0.03556203196343534,-1.0409370487602307,0.4577623915203324,-1.1625248408877793,1.2266826887373805,0.5421513250521064,1,Mid-range
1.4772660304810874,-1.0865865542078568,0.6328006334595736,-0.4176448819672531,-0.7308717033585154,0.5421513250521064,2,Premium
0.03556203196343534,0.4764203161941105,0.6463531470302307,0.3272350769532736,1.7004287288336473,-1.8862980592798373,0,Economy
0.5161300314693194,-0.914452272960763,2.8176465212304285,-0.2314248922371213,2.075850119098614,-1.8862980592798373,0,Economy
0.03556203196343534,-1.0645092115228587,0.01444461427572922,-1.1625248408877793,0.7976296712917049,-1.5625048080355781,0,Economy
-0.9255739670483327,1.2881076183472397,-1.1216432376187768,0.6996750564135367,-0.08729217719000198,0.4612030122410416,3,Luxury
-0.44500596754244864,-0.6162931605534725,-1.1250507267451135,-1.1625248408877793,0.32388363119543745,0.4612030122410416,1,Mid-range
0.03556203196343534,-1.1208524298335307,-0.6093324103363782,-1.1625248408877793,1.2177440842072627,0.4612030122410416,1,Mid-range
0.5161300314693194,-0.25857121736061434,0.3720141323239441,0.6996750564135367,1.2177440842072627,-1.5625048080355781,0,Economy
-0.9255739670483327,0.7741194839621303,-0.9480936209796773,-0.04520490250698953,1.07472641172537,0.4612030122410416,3,Luxury
1.4772660304810874,-0.5286737067723867,-0.285065935635791,0.3272350769532736,-0.5878540308766232,0.4612030122410416,2,Premium
-0.44500596754244864,-0.8535096082573832,-0.403176091404067,-1.1625248408877793,0.21662037683401889,0.4612030122410416,1,Mid-range
0.03556203196343534,0.8902555053780051,-0.4993462335362905,0.6996750564135367,-1.3833898340571478,0.4612030122410416,3,Luxury
0.5161300314693194,-0.782793119969499,2.569364472615992,-0.2314248922371213,2.4870259274840527,-1.8862980592798373,0,Economy
0.5161300314693194,0.7686001482908809,-0.26180982234854355,2.561874953714853,-0.5074065901055592,0.704047950674236,2,Premium
0.03556203196343534,-0.006521555040220593,0.12358752356475362,0.6996750564135367,1.2177440842072627,-1.5625048080355781,0,Economy
0.03556203196343534,0.2960070314401425,0.1670760337781513,0.6996750564135367,0.43114688555685665,0.4612030122410416,2,Premium
0.9966980309752034,-1.0635893222443171,0.19939946311455028,-0.4176448819672531,-0.7308717033585154,0.5421513250521064,2,Premium
-0.9255739670483327,0.6591333241444325,-1.2159687320705497,-0.2314248922371213,1.5305952427614014,0.4612030122410416,3,Luxury
0.9966980309752034,-0.2124617672737175,1.826883856414105,0.6996750564135367,0.9317087392434786,-1.4006081824134484,0,Economy
-0.44500596754244864,-0.040557458346259165,-0.9519851284478232,0.3272350769532736,1.2088054796771437,0.3802546994299768,1,Mid-range
1.9578340299869714,-0.834536891887463,2.275587678445903,-0.04520490250698953,1.7004287288336473,-1.8862980592798373,0,Economy
0.5161300314693194,0.31624459556805734,-0.5283606592562259,2.561874953714853,-1.705179597141404,2.323014206895532,3,Luxury
0.03556203196343534,-0.9486031624266194,-0.5509662518920818,-1.1625248408877793,1.2177440842072627,0.5421513250521064,1,Mid-range
0.03556203196343534,-0.14404500218218727,0.21327504670567965,0.6996750564135367,1.07472641172537,-1.5625048080355781,0,Economy
0.03556203196343534,0.0861572897728439,-0.9036930050910487,-0.2314248922371213,-0.864950771310289,0.4612030122410416,2,Premium
0.5161300314693194,-0.6039896414529787,0.12991202989772707,-0.2314248922371213,0.7976296712917049,-1.5625048080355781,0,Economy
0.03556203196343534,-0.7195507320697652,-0.493985461501675,-1.1625248408877793,0.32388363119543745,0.4612030122410416,1,Mid-range
0.9966980309752034,-0.7189758012706766,0.6808340270118179,0.14101508722314182,0.9317087392434786,-1.4006081824134484,0,Economy
0.03556203196343534,-0.7195507320697652,1.4473970491465318,-0.7900848614275162,0.43114688555685665,0.4612030122410416,1,Mid-range
-0.44500596754244864,-0.7765838673393433,-0.5334835093859343,-0.7900848614275162,0.32388363119543745,0.4612030122410416,1,Mid-range
0.03556203196343534,-0.7419730332342163,1.2785026133593216,-0.2314248922371213,0.7976296712917049,0.4612030122410416,2,Premium
-0.44500596754244864,0.544722095125823,-1.2788717557720706,-0.4176448819672531,-0.2660642677923669,0.4612030122410416,3,Luxury
0.5161300314693194,-0.2607559543971506,1.0065428177021063,0.3272350769532736,2.075850119098614,-1.8862980592798373,0,Economy
0.9966980309752034,-0.8339619610883745,0.2087630179451859,-1.1625248408877793,0.672489207870049,-1.5625048080355781,0,Economy
0.9966980309752034,2.2361685060441587,-1.0927711035131848,2.1894349742545893,-1.526407506539039,2.9706007093840503,3,Luxury
0.03556203196343534,-0.2596060927989736,-0.19570969615992576,-1.1625248408877793,0.32388363119543745,0.5421513250521064,1,Mid-range
-0.44500596754244864,-0.9489481209060724,-0.2837106842787253,-1.1625248408877793,1.2177440842072627,0.4612030122410416,1,Mid-range
0.03556203196343534,0.028779196023812657,-0.11626184993905198,0.6996750564135367,0.20768177230390053,-1.4006081824134484,0,Economy
0.5161300314693194,0.08650224825229699,0.9318955729549272,0.3272350769532736,2.7104910407370086,-1.8862980592798373,0,Economy
0.5161300314693194,3.6504982718018426,1.246639148119866,4.42407485101617,-1.4370214612378567,2.9706007093840503,2,Premium
-0.9255739670483327,0.8908304361770937,-0.9868150883244118,0.6996750564135367,-0.346511708563431,0.4612030122410416,3,Luxury
0.03556203196343534,-0.4941778588270773,0.4786633791159677,-1.1625248408877793,1.07472641172537,-1.8862980592798373,0,Economy
0.5161300314693194,-0.15496868736486855,0.6345534252147121,0.6996750564135367,0.43114688555685665,0.13740976099678243,2,Premium
-0.9255739670483327,0.8339122870673332,-0.9140187297163113,0.3272350769532736,2.075850119098614,0.299306386618912,3,Luxury
0.03556203196343534,0.2929024051250647,-0.10999757699972601,0.6996750564135367,0.43114688555685665,0.4612030122410416,2,Premium
1.9578340299869714,-0.43323519412369743,0.2884972886952919,0.6996750564135367,0.672489207870049,-1.4006081824134484,0,Economy
-0.9255739670483327,2.730034062461171,-1.0757195773479218,0.6996750564135367,-1.526407506539039,0.4612030122410416,3,Luxury
-0.9255739670483327,0.029009168343448053,-1.1647789522408107,-1.1625248408877793,-0.5878540308766232,0.4612030122410416,1,Mid-range
-0.44500596754244864,-0.3446958510640701,-0.15597824387528286,-1.1625248408877793,-0.08729217719000198,0.5421513250521064,1,Mid-range
0.5161300314693194,-0.5501761186582962,2.763002786513539,0.6996750564135367,1.2177440842072627,0.4612030122410416,2,Premium
0.03556203196343534,-0.8914550409972235,-0.56403689831356,-1.1625248408877793,1.0479105981350156,0.4612030122410416,1,Mid-range
-0.9255739670483327,1.3502001446487968,-0.8148917733137913,0.6996750564135367,-0.864950771310289,0.4612030122410416,3,Luxury
-0.44500596754244864,-0.5576502190464465,-0.534364422768027,-0.2314248922371213,-0.7308717033585154,0.4612030122410416,1,Mid-range
0.5161300314693194,-0.5116557551193673,-0.5476594385808415,-1.1625248408877793,1.07472641172537,-1.8862980592798373,0,Economy
0.03556203196343534,0.4257114197145057,0.9355336699312281,0.6996750564135367,0.5473487444483937,0.4612030122410416,2,Premium
0.03556203196343534,-0.638140530918835,-0.012178545716406024,-0.2314248922371213,2.075850119098614,-1.8862980592798373,0,Economy
0.03556203196343534,-0.028598897725218585,-0.8645412992202617,-1.1625248408877793,-0.5074065901055592,0.4612030122410416,1,Mid-range
-0.9255739670483327,1.1208027558124893,-1.163307536481711,-0.2314248922371213,-0.346511708563431,0.5421513250521064,3,Luxury
0.03556203196343534,0.31532470628951575,-0.09987836686696835,0.6996750564135367,0.43114688555685665,0.4612030122410416,2,Premium
1.9578340299869714,-0.7761239227000725,0.7865625874273771,0.6996750564135367,-0.6593628671175696,1.3516344531627542,2,Premium
0.5161300314693194,-0.6103138802429522,-0.8007119719721495,-1.1625248408877793,0.21662037683401889,-1.8862980592798373,0,Economy
-0.9255739670483327,0.8336823147476978,-1.0285568301220354,0.6996750564135367,-1.329758206876438,0.5421513250521064,3,Luxury
0.03556203196343534,-0.7189758012706766,0.09070009063329267,-1.1625248408877793,0.43114688555685665,0.4612030122410416,1,Mid-range
-0.9255739670483327,-0.7471474104260126,-1.157189544641243,-1.1625248408877793,-0.5074065901055592,0.4612030122410416,1,Mid-range
-0.9255739670483327,1.552575785927945,-1.1348085365159866,-0.2314248922371213,-1.526407506539039,0.5421513250521064,3,Luxury
1.4772660304810874,-0.782793119969499,0.8595793605419013,-0.2314248922371213,1.8792008194360121,-1.8862980592798373,0,Economy
0.5161300314693194,-0.7186308427912236,-0.22223648272222501,-1.1625248408877793,0.672489207870049,-1.5625048080355781,0,Economy
0.5161300314693194,-0.6036446829735257,0.48487946534037596,-0.4176448819672531,-0.17667822249118445,-1.4006081824134484,0,Economy
-0.44500596754244864,0.006011936379908476,1.8656502054596256,-0.4176448819672531,-0.346511708563431,0.4612030122410416,2,Premium
0.5161300314693194,-0.8339619610883745,0.7695906704327387,-0.7900848614275162,0.43114688555685665,-1.5625048080355781,0,Economy
-0.44500596754244864,-0.22396038325548728,-0.8645714159170854,-0.04520490250698953,-0.9364596075512354,0.4612030122410416,3,Luxury
-0.9255739670483327,0.12042316539851787,-1.093763781130568,0.6996750564135367,0.7976296712917049,0.4612030122410416,3,Luxury
1.4772660304810874,-0.25845623120079664,1.4576066093697604,0.6996750564135367,-0.43589775386461344,0.704047950674236,2,Premium
-0.9255739670483327,0.4996475204772855,0.0841819769635959,0.6996750564135367,-0.2660642677923669,0.4612030122410416,2,Premium
0.5161300314693194,0.29336234976433545,1.1544820558393982,0.6996750564135367,-0.43589775386461344,0.704047950674236,2,Premium
0.03556203196343534,-0.2930670653059237,0.02890062875109663,-0.7900848614275162,-0.346511708563431,0.13740976099678243,1,Mid-range
1.4772660304810874,-1.1789204405414682,0.5958926215021509,-1.1625248408877793,0.9585245528338331,-1.8862980592798373,0,Economy
-0.9255739670483327,0.14376535584151054,-0.1441585159683024,-0.2314248922371213,-1.6604865744908128,0.4612030122410416,3,Luxury
0.03556203196343534,-0.8920299717963119,-1.1334834018557445,-1.1625248408877793,0.7976296712917049,0.5421513250521064,1,Mid-range
-0.9255739670483327,-0.3159493111096456,-0.4006495156598231,-1.1625248408877793,-0.17667822249118445,0.4612030122410416,1,Mid-range
-0.9255739670483327,0.6257873377973,-0.5940245235794263,-0.2314248922371213,-1.1688633253343093,0.5421513250521064,3,Luxury
-1.4061419665542167,1.7267798180517573,-0.5600916110296575,0.6996750564135367,-1.2314335570451371,0.4612030122410416,3,Luxury
0.9966980309752034,0.2589814879788438,-0.44175763344635105,0.6996750564135367,-1.1688633253343093,1.3516344531627542,2,Premium
0.9966980309752034,-1.212841357687689,1.5169994733875913,-0.7900848614275162,0.3149450266653191,-1.5625048080355781,0,Economy
-0.9255739670483327,-0.6206626346265449,-0.14353897249078704,-1.1625248408877793,0.32388363119543745,0.4612030122410416,1,Mid-range
0.03556203196343534,0.20148840806999488,1.6048471401407427,0.6996750564135367,0.7976296712917049,0.4612030122410416,2,Premium
-0.9255739670483327,0.684430279304326,-1.212251471205455,-0.2314248922371213,-0.8023805395994617,0.4612030122410416,3,Luxury
-1.4061419665542167,4.34041523070803,-0.9633240648019396,2.561874953714853,-1.1688633253343093,0.4612030122410416,3,Luxury
-0.44500596754244864,-0.948373190106984,-0.2766633772219837,-0.7900848614275162,0.21662037683401889,0.4612030122410416,1,Mid-range
0.03556203196343534,-0.07562823709065702,1.4979930998103184,0.6996750564135367,0.011032472641298852,0.4612030122410416,2,Premium
-0.44500596754244864,2.0871464429204223,-0.5138323647084816,2.561874953714853,-0.43589775386461344,0.4612030122410416,3,Luxury
-0.9255739670483327,1.1208027558124893,-0.6945454528063568,0.6996750564135367,-0.43589775386461344,0.5421513250521064,3,Luxury
0.9966980309752034,-0.31652424190873407,0.543879717146887,0.6996750564135367,-0.08729217719000198,0.4612030122410416,2,Premium
1.4772660304810874,-0.8448856462710559,-0.48403942237565395,0.6996750564135367,1.2177440842072627,-1.5625048080355781,0,Economy
-0.9255739670483327,0.6608581165416979,-1.2640607945127098,-0.2314248922371213,-1.2314335570451371,0.5421513250521064,3,Luxury
-0.9255739670483327,0.08535238665412001,-0.5468617763535398,-0.2314248922371213,-0.7308717033585154,0.5421513250521064,3,Luxury
-0.9255739670483327,-0.4890034816352809,-0.8536132406585255,-1.1625248408877793,0.5473487444483937,0.4612030122410416,1,Mid-range
0.5161300314693194,-0.04492693241933168,0.29893897915096157,0.6996750564135367,0.10935712247259968,0.13740976099678243,2,Premium
-0.44500596754244864,0.7718197607657764,-0.849257075582243,0.6996750564135367,-0.43589775386461344,0.5421513250521064,3,Luxury
-0.9255739670483327,1.1787557803606092,-1.1259025990266975,0.6996750564135367,-1.5711005291896303,0.5421513250521064,3,Luxury
-0.44500596754244864,0.2589814879788438,-0.5786133795762222,-0.04520490250698953,-1.9018288968040058,0.4612030122410416,3,Luxury
0.5161300314693194,-1.054160457139266,-0.2661466266911538,-1.1625248408877793,0.7976296712917049,-1.5625048080355781,0,Economy
0.5161300314693194,-0.37919169900937943,0.04859694847378492,0.6996750564135367,0.32388363119543745,0.13740976099678243,2,Premium
0.03556203196343534,-0.5461516030646767,0.0584149916383057,-0.2314248922371213,1.7004287288336473,-1.8862980592798373,0,Economy
2.4384020294928552,-0.7758939503804371,0.7929784367089581,0.6996750564135367,-0.2660642677923669,0.7849962634853007,2,Premium
-0.9255739670483327,0.027859306745271074,-0.3646385510292201,-0.2314248922371213,-0.864950771310289,0.5421513250521064,3,Luxury
1.4772660304810874,-1.0892312358836638,0.030526930379575472,-0.6038648716973845,0.24343619042437337,-1.4006081824134484,0,Economy
-0.44500596754244864,-0.6389454340375589,-0.4309587442239139,-1.1625248408877793,0.9317087392434786,0.4612030122410416,1,Mid-range
-0.44500596754244864,-0.5230393849413195,-0.13090609376956738,-0.7900848614275162,0.32388363119543745,0.5421513250521064,1,Mid-range
-0.9255739670483327,0.48872383529460417,-0.2052609914382936,0.6996750564135367,1.5305952427614014,0.3802546994299768,3,Luxury
0.03556203196343534,-0.8161391063166313,0.6125622131940591,-0.2314248922371213,0.32388363119543745,0.4612030122410416,2,Premium
-1.4061419665542167,2.3854205414875307,-1.23437433621508,0.6996750564135367,-0.5074065901055592,0.4612030122410416,3,Luxury
-0.9255739670483327,1.465761235265583,-0.7758605342302989,0.6996750564135367,-2.009092151165425,0.4612030122410416,3,Luxury
0.03556203196343534,-0.6321612506083147,-0.0011558346789382274,-1.1625248408877793,0.43114688555685665,0.5421513250521064,1,Mid-range
-0.44500596754244864,-0.9259508889425329,-0.08628444283817911,-1.1625248408877793,0.10935712247259968,0.4612030122410416,1,Mid-range
0.9966980309752034,-0.7195507320697652,-0.41172033518702206,-0.04520490250698953,1.2177440842072627,-1.8862980592798373,0,Economy
0.03556203196343534,0.7752693455603072,1.204656472747653,0.6996750564135367,-0.5074065901055592,0.704047950674236,2,Premium
1.9578340299869714,-1.213991219285866,-0.032968333200692736,-1.1625248408877793,0.32388363119543745,-1.4006081824134484,0,Economy
1.4772660304810874,-0.8333870302892861,0.584418160012328,0.6996750564135367,0.011032472641298852,0.13740976099678243,2,Premium
2.4384020294928552,-1.419931431519363,1.74018297089585,-1.1625248408877793,0.672489207870049,-1.5625048080355781,0,Economy
-0.44500596754244864,-0.20199802673030698,0.6545298302178605,-0.2314248922371213,-0.5878540308766232,0.5421513250521064,2,Premium
-0.9255739670483327,1.5465965056174247,-1.1249732838104238,0.6996750564135367,-1.4370214612378567,0.4612030122410416,3,Luxury
0.03556203196343534,-1.0919909037192885,2.6041191407505213,-1.1625248408877793,1.2177440842072627,0.4612030122410416,1,Mid-range
-0.44500596754244864,0.2704801039606136,0.97382704994254,0.6996750564135367,0.7976296712917049,0.5421513250521064,2,Premium
0.03556203196343534,0.15537895798309803,-0.8867071880824919,0.3272350769532736,-0.7308717033585154,0.4612030122410416,2,Premium
-0.9255739670483327,2.4839636804512977,-1.0019939035235477,0.6996750564135367,-1.7856270379124688,0.4612030122410416,3,Luxury
0.03556203196343534,-0.5469565061834006,-0.6142715486154621,-1.1625248408877793,0.43114688555685665,0.5421513250521064,1,Mid-range
0.03556203196343534,-0.839136338280171,-0.2188694360173374,-1.1625248408877793,0.7976296712917049,0.4612030122410416,1,Mid-range
-0.44500596754244864,0.517700347568664,0.6390122021794582,0.6996750564135367,0.20768177230390053,0.5421513250521064,2,Premium
0.03556203196343534,-0.041132389145347656,-0.2188694360173374,-0.2314248922371213,-1.3386968114065565,0.5421513250521064,2,Premium
0.9966980309752034,-1.0197795953537743,0.8476038667321935,-0.6038648716973845,-0.024721945479174005,-1.4006081824134484,0,Economy
0.03556203196343534,-0.6619426660010985,-0.31707998435936535,-0.7900848614275162,0.43114688555685665,0.4612030122410416,1,Mid-range
0.9966980309752034,-0.7300144726131756,2.8425338643329074,0.6996750564135367,0.43114688555685665,0.13740976099678243,2,Premium
-0.9255739670483327,1.17772090492225,0.057502885963074145,0.6996750564135367,-1.6157935518402216,0.5421513250521064,3,Luxury
0.5161300314693194,-0.43105045708716117,1.8676695299816537,0.6996750564135367,0.43114688555685665,0.13740976099678243,2,Premium
-0.9255739670483327,-0.8339619610883745,-1.1962982266594246,-1.1625248408877793,0.43114688555685665,0.4612030122410416,1,Mid-range
0.5161300314693194,-0.890880110198135,-0.2419147324268191,-1.1625248408877793,0.9317087392434786,-1.8862980592798373,0,Economy
0.5161300314693194,0.038438033448499276,0.06036053025311512,-0.04520490250698953,1.2177440842072627,-1.5625048080355781,0,Economy
0.03556203196343534,-0.7186308427912236,0.15033115034418357,-1.1625248408877793,0.32388363119543745,0.4612030122410416,1,Mid-range
-0.9255739670483327,-0.22396038325548728,-0.2616394478922268,-0.04520490250698953,0.21662037683401889,0.4612030122410416,1,Mid-range
0.5161300314693194,-0.4890034816352809,-0.4390766998527374,-0.2314248922371213,2.7462454588574823,-1.8862980592798373,0,Economy
0.9966980309752034,-1.1554632639386577,-0.14695350188391343,-1.1625248408877793,1.2266826887373805,0.4612030122410416,1,Mid-range
1.9578340299869714,-1.3519746110671036,-0.3126922132990535,-0.7900848614275162,0.5473487444483937,-1.5625048080355781,0,Economy
0.03556203196343534,-0.02951878700376017,0.14093474093519462,0.6996750564135367,0.43114688555685665,-1.4006081824134484,0,Economy
0.03556203196343534,-0.22396038325548728,-0.5567486576822289,-1.1625248408877793,1.07472641172537,0.5421513250521064,1,Mid-range
0.03556203196343534,0.6608581165416979,-0.9173057520553531,-0.2314248922371213,-1.3386968114065565,0.4612030122410416,3,Luxury
0.03556203196343534,0.2587515156592084,0.37265260629660624,-0.4176448819672531,0.10935712247259968,0.4612030122410416,2,Premium
0.5161300314693194,-0.22396038325548728,0.7533276541479502,-0.2314248922371213,1.5305952427614014,-1.5625048080355781,0,Economy
0.5161300314693194,0.34522110784211724,0.7630312538645407,2.561874953714853,-0.17667822249118445,0.5421513250521064,2,Premium
-0.44500596754244864,-0.25845623120079664,-0.473039298860804,-1.1625248408877793,-0.08729217719000198,0.5421513250521064,1,Mid-range
0.5161300314693194,-0.15496868736486855,0.7394498802515975,0.6996750564135367,0.10935712247259968,0.13740976099678243,2,Premium
0.03556203196343534,-0.4890034816352809,0.10931220927032839,0.6996750564135367,0.672489207870049,-1.4006081824134484,0,Economy
0.5161300314693194,-0.2620208021551453,0.9602474313447416,0.6996750564135367,1.7004287288336473,-1.5625048080355781,0,Economy
-0.44500596754244864,-0.7300144726131756,-0.3565554447210068,-1.1625248408877793,0.7976296712917049,0.4612030122410416,1,Mid-range
0.03556203196343534,-0.45416267521051845,0.4395719066388282,-0.7900848614275162,-0.346511708563431,0.5421513250521064,2,Premium
-0.44500596754244864,0.22816519714770078,-0.08062626842242981,-1.1625248408877793,0.011032472641298852,0.4612030122410416,1,Mid-range
0.03556203196343534,0.08546737281393771,0.20502307177599097,0.6996750564135367,1.07472641172537,-1.5625048080355781,0,Economy
-0.9255739670483327,1.8572891094448443,-0.7288526728737916,0.6996750564135367,0.011032472641298852,0.4612030122410416,3,Luxury
0.9966980309752034,-0.5694937935076694,-0.41172033518702206,-0.04520490250698953,2.2724994187612153,-1.8862980592798373,0,Economy
0.5161300314693194,0.4314607277053906,-0.557363038297432,1.6307750050641947,0.20768177230390053,-1.5625048080355781,0,Economy
0.03556203196343534,-0.7184008704715882,0.037875404404554,-0.4176448819672531,-0.17667822249118445,0.13740976099678243,1,Mid-range
0.5161300314693194,-1.1208524298335307,1.1599030612676609,-1.1625248408877793,0.7976296712917049,-1.5625048080355781,0,Economy
0.03556203196343534,-0.8569591930519141,1.2668173349917333,-0.04520490250698953,1.2177440842072627,-1.8862980592798373,0,Economy
-0.9255739670483327,-0.12162270101773617,-1.149600137041675,-1.1625248408877793,0.43114688555685665,0.4612030122410416,1,Mid-range
0.03556203196343534,-0.6266419149370652,-0.40917684324618564,-0.7900848614275162,0.43114688555685665,0.4612030122410416,1,Mid-range
-0.44500596754244864,-0.8563842622528256,0.14495531996115638,-0.9763048511576475,0.7976296712917049,0.5421513250521064,1,Mid-range
-0.9255739670483327,-0.546036616904859,-0.9493327079347089,-1.1625248408877793,-0.6593628671175696,0.4612030122410416,1,Mid-range
0.03556203196343534,-0.7539315938552568,3.5951993998242577,0.6996750564135367,0.7976296712917049,-1.4006081824134484,0,Economy
0.5161300314693194,-0.7758939503804371,-0.47295798377938,-1.1625248408877793,0.9317087392434786,0.4612030122410416,1,Mid-range
0.9966980309752034,-0.7761239227000725,-0.17464991143558337,-0.2314248922371213,1.7004287288336473,-1.8862980592798373,0,Economy
1.4772660304810874,0.2572566955815783,2.0755560531464847,2.561874953714853,-0.43589775386461344,0.7849962634853007,2,Premium
-0.9255739670483327,3.4785939628743843,-0.40490887706774403,2.561874953714853,-2.009092151165425,0.4612030122410416,3,Luxury
1.9578340299869714,-0.7185158566314058,1.845743648026418,0.6996750564135367,0.672489207870049,-1.4006081824134484,0,Economy
-0.44500596754244864,-0.25903116199988513,-0.5487978497207767,-0.2314248922371213,1.8792008194360121,0.299306386618912,1,Mid-range
0.03556203196343534,0.3107252598968079,0.7697111372200334,0.6996750564135367,0.10935712247259968,0.4612030122410416,2,Premium
-0.9255739670483327,-0.14404500218218727,-1.2357941233510537,-1.1625248408877793,-0.2660642677923669,0.4612030122410416,1,Mid-range
1.4772660304810874,-0.6666570985536241,1.1912997177063498,0.6996750564135367,-0.7308717033585154,1.3516344531627542,2,Premium
-0.9255739670483327,0.48895380761423957,-1.1487482647600908,0.6996750564135367,-0.43589775386461344,0.4612030122410416,3,Luxury
0.5161300314693194,-0.22396038325548728,-0.20689503736024129,-1.1625248408877793,1.2266826887373805,-1.8862980592798373,0,Economy
1.4772660304810874,-0.9311252661343292,1.6841142861806746,-0.04520490250698953,1.7004287288336473,-1.8862980592798373,0,Economy
-0.9255739670483327,0.637975870737976,-0.41304038521013825,0.6996750564135367,1.07472641172537,0.4612030122410416,3,Luxury
0.03556203196343534,-0.5464965615441298,-0.4748914757154605,-0.4176448819672531,-0.2660642677923669,0.4612030122410416,1,Mid-range
-0.9255739670483327,1.6688267935036376,-1.0112096127515944,0.6996750564135367,-0.2660642677923669,0.5421513250521064,3,Luxury
0.03556203196343534,-0.22396038325548728,-0.5763245106176224,-1.1625248408877793,1.2177440842072627,-1.8862980592798373,0,Economy
0.5161300314693194,0.4867690705777033,-0.6539653550290753,0.6996750564135367,0.5473487444483937,-1.4006081824134484,0,Economy
1.9578340299869714,-1.1309712118974882,0.06177416166863917,-0.7900848614275162,-0.08729217719000198,-1.4006081824134484,0,Economy
0.03556203196343534,-0.7761239227000725,0.10931220927032839,-1.1625248408877793,0.43114688555685665,-1.5625048080355781,0,Economy
0.03556203196343534,0.43031086610721364,-1.0407842090324504,-0.04520490250698953,-0.08729217719000198,0.4612030122410416,2,Premium
1.9578340299869714,-1.0059812561756505,-0.6312805323138831,-0.2314248922371213,1.888139423966131,-1.8862980592798373,0,Economy
0.5161300314693194,-0.8564992484126434,0.20071036079083932,-1.1625248408877793,0.43114688555685665,-1.5625048080355781,0,Economy
-1.4061419665542167,1.868787725426614,-1.0078666594041656,0.6996750564135367,-1.8571358741534145,0.4612030122410416,3,Luxury
0.5161300314693194,1.115628378620693,0.10681854677332756,0.6996750564135367,-1.5711005291896303,1.9182726428402077,3,Luxury
0.03556203196343534,-1.051860733942912,-0.2188694360173374,-1.1625248408877793,1.2177440842072627,0.4612030122410416,1,Mid-range
0.03556203196343534,0.9029039829579519,1.3946325963114405,2.561874953714853,-0.7308717033585154,1.3516344531627542,2,Premium
-0.44500596754244864,-0.7990061685037944,-0.01713274234390165,-0.9763048511576475,0.7976296712917049,0.5421513250521064,1,Mid-range
0.9966980309752034,-0.3735573771783122,1.2554113205401456,0.6996750564135367,-1.526407506539039,1.9182726428402077,2,Premium
-0.9255739670483327,-0.3736723633381299,0.0841819769635959,-1.1625248408877793,-0.5878540308766232,0.5421513250521064,1,Mid-range
-0.9255739670483327,0.005437005580819987,-0.6833936702110733,-1.1625248408877793,-0.5878540308766232,0.4612030122410416,1,Mid-range
-0.9255739670483327,1.6388154057912183,-0.7219602516864286,0.6996750564135367,-0.6593628671175696,0.4612030122410416,3,Luxury
0.03556203196343534,-0.8460355078692328,0.08829075488739814,-0.2314248922371213,-0.9364596075512354,0.4612030122410416,2,Premium
-0.44500596754244864,0.1889549166498658,-0.30485260544895026,0.6996750564135367,-1.2314335570451371,0.4612030122410416,3,Luxury
0.5161300314693194,0.6608581165416979,-0.4175553083025342,0.6996750564135367,-0.864950771310289,0.7849962634853007,3,Luxury
-0.9255739670483327,1.925130943737286,-1.0671234115973909,0.6996750564135367,-2.0716623828762524,0.4612030122410416,3,Luxury
0.5161300314693194,-0.8339619610883745,0.001976301790724757,-0.7900848614275162,0.43114688555685665,-1.5625048080355781,0,Economy
0.5161300314693194,-0.22396038325548728,0.9542301153193702,0.6996750564135367,0.20768177230390053,0.13740976099678243,2,Premium
-0.44500596754244864,-0.299046345616444,-0.5577425086774104,-1.1625248408877793,-0.7308717033585154,0.4612030122410416,1,Mid-range
0.5161300314693194,-0.6896543305171637,0.3514143116965454,-0.2314248922371213,1.7004287288336473,-1.8862980592798373,0,Economy
0.5161300314693194,-0.6057144338502443,-0.01797299818528248,-0.2314248922371213,2.7462454588574823,-1.8862980592798373,0,Economy
0.03556203196343534,-0.44818339489999814,1.9730538755070826,0.6996750564135367,1.2177440842072627,-1.5625048080355781,0,Economy
-0.44500596754244864,4.1679359909814835,-0.466398567211182,2.375654963984721,-2.0716623828762524,0.4612030122410416,3,Luxury
-0.44500596754244864,0.2588665018190261,0.902540828560884,0.6996750564135367,0.10935712247259968,0.4612030122410416,2,Premium
0.03556203196343534,0.6037099951123021,-0.4903714578828331,2.561874953714853,-0.346511708563431,0.4612030122410416,2,Premium
0.5161300314693194,-0.08655192227333831,-0.33320446383876473,0.6996750564135367,0.43114688555685665,-1.4006081824134484,0,Economy
0.5161300314693194,-0.9489481209060724,0.7147300954987191,-0.6038648716973845,0.24343619042437337,-1.4006081824134484,0,Economy
-0.44500596754244864,0.140545743366615,0.02670963905717383,-0.4176448819672531,-0.8023805395994617,0.4612030122410416,2,Premium
1.9578340299869714,-1.3169038323227056,-0.4837874846233789,-1.1625248408877793,0.672489207870049,-1.5625048080355781,0,Economy
0.5161300314693194,-0.5137255059960859,2.3470490400029336,0.14101508722314182,0.20768177230390053,0.13740976099678243,2,Premium
-0.9255739670483327,0.5804827908291271,0.0841819769635959,0.6996750564135367,-0.2660642677923669,0.4612030122410416,3,Luxury
0.5161300314693194,-0.839481296759624,0.06507680497570391,-1.1625248408877793,0.43114688555685665,-1.5625048080355781,0,Economy
-0.9255739670483327,0.10834961861765958,-0.7572742299048264,-1.1625248408877793,0.43114688555685665,0.4612030122410416,1,Mid-range
0.03556203196343534,0.32785819770964486,0.9732397743544784,0.6996750564135367,1.2177440842072627,0.4612030122410416,2,Premium
-0.44500596754244864,-0.3745922526166715,-0.16397422688197053,-0.2314248922371213,1.8792008194360121,0.4612030122410416,1,Mid-range
-0.9255739670483327,0.2589814879788438,-0.5466294475494716,0.6996750564135367,-1.526407506539039,0.4612030122410416,3,Luxury
-0.9255739670483327,3.560579094824403,-0.561033833401713,2.561874953714853,-1.5711005291896303,0.4612030122410416,3,Luxury
0.03556203196343534,-1.0863565818882215,0.4672190343229686,-0.7900848614275162,0.21662037683401889,0.4612030122410416,1,Mid-range
0.9966980309752034,-0.673556268142686,-0.60660548033307,-0.04520490250698953,-0.9364596075512354,0.704047950674236,2,Premium
0.5161300314693194,-0.9495230517051609,1.8104237126591982,-0.2314248922371213,1.7004287288336473,-1.8862980592798373,0,Economy
0.03556203196343534,-0.25868620352043203,0.07311193968826227,0.3272350769532736,1.5305952427614014,0.3802546994299768,2,Premium
-0.9255739670483327,0.48320449962335466,-0.89233470800326,0.6996750564135367,-0.6593628671175696,0.4612030122410416,3,Luxury
0.9966980309752034,-0.78773752484166,1.292964103597748,-0.4176448819672531,0.20768177230390053,-1.4006081824134484,0,Economy
0.03556203196343534,-0.8333870302892861,-0.13415116785231926,-0.9763048511576475,0.7976296712917049,0.4612030122410416,1,Mid-range
0.03556203196343534,0.34430121856357565,-0.11005781039337348,-0.4176448819672531,-0.6593628671175696,0.4612030122410416,2,Premium
-0.9255739670483327,-0.31652424190873407,-1.0133780149228995,-1.1625248408877793,0.43114688555685665,0.4612030122410416,1,Mid-range
0.5161300314693194,-0.4194368549455737,0.6434980841713457,0.14101508722314182,0.5741645580387488,-1.4006081824134484,0,Economy
-1.4061419665542167,0.43088579690630213,-1.1384225401348282,-1.1625248408877793,-0.6593628671175696,0.5421513250521064,3,Luxury
-1.4061419665542167,5.834430405219378,-0.8277989290953692,2.561874953714853,-1.9375833149244786,0.4612030122410416,3,Luxury
-0.9255739670483327,-0.402188930972919,-0.9721009307334127,-0.2314248922371213,-0.6593628671175696,0.4612030122410416,3,Luxury
-0.9255739670483327,0.2003385464718179,-0.8692567134657982,-1.1625248408877793,0.43114688555685665,0.5421513250521064,1,Mid-range
-0.9255739670483327,-0.08655192227333831,-1.1169192186027193,-1.1625248408877793,0.672489207870049,0.4612030122410416,1,Mid-range
-0.9255739670483327,0.0859273174532085,-1.1633849794164004,-1.1625248408877793,-0.5074065901055592,0.4612030122410416,1,Mid-range
0.03556203196343534,0.2589814879788438,-0.9071263085289485,-0.2314248922371213,0.32388363119543745,0.5421513250521064,1,Mid-range
0.9966980309752034,-0.4081682112834393,0.08284784640689986,0.6996750564135367,0.672489207870049,-1.4006081824134484,0,Economy
-0.9255739670483327,1.1208027558124893,-0.7636245505493631,0.6996750564135367,-1.3833898340571478,0.5421513250521064,3,Luxury
0.5161300314693194,0.044762272238472664,1.332019983615005,-0.4176448819672531,-0.6593628671175696,0.4612030122410416,2,Premium
0.5161300314693194,0.18998979208822508,-0.19014413058690927,0.6996750564135367,-1.2314335570451371,1.3516344531627542,2,Premium
0.03556203196343534,-0.9496380378649786,-0.1608947946317487,-1.1625248408877793,1.2177440842072627,0.4612030122410416,1,Mid-range
-1.4061419665542167,1.6957335549009789,-1.1349892366969287,0.6996750564135367,-1.285065184225847,0.4612030122410416,3,Luxury
-0.44500596754244864,0.2588665018190261,-0.22922957972468408,-0.04520490250698953,0.672489207870049,0.4612030122410416,1,Mid-range
1.9578340299869714,-0.22396038325548728,1.7892817914889732,0.14101508722314182,-0.17667822249118445,0.4612030122410416,2,Premium
0.03556203196343534,0.7758442763593958,0.16605206608614573,2.561874953714853,-1.3833898340571478,0.4612030122410416,2,Premium
0.03556203196343534,-0.7531266907365329,2.2471760499962383,0.6996750564135367,-0.6593628671175696,1.3516344531627542,2,Premium
0.03556203196343534,1.0058165959947916,1.4005957022825297,2.561874953714853,-1.1152316981536003,0.4612030122410416,2,Premium
0.5161300314693194,-0.31709917270782256,-0.5210423019280711,0.3272350769532736,-1.0526614664427723,0.7849962634853007,2,Premium
-0.44500596754244864,-0.11012408503596638,-0.08628444283817911,-1.1625248408877793,-0.08729217719000198,0.4612030122410416,1,Mid-range
1.9578340299869714,-0.9484881762668016,-0.9239731253983191,-0.7900848614275162,-0.08729217719000198,-1.4006081824134484,0,Economy
0.03556203196343534,-0.9380244357233911,-0.4936240611397908,-0.7900848614275162,-0.08729217719000198,0.13740976099678243,1,Mid-range
-0.9255739670483327,-0.35734432864401683,-1.138216025642323,-0.9763048511576475,-0.5878540308766232,0.4612030122410416,1,Mid-range
0.5161300314693194,-0.3160642972694633,0.6506538113366526,-0.04520490250698953,1.2177440842072627,-1.5625048080355781,0,Economy
-0.9255739670483327,0.10375017222495167,-1.271882530916346,-1.1625248408877793,-0.5878540308766232,0.4612030122410416,1,Mid-range
1.9578340299869714,-1.1208524298335307,0.6494945501758396,-1.1625248408877793,0.011032472641298852,-1.4006081824134484,0,Economy
-0.9255739670483327,0.1727418681155704,-1.2432286450812426,-0.04520490250698953,-0.08729217719000198,0.4612030122410416,3,Luxury
0.03556203196343534,0.028434237544359562,-0.2188694360173374,-0.4176448819672531,-0.8023805395994617,0.5421513250521064,2,Premium
-0.44500596754244864,0.4657266033310646,-0.6703638964495703,-0.4176448819672531,-0.8023805395994617,0.4612030122410416,3,Luxury
0.03556203196343534,0.43111576922593753,-0.042355475933735585,0.6996750564135367,-0.5878540308766232,0.4612030122410416,2,Premium
0.5161300314693194,0.06258512701021583,0.14622925623679808,0.6996750564135367,1.369700361219272,-1.5625048080355781,0,Economy
0.5161300314693194,0.14376535584151054,-0.23774055824705673,0.6996750564135367,0.672489207870049,-1.4006081824134484,0,Economy
0.9966980309752034,0.0859273174532085,0.3558201106536972,0.6996750564135367,0.43114688555685665,0.13740976099678243,2,Premium
-0.9255739670483327,0.5406975795322037,-1.2718050879816567,-0.2314248922371213,-0.2660642677923669,0.4612030122410416,3,Luxury
0.5161300314693194,-1.0064412008149213,1.1243412656582568,-0.7900848614275162,0.43114688555685665,-1.5625048080355781,0,Economy
-1.4061419665542167,1.6790605617274126,0.3114705366992956,0.6996750564135367,-0.2660642677923669,0.4612030122410416,3,Luxury
-0.9255739670483327,3.10419902650796,-0.48885701827112776,2.561874953714853,-1.9733377330449515,0.4612030122410416,3,Luxury
-1.4061419665542167,2.501096618264135,-1.077707279338285,0.6996750564135367,-1.9018288968040058,0.4612030122410416,3,Luxury
-1.4061419665542167,1.2193458947762565,-0.8277989290953692,-0.2314248922371213,-0.9364596075512354,0.4612030122410416,3,Luxury
-0.9255739670483327,0.7873428923411656,-0.9182780911242319,0.6996750564135367,-1.1688633253343093,0.4612030122410416,3,Luxury
-0.9255739670483327,-0.22396038325548728,-1.270023900483799,0.6996750564135367,-0.43589775386461344,0.4612030122410416,3,Luxury
-0.9255739670483327,1.604319557845909,-0.7132866430012081,0.6996750564135367,-1.8571358741534145,0.4612030122410416,3,Luxury
-0.44500596754244864,-0.8914550409972235,-0.18389642183083635,-1.1625248408877793,0.10935712247259968,0.4612030122410416,1,Mid-range
-0.9255739670483327,1.005241665195703,-0.9403493275107305,1.2583350256039312,-1.8571358741534145,0.4612030122410416,3,Luxury
0.03556203196343534,-0.316179283429281,2.554426590991445,0.3272350769532736,2.075850119098614,-1.8862980592798373,0,Economy
-0.9255739670483327,0.7758442763593958,-0.9310561753479942,0.6996750564135367,0.7976296712917049,0.4612030122410416,3,Luxury
-0.9255739670483327,-0.781643258371322,-1.0407928138029716,-1.1625248408877793,0.21662037683401889,0.4612030122410416,1,Mid-range
0.9966980309752034,-0.5009620422563215,0.18806463358272824,-0.4176448819672531,-0.17667822249118445,-1.4006081824134484,0,Economy
-0.9255739670483327,-0.12610716125062638,-0.22702245608603405,-1.1625248408877793,0.32388363119543745,0.4612030122410416,1,Mid-range
2.9189700289987393,-0.6896543305171637,1.6116535136228949,0.6996750564135367,-0.17667822249118445,0.4612030122410416,2,Premium
0.03556203196343534,-0.6621726383207339,-0.1892647230396576,-0.7900848614275162,0.43114688555685665,0.5421513250521064,1,Mid-range
0.5161300314693194,-0.5516709387359262,1.1774671188552324,0.6996750564135367,1.2177440842072627,-1.5625048080355781,0,Economy
-0.9255739670483327,0.4274362121117712,-0.18349952679055279,0.6996750564135367,0.7976296712917049,0.4612030122410416,3,Luxury
0.9966980309752034,-0.9949425848331516,0.7047850146312332,-0.7900848614275162,0.43114688555685665,-1.5625048080355781,0,Economy
0.03556203196343534,-0.22396038325548728,0.25766705782378724,-1.1625248408877793,0.011032472641298852,0.4612030122410416,1,Mid-range
0.03556203196343534,1.3502001446487968,0.08359255018290403,2.561874953714853,-0.43589775386461344,0.4612030122410416,2,Premium
0.9966980309752034,-0.948373190106984,0.5742866294126884,-1.1625248408877793,-0.17667822249118445,0.13740976099678243,1,Mid-range
0.03556203196343534,-0.9960924464313285,-0.721005122158592,-1.1625248408877793,0.43114688555685665,0.4612030122410416,1,Mid-range
-0.9255739670483327,-0.08597699147424982,-1.1252056126144923,-0.2314248922371213,1.8792008194360121,0.299306386618912,1,Mid-range
-0.44500596754244864,-1.0519757201027298,-0.5627569386985535,-1.1625248408877793,0.10935712247259968,0.4612030122410416,1,Mid-range
-0.44500596754244864,-0.6494091745809695,0.5757897263723432,-1.1625248408877793,0.10935712247259968,0.4612030122410416,1,Mid-range
0.03556203196343534,-0.7758939503804371,0.07865341190381978,-0.2314248922371213,0.32388363119543745,0.4612030122410416,1,Mid-range
1.9578340299869714,-0.8335020164491037,1.604925906886282,0.6996750564135367,1.2177440842072627,-1.5625048080355781,0,Economy
-0.9255739670483327,0.2704801039606136,-0.300360915236961,-0.7900848614275162,-1.2314335570451371,0.4612030122410416,3,Luxury
0.5161300314693194,-0.5746681706994659,0.2925421927456114,0.6996750564135367,-0.17667822249118445,0.5421513250521064,2,Premium
-0.9255739670483327,1.868787725426614,-0.9363222949068782,0.6996750564135367,-2.1342326145870802,0.4612030122410416,3,Luxury
-1.4061419665542167,-0.6057144338502443,-0.8659266672741511,-1.1625248408877793,0.10935712247259968,0.5421513250521064,1,Mid-range
0.03556203196343534,-0.14347007138309878,1.5599130284798088,0.3272350769532736,2.075850119098614,-1.8862980592798373,0,Economy
1.9578340299869714,-1.0519757201027298,0.7829346837946164,0.6996750564135367,0.10935712247259968,0.13740976099678243,2,Premium
-0.44500596754244864,-0.22396038325548728,0.7820589829177431,-0.4176448819672531,-0.864950771310289,0.4612030122410416,2,Premium
0.03556203196343534,0.3958150181619043,-0.49958716711087986,-0.04520490250698953,-0.5074065901055592,0.4612030122410416,2,Premium
-0.9255739670483327,3.685799022865876,-0.7025995180140616,2.561874953714853,-1.5711005291896303,0.4612030122410416,3,Luxury
0.5161300314693194,-0.034233219556285784,0.61780251844138,0.6996750564135367,1.369700361219272,-1.5625048080355781,0,Economy
-0.9255739670483327,-0.18969450762981332,-0.46213920580326123,-1.1625248408877793,0.011032472641298852,0.4612030122410416,1,Mid-range
-0.9255739670483327,-0.8454605770701443,-1.0463687051006132,-1.1625248408877793,-0.5074065901055592,0.4612030122410416,1,Mid-range
0.03556203196343534,0.029009168343448053,-0.5332576341597567,0.6996750564135367,0.43114688555685665,0.5421513250521064,2,Premium
-0.9255739670483327,0.0750036322705272,-0.015370915579716236,0.6996750564135367,-0.6593628671175696,0.4612030122410416,2,Premium
-1.4061419665542167,1.9250159575774684,-0.6651687662474851,0.6996750564135367,-0.6593628671175696,0.5421513250521064,3,Luxury
0.9966980309752034,0.08535238665412001,0.1844177753855331,0.6996750564135367,0.672489207870049,-1.4006081824134484,0,Economy
-0.9255739670483327,-0.6035296968137079,-1.0029232187398214,-0.7900848614275162,-1.0526614664427723,0.5421513250521064,1,Mid-range
0.03556203196343534,2.466715756478643,-0.07488150850331245,2.561874953714853,-1.9018288968040058,0.4612030122410416,3,Luxury
0.9966980309752034,-0.44243408690911323,-0.27163662673395794,0.6996750564135367,1.2177440842072627,-1.5625048080355781,0,Economy
0.03556203196343534,-1.0639342807237704,2.2139874500965404,-0.6038648716973845,0.24343619042437337,-1.4006081824134484,0,Economy
0.03556203196343534,-0.8339619610883745,0.7829624838224535,-1.1625248408877793,0.9317087392434786,-1.8862980592798373,0,Economy
-1.4061419665542167,0.31647456788769274,0.3114705366992956,-0.2314248922371213,-0.8023805395994617,0.5421513250521064,2,Premium
0.5161300314693194,-0.3745922526166715,-0.24836572888645178,0.3272350769532736,2.075850119098614,0.4612030122410416,2,Premium
-0.44500596754244864,-0.6035296968137079,0.38795188828303684,-1.1625248408877793,0.9317087392434786,0.4612030122410416,1,Mid-range
-0.9255739670483327,-0.4136875469546888,-0.1793950512520109,-0.04520490250698953,1.2177440842072627,0.4612030122410416,1,Mid-range
-0.9255739670483327,0.4774551916324698,-0.9415109715310727,0.6996750564135367,-0.5074065901055592,0.4612030122410416,3,Luxury
0.5161300314693194,-0.2814534631643362,-0.324937430560664,-0.4176448819672531,0.011032472641298852,-1.4006081824134484,0,Economy
0.9966980309752034,-0.9489481209060724,1.6832764944326701,-0.7900848614275162,-0.8023805395994617,0.7849962634853007,2,Premium
-0.9255739670483327,0.3394717998512323,0.0841819769635959,-0.04520490250698953,-0.08729217719000198,0.4612030122410416,2,Premium
-0.9255739670483327,2.1332558930073193,-1.0287891589261038,-0.2314248922371213,-1.6157935518402216,0.4612030122410416,3,Luxury
-0.9255739670483327,0.027859306745271074,-0.8164406320075807,-1.1625248408877793,-0.5074065901055592,0.5421513250521064,1,Mid-range
-0.9255739670483327,0.6613180611809687,-0.2528109533376273,0.6996750564135367,-1.0526614664427723,0.4612030122410416,3,Luxury
-0.9255739670483327,1.5226793843753434,-0.6448270887357179,0.6996750564135367,-1.481714483888448,0.4612030122410416,3,Luxury
0.03556203196343534,1.4082681553567342,-0.3111771117819236,2.561874953714853,-1.1152316981536003,0.4612030122410416,3,Luxury
0.5161300314693194,-0.8966294181890199,-0.578342329304809,-1.1625248408877793,1.2266826887373805,-1.8862980592798373,0,Economy
-1.4061419665542167,1.2363638464292759,-1.09884920050851,0.6996750564135367,0.21662037683401889,0.5421513250521064,3,Luxury
-0.44500596754244864,-0.8079750889695748,-0.911530875439412,-1.1625248408877793,0.10935712247259968,0.4612030122410416,1,Mid-range
0.03556203196343534,-1.1794953713405567,3.1174883548070094,-0.2314248922371213,2.075850119098614,0.4612030122410416,2,Premium
1.9578340299869714,-0.8920299717963119,1.1934715948811345,0.6996750564135367,1.07472641172537,-1.5625048080355781,0,Economy
3.8801060280105073,-1.1789204405414682,1.1758471948801985,0.6996750564135367,-1.705179597141404,2.9706007093840503,2,Premium
-0.44500596754244864,0.4312307553857552,0.11588517835209705,0.6996750564135367,-0.9990298392620627,0.4612030122410416,2,Premium
-0.9255739670483327,-0.10897422343778941,-0.4509099802732881,-1.1625248408877793,0.43114688555685665,0.5421513250521064,1,Mid-range
1.9578340299869714,-0.9368745741252141,0.744237045045171,0.6996750564135367,-0.346511708563431,0.4612030122410416,2,Premium
-1.4061419665542167,0.2003385464718179,-1.2705143724034988,-1.1625248408877793,-0.5074065901055592,0.5421513250521064,1,Mid-range
-0.9255739670483327,-0.546036616904859,-0.1838092985293106,-1.1625248408877793,0.5473487444483937,0.4612030122410416,1,Mid-range
0.9966980309752034,-0.5464965615441298,1.1845439950324916,-0.4176448819672531,-0.17667822249118445,-1.4006081824134484,0,Economy
0.5161300314693194,0.2584065571797553,0.22955010966919762,-0.4176448819672531,-0.5074065901055592,0.4612030122410416,2,Premium
-0.9255739670483327,2.7311839240593483,-0.9697776426927286,2.561874953714853,-1.481714483888448,0.4612030122410416,3,Luxury
0.9966980309752034,-0.9218113871890957,-0.04306732513138618,-1.1625248408877793,0.43114688555685665,-1.5625048080355781,0,Economy
-0.44500596754244864,-0.8621335702437105,-0.6601995112715775,-0.7900848614275162,0.21662037683401889,0.5421513250521064,1,Mid-range
-0.44500596754244864,-0.7758939503804371,-0.309053884655854,-1.1625248408877793,0.43114688555685665,0.4612030122410416,1,Mid-range
-0.9255739670483327,0.8879557821816512,-1.2780005227568143,0.6996750564135367,-1.9018288968040058,0.5421513250521064,3,Luxury
-0.9255739670483327,1.2915572031417708,-0.8061407216938813,0.6996750564135367,-1.1688633253343093,0.4612030122410416,3,Luxury
0.03556203196343534,-0.4366847789182284,3.0611701317467235,0.6996750564135367,1.369700361219272,-1.5625048080355781,0,Economy
-0.44500596754244864,-0.14358505754291648,-0.8031785294420091,-1.1625248408877793,0.43114688555685665,0.4612030122410416,1,Mid-range
-0.44500596754244864,-0.374017321817583,-0.5111218619943502,-1.1625248408877793,0.672489207870049,0.4612030122410416,1,Mid-range
-0.44500596754244864,-0.25857121736061434,0.2445662947054855,-0.2314248922371213,-0.17667822249118445,0.4612030122410416,2,Premium
0.03556203196343534,-0.7761239227000725,0.02739479390991249,-0.2314248922371213,0.7976296712917049,0.4612030122410416,1,Mid-range
0.03556203196343534,0.5190801814864764,-0.22004398719346105,0.6996750564135367,1.2177440842072627,0.4612030122410416,2,Premium
-0.44500596754244864,-0.6849398979646381,-0.6527456288077161,-1.1625248408877793,0.9317087392434786,0.5421513250521064,1,Mid-range
0.03556203196343534,0.545871956724,-0.6787212798181421,0.6996750564135367,-0.6593628671175696,0.4612030122410416,3,Luxury
0.5161300314693194,-0.028483911565400886,1.0940920553685507,0.6996750564135367,0.672489207870049,-1.4006081824134484,0,Economy
0.5161300314693194,-0.4999271668179622,-0.324937430560664,0.14101508722314182,0.5741645580387488,-1.4006081824134484,0,Economy
0.5161300314693194,-0.31652424190873407,0.3752667355809018,-0.4176448819672531,-0.17667822249118445,-1.4006081824134484,0,Economy
-0.9255739670483327,-0.028483911565400886,-0.7879416320418562,-1.1625248408877793,0.43114688555685665,0.4612030122410416,1,Mid-range
-0.9255739670483327,1.443338934101132,-0.9418981862045199,0.6996750564135367,-1.9733377330449515,0.4612030122410416,3,Luxury
-0.9255739670483327,0.8633487439806639,-0.9449184606574093,-0.2314248922371213,-1.0526614664427723,0.4612030122410416,3,Luxury
1.4772660304810874,-0.9828690380522933,0.02519627504178363,-0.04520490250698953,-0.6593628671175696,0.4612030122410416,2,Premium
0.03556203196343534,0.8911753946565467,-0.47344587426792367,0.6996750564135367,0.32388363119543745,0.4612030122410416,2,Premium
-0.44500596754244864,-1.005866270015833,-0.3006513262420466,-0.7900848614275162,0.21662037683401889,0.4612030122410416,1,Mid-range
-0.44500596754244864,-0.08597699147424982,-0.7374488386243225,-0.4176448819672531,0.011032472641298852,0.5421513250521064,1,Mid-range
0.03556203196343534,-0.3160642972694633,-0.49452756204450127,-0.04520490250698953,0.21662037683401889,0.4612030122410416,1,Mid-range
0.03556203196343534,-0.43208533252552045,0.17990574662503964,-0.04520490250698953,-0.9364596075512354,0.704047950674236,2,Premium
-0.9255739670483327,-0.22396038325548728,-0.5825629692453851,0.6996750564135367,-0.9990298392620627,0.5421513250521064,3,Luxury
0.03556203196343534,0.08650224825229699,0.3467522470282395,0.6996750564135367,-0.5878540308766232,0.5421513250521064,2,Premium
-0.44500596754244864,1.2938569263381248,-0.7493072879986474,0.6996750564135367,-0.43589775386461344,0.4612030122410416,3,Luxury
0.03556203196343534,0.7706698991675994,1.6855598876282116,0.6996750564135367,0.10935712247259968,0.4612030122410416,2,Premium
-0.9255739670483327,0.10892454941674808,-1.039708612717319,-1.1625248408877793,-0.346511708563431,0.4612030122410416,1,Mid-range
-0.9255739670483327,-0.5240742603796787,-1.2785426232996406,-1.1625248408877793,0.32388363119543745,0.5421513250521064,1,Mid-range
-0.9255739670483327,-0.3160642972694633,-0.5093019530291477,-1.1625248408877793,-0.9990298392620627,0.4612030122410416,1,Mid-range
0.9966980309752034,-1.0871614850069453,5.127093397405445,0.6996750564135367,1.2177440842072627,-1.5625048080355781,0,Economy
0.5161300314693194,-0.9196266501525595,-0.86755296890263,-0.7900848614275162,0.20768177230390053,-1.4006081824134484,0,Economy
0.03556203196343534,-1.3634732270488732,0.4725798063575844,-0.7900848614275162,0.5473487444483937,-1.5625048080355781,0,Economy
0.03556203196343534,0.15687377806072808,0.49125215838826736,0.6996750564135367,-0.43589775386461344,0.4612030122410416,2,Premium
0.03556203196343534,-0.09747560745601962,0.6211755884856324,0.3272350769532736,-1.0526614664427723,0.704047950674236,2,Premium
0.03556203196343534,-0.22396038325548728,1.2889832238539634,2.561874953714853,-1.1688633253343093,1.9182726428402077,2,Premium
-0.44500596754244864,0.7131768192587504,-0.9847822112888133,-0.2314248922371213,-1.329758206876438,0.4612030122410416,3,Luxury
0.03556203196343534,-0.5585701083249881,-0.07488150850331245,-0.7900848614275162,0.43114688555685665,0.5421513250521064,1,Mid-range
0.9966980309752034,-1.1794953713405567,1.0366983924435063,-1.1625248408877793,0.43114688555685665,-1.5625048080355781,0,Economy
0.5161300314693194,-0.8575341238510026,1.8982982106513384,-0.7900848614275162,0.43114688555685665,-1.5625048080355781,0,Economy
-0.9255739670483327,0.14376535584151054,-0.7096468250708032,-0.2314248922371213,1.7004287288336473,0.4612030122410416,1,Mid-range
0.03556203196343534,0.10363518606513397,-0.657398658466975,-0.04520490250698953,2.075850119098614,0.299306386618912,1,Mid-range
0.03556203196343534,-0.971945352869612,4.266139171662251,0.6996750564135367,1.07472641172537,-1.5625048080355781,0,Economy
-0.44500596754244864,-0.7764688811795256,-0.7108859120258347,-0.7900848614275162,-0.6593628671175696,0.4612030122410416,1,Mid-range
-0.9255739670483327,0.5441471643267346,-0.7720658304305149,-0.2314248922371213,-0.9990298392620627,0.5421513250521064,3,Luxury
0.03556203196343534,-0.4890034816352809,-0.3158150830927706,-0.7900848614275162,-0.346511708563431,0.13740976099678243,1,Mid-range
1.4772660304810874,-0.46888090366718377,2.3774157054102525,0.6996750564135367,0.5473487444483937,-1.4006081824134484,0,Economy
-0.9255739670483327,1.1765710433240728,-0.8162083032035121,0.6996750564135367,-0.6593628671175696,0.4612030122410416,3,Luxury
-0.9255739670483327,-0.3734423910184945,-1.0707632295277958,-1.1625248408877793,0.7976296712917049,0.4612030122410416,1,Mid-range
0.03556203196343534,-0.2011931236115831,-0.11102154469173085,0.14101508722314182,0.5741645580387488,-1.4006081824134484,0,Economy
0.03556203196343534,0.2589814879788438,-0.565362032973802,0.6996750564135367,-1.526407506539039,1.9182726428402077,3,Luxury
0.03556203196343534,-0.45450763368997155,-0.02591175946800473,-0.2314248922371213,0.7976296712917049,-1.4006081824134484,0,Economy
0.03556203196343534,-0.06412962110888723,1.4437228121340429,2.561874953714853,-0.08729217719000198,0.5421513250521064,2,Premium
1.9578340299869714,-0.66136773520201,2.130680033344263,0.6996750564135367,1.07472641172537,-1.5625048080355781,0,Economy
-0.9255739670483327,0.7752693455603072,-0.8148917733137913,0.3272350769532736,2.075850119098614,0.299306386618912,3,Luxury
-0.44500596754244864,-0.37919169900937943,0.15356116607852358,-1.1625248408877793,0.21662037683401889,0.4612030122410416,1,Mid-range
3.8801060280105073,-1.5583747679398712,2.036830409957233,0.6996750564135367,-0.6593628671175696,1.432582765973819,2,Premium
0.9966980309752034,-1.0174798721574203,3.6250313569688792,-0.04520490250698953,1.2177440842072627,-1.8862980592798373,0,Economy
-0.44500596754244864,0.12076812387797096,-1.0678591194769407,-1.1625248408877793,0.43114688555685665,0.4612030122410416,1,Mid-range
0.03556203196343534,-0.08609197763406752,-1.024159792385778,-0.2314248922371213,0.011032472641298852,-1.4006081824134484,0,Economy
0.03556203196343534,0.14296045272278665,0.23351346697119446,-0.4176448819672531,-0.2660642677923669,0.4612030122410416,2,Premium
0.5161300314693194,-0.1463447253785412,1.3767432783981735,0.6996750564135367,0.43114688555685665,0.05646144818571764,2,Premium
0.03556203196343534,-0.2882376465935804,-0.10722684089194688,-0.4176448819672531,-0.08729217719000198,0.5421513250521064,1,Mid-range
0.03556203196343534,-0.672406406544509,0.25037881719245614,-0.2314248922371213,1.7004287288336473,-1.8862980592798373,0,Economy
-0.44500596754244864,-0.7887724002800193,-0.8064311326989668,-1.1625248408877793,0.10935712247259968,0.5421513250521064,1,Mid-range
1.9578340299869714,-0.6039896414529787,-0.04410224434950913,0.6996750564135367,-1.0526614664427723,1.9992209556512726,2,Premium
-0.9255739670483327,1.350085158488979,-0.9378711536006675,0.6996750564135367,-1.5711005291896303,0.4612030122410416,3,Luxury
-0.9255739670483327,-0.05378086672529442,-0.8635259362987775,-0.2314248922371213,1.7004287288336473,0.4612030122410416,1,Mid-range
0.03556203196343534,0.6039399674319375,2.121228023879599,2.561874953714853,-0.2660642677923669,0.704047950674236,2,Premium
0.5161300314693194,-0.06297975951071025,-0.38004195073895547,0.3272350769532736,1.369700361219272,-1.8862980592798373,0,Economy
0.03556203196343534,-0.6034147106538903,0.9632410310090159,-0.04520490250698953,1.7004287288336473,-1.8862980592798373,0,Economy
-0.9255739670483327,0.42916100450903666,-0.7286977870044125,-0.2314248922371213,-0.346511708563431,0.4612030122410416,3,Luxury
0.03556203196343534,-0.8339619610883745,2.8765547802175506,-0.2314248922371213,2.031157096448023,-1.8862980592798373,0,Economy
0.9966980309752034,-0.2010781374517654,1.2238216434536324,0.6996750564135367,0.672489207870049,-1.4006081824134484,0,Economy
-0.9255739670483327,0.4627369631758044,-0.89233470800326,0.6996750564135367,-1.3833898340571478,0.4612030122410416,3,Luxury
-0.9255739670483327,1.175421181725896,-1.0305703464239617,0.6996750564135367,-1.481714483888448,0.4612030122410416,3,Luxury
-0.9255739670483327,0.5222997939613719,-1.277613308083367,-0.04520490250698953,-0.43589775386461344,0.4612030122410416,3,Luxury
0.03556203196343534,-0.5010770284161392,-0.12373079075132472,-0.7900848614275162,0.32388363119543745,0.4612030122410416,1,Mid-range
0.03556203196343534,2.7254346160684633,-0.9341108688829678,2.561874953714853,-2.035907964755779,0.4612030122410416,3,Luxury
5.802378026034043,-1.6963581597211086,1.1428398013244145,-0.04520490250698953,-1.285065184225847,2.323014206895532,2,Premium
-0.9255739670483327,-0.17221661133752325,-1.2718050879816567,-0.04520490250698953,-1.6157935518402216,0.4612030122410416,3,Luxury
1.9578340299869714,-1.0639342807237704,2.6289538322851262,-0.04520490250698953,-0.17667822249118445,0.4612030122410416,2,Premium
0.9966980309752034,-0.7185158566314058,1.9611276635649042,-0.4176448819672531,0.5473487444483937,-1.5625048080355781,0,Economy
0.5161300314693194,-0.2010781374517654,0.3002942305080273,0.14101508722314182,0.20768177230390053,0.13740976099678243,2,Premium
-0.9255739670483327,-0.14370004370273418,-1.0470656915128185,-1.1625248408877793,0.43114688555685665,0.4612030122410416,1,Mid-range
-0.9255739670483327,0.029009168343448053,-0.8574853873929991,-0.2314248922371213,1.5305952427614014,0.4612030122410416,1,Mid-range
0.5161300314693194,-0.9716003943901589,0.685131405860404,-0.4176448819672531,-0.43589775386461344,0.13740976099678243,2,Premium
-0.9255739670483327,0.12042316539851787,-1.001064588307274,-1.1625248408877793,-0.6593628671175696,0.4612030122410416,1,Mid-range
-0.9255739670483327,-0.27110470878074344,-0.285646757645962,-0.04520490250698953,1.07472641172537,0.5421513250521064,1,Mid-range
0.9966980309752034,-0.9254909443032621,-0.3870547604884263,-0.04520490250698953,-0.6593628671175696,0.4612030122410416,2,Premium
0.03556203196343534,-0.7186308427912236,-0.7768414780696988,-0.4176448819672531,-0.7308717033585154,0.5421513250521064,1,Mid-range
0.5161300314693194,-0.7850928431658529,0.5751934157752343,-0.2314248922371213,1.7004287288336473,-1.8862980592798373,0,Economy
-0.9255739670483327,-0.20211301289012468,-0.9596326182484083,-1.1625248408877793,-0.9990298392620627,0.4612030122410416,1,Mid-range
0.03556203196343534,0.9775300006796379,0.4716763054528735,0.6996750564135367,-1.526407506539039,0.4612030122410416,2,Premium
0.5161300314693194,-0.7780786874169734,0.18412208418035517,-1.1625248408877793,-0.17667822249118445,0.13740976099678243,1,Mid-range
-0.9255739670483327,-0.4081682112834393,-1.0393213980438714,-1.1625248408877793,0.5473487444483937,0.4612030122410416,1,Mid-range
-0.9255739670483327,2.024019041180506,-1.191574207643367,0.6996750564135367,-1.7856270379124688,0.4612030122410416,3,Luxury
0.03556203196343534,-1.0633593499246818,-0.4660371668492978,-1.1625248408877793,0.43114688555685665,-1.5625048080355781,0,Economy
0.03556203196343534,-0.9657361002394563,-0.11716535084376235,-1.1625248408877793,0.9317087392434786,0.4612030122410416,1,Mid-range
-0.9255739670483327,1.115628378620693,-0.23081715988581802,-0.2314248922371213,-1.3833898340571478,0.4612030122410416,3,Luxury
-0.9255739670483327,1.7480522576180313,0.0841819769635959,0.6996750564135367,-1.4370214612378567,0.4612030122410416,3,Luxury
0.03556203196343534,-0.6504440500193287,0.38957818991151566,-0.7900848614275162,0.43114688555685665,0.4612030122410416,1,Mid-range
-0.9255739670483327,0.7754993178799426,-0.9020150748394434,-0.2314248922371213,-0.6593628671175696,0.4612030122410416,3,Luxury
0.03556203196343534,-0.11299873903140883,-0.11505718206610421,0.6996750564135367,-0.08729217719000198,0.4612030122410416,2,Premium
0.03556203196343534,-0.374017321817583,0.6567735241312247,0.14101508722314182,0.5741645580387488,-1.4006081824134484,0,Economy
-0.44500596754244864,-0.25845623120079664,-0.27273314828649314,-1.1625248408877793,0.21662037683401889,0.4612030122410416,1,Mid-range
1.4772660304810874,-0.3745922526166715,1.7750516522397832,2.561874953714853,0.20768177230390053,0.13740976099678243,2,Premium
-0.9255739670483327,0.9431491388941462,-1.0179471480695783,0.6996750564135367,0.7976296712917049,0.4612030122410416,3,Luxury
0.03556203196343534,0.20148840806999488,0.6794212801426338,-0.4176448819672531,0.10935712247259968,0.4612030122410416,2,Premium
3.3995380285046233,-1.322078209514502,-0.3787138044090311,-0.04520490250698953,-1.5711005291896303,2.323014206895532,2,Premium
0.03556203196343534,-0.5461516030646767,-0.03422396779134137,-0.2314248922371213,2.7462454588574823,-1.8862980592798373,0,Economy
-0.9255739670483327,-0.8966294181890199,-0.3739317031919562,-1.1625248408877793,0.10935712247259968,0.4612030122410416,1,Mid-range
0.5161300314693194,-0.48072447812840663,0.20564347573055844,-0.04520490250698953,-0.9364596075512354,0.7849962634853007,2,Premium
-0.9255739670483327,0.41421280373273595,-1.2021064467611349,-0.04520490250698953,-0.2660642677923669,0.4612030122410416,3,Luxury
-0.44500596754244864,-0.22396038325548728,0.7378100261095479,2.561874953714853,-1.705179597141404,2.323014206895532,2,Premium
-1.4061419665542167,-0.40851316976289237,-1.2786458805458931,-1.1625248408877793,-0.346511708563431,0.4612030122410416,1,Mid-range
0.03556203196343534,0.028779196023812657,0.1032286365119446,-0.7900848614275162,-0.7308717033585154,0.5421513250521064,2,Premium
-1.4061419665542167,1.120227825013401,-1.2786458805458931,-0.2314248922371213,-0.9990298392620627,0.4612030122410416,3,Luxury
0.03556203196343534,-0.7301294587729934,0.45161858536830113,-1.1625248408877793,0.672489207870049,-1.5625048080355781,0,Economy
0.03556203196343534,0.5462169152034532,-0.5191630200462733,0.6996750564135367,0.20768177230390053,0.5421513250521064,2,Premium
0.03556203196343534,-0.6611377628823746,-0.902247403643512,-0.4176448819672531,-0.864950771310289,0.7849962634853007,1,Mid-range
-0.44500596754244864,0.7189261272496353,-0.20890080936869854,0.3272350769532736,1.7004287288336473,0.3802546994299768,1,Mid-range
0.5161300314693194,-0.458532149283591,1.1962237976370218,-0.2314248922371213,0.11829572700271807,0.13740976099678243,2,Premium
0.5161300314693194,-0.22970969124637217,0.6773793680979883,0.6996750564135367,1.2177440842072627,-1.5625048080355781,0,Economy
-0.44500596754244864,-0.43105045708716117,-0.28811525118918885,-1.1625248408877793,0.7976296712917049,0.4612030122410416,1,Mid-range
2.4384020294928552,-1.1789204405414682,0.5016381164071769,-0.04520490250698953,-1.285065184225847,1.432582765973819,2,Premium
0.03556203196343534,-0.7419730332342163,0.12924946256760608,-0.2314248922371213,0.32388363119543745,0.4612030122410416,1,Mid-range
-0.9255739670483327,-0.08597699147424982,-0.8731288602002717,-1.1625248408877793,0.10935712247259968,0.4612030122410416,1,Mid-range
0.03556203196343534,-0.22396038325548728,-0.12348985717673532,0.6996750564135367,-1.2314335570451371,0.4612030122410416,2,Premium
0.03556203196343534,-1.1800703021396453,-0.4467624808821412,-1.1625248408877793,1.2266826887373805,-1.8862980592798373,0,Economy
0.03556203196343534,-0.562019693119519,0.40463653832335683,-0.2314248922371213,1.7004287288336473,0.4612030122410416,2,Premium
-0.9255739670483327,0.25323217998795894,-0.9721783736681022,-0.2314248922371213,-1.3386968114065565,0.4612030122410416,3,Luxury
0.03556203196343534,-0.4367997650780461,0.11756418420001731,-0.2314248922371213,1.7004287288336473,-1.5625048080355781,0,Economy
-0.44500596754244864,-0.44254907306893093,0.3220189097617904,-0.2314248922371213,1.5305952427614014,0.4612030122410416,1,Mid-range
-0.9255739670483327,0.8626588270217577,-0.1070633502520473,0.6996750564135367,-0.5074065901055592,0.5421513250521064,3,Luxury
-0.9255739670483327,1.5721234330969536,-0.8409125993694527,0.6996750564135367,-1.7409340152618775,0.4612030122410416,3,Luxury
0.03556203196343534,-0.5459216307450413,-0.7208846553712972,-0.7900848614275162,0.5473487444483937,-1.5625048080355781,0,Economy
-0.9255739670483327,0.8247133942819174,0.0841819769635959,-0.2314248922371213,-1.5711005291896303,0.4612030122410416,3,Luxury
0.03556203196343534,-0.7822181891704105,0.24278940959288822,-0.4176448819672531,1.7004287288336473,-1.8862980592798373,0,Economy
0.03556203196343534,0.40846349574185103,0.3977096980539099,2.561874953714853,-0.5074065901055592,0.4612030122410416,2,Premium
0.5161300314693194,0.1672225324443209,-0.061015781285689,0.6996750564135367,1.07472641172537,-1.4006081824134484,0,Economy
0.9966980309752034,-0.8218884143075162,0.6118394124702908,-0.2314248922371213,1.7004287288336473,-1.8862980592798373,0,Economy
4.360674027516391,-1.58091205526414,1.2201364549150255,-0.04520490250698953,-1.526407506539039,2.403962519706597,2,Premium
-0.9255739670483327,0.14342039736205744,-1.2409053570405586,-1.1625248408877793,-0.346511708563431,0.4612030122410416,1,Mid-range
-0.44500596754244864,-0.5459216307450413,-0.40337937910762683,-1.1625248408877793,0.10935712247259968,0.4612030122410416,1,Mid-range
0.03556203196343534,-0.14358505754291648,-0.2784703790314046,0.6996750564135367,0.43114688555685665,0.13740976099678243,2,Premium
0.5161300314693194,-0.3446958510640701,-0.324937430560664,0.6996750564135367,1.07472641172537,-1.5625048080355781,0,Economy
0.03556203196343534,-0.3849410070002643,1.6953176973990847,-0.2314248922371213,-1.526407506539039,0.5421513250521064,2,Premium
-1.4061419665542167,1.3392764594661153,-1.2786458805458931,-0.2314248922371213,-1.1688633253343093,0.4612030122410416,3,Luxury
0.03556203196343534,-0.4884285508361924,-0.22510359225983964,-1.1625248408877793,0.21662037683401889,-1.8862980592798373,0,Economy
-1.4061419665542167,-0.22396038325548728,-1.2705143724034988,-1.1625248408877793,-0.08729217719000198,0.4612030122410416,1,Mid-range
1.9578340299869714,-0.43151040172643196,-0.03271813295015723,0.6996750564135367,-0.864950771310289,1.2706861403516894,2,Premium
-1.4061419665542167,0.31635958172787504,-0.9947658962858638,-1.1625248408877793,-0.6593628671175696,0.4612030122410416,1,Mid-range
-0.9255739670483327,-0.22396038325548728,-0.8851325150771394,0.6996750564135367,-0.6593628671175696,0.4612030122410416,3,Luxury
-1.4061419665542167,2.6127481794471192,-1.2253393271679753,0.6996750564135367,0.32388363119543745,0.4612030122410416,3,Luxury
0.5161300314693194,-0.8911100825177704,0.7675848984242815,-0.7900848614275162,0.43114688555685665,-1.5625048080355781,0,Economy
0.5161300314693194,-0.6039896414529787,-0.324937430560664,-0.7900848614275162,0.43114688555685665,-1.5625048080355781,0,Economy
-1.4061419665542167,1.4651863044664946,-0.9950369465572769,0.6996750564135367,-0.8023805395994617,0.4612030122410416,3,Luxury
-0.9255739670483327,-0.22396038325548728,-1.2007899168714138,0.6996750564135367,-0.864950771310289,0.4612030122410416,3,Luxury
0.5161300314693194,-0.33894654307318517,3.2393465334949925,0.6996750564135367,0.9317087392434786,-1.4006081824134484,0,Economy
0.5161300314693194,-1.0633593499246818,-0.10758221791446658,-0.7900848614275162,0.20768177230390053,-1.4006081824134484,0,Economy
-0.44500596754244864,0.14342039736205744,0.8480597240068428,0.14101508722314182,0.21662037683401889,0.4612030122410416,2,Premium
0.03556203196343534,-0.6609077905627392,0.07052190376142557,-1.1625248408877793,0.9317087392434786,0.4612030122410416,1,Mid-range
-0.9255739670483327,1.7365536416362615,-0.970009971496797,2.561874953714853,-1.9375833149244786,2.323014206895532,3,Luxury
0.03556203196343534,0.5340283822627772,-0.17860341236407418,0.6996750564135367,0.43114688555685665,0.5421513250521064,2,Premium
0.5161300314693194,-0.942623882116099,0.22830327842069706,-0.4176448819672531,-0.43589775386461344,0.13740976099678243,2,Premium
0.03556203196343534,-0.3736723633381299,-0.8989948003865542,-0.2314248922371213,-0.864950771310289,0.704047950674236,2,Premium
2.9189700289987393,-1.351399680268015,1.8854865678225436,-0.04520490250698953,-0.6593628671175696,0.4612030122410416,2,Premium
0.03556203196343534,-0.6149133266356601,0.9377020721025332,-0.2314248922371213,1.5305952427614014,-1.5625048080355781,0,Economy
-1.4061419665542167,1.8677528499882547,-1.09884920050851,0.6996750564135367,-0.5878540308766232,0.4612030122410416,3,Luxury
0.03556203196343534,0.037633130329775395,0.7727830402960488,0.6996750564135367,0.21662037683401889,0.4612030122410416,2,Premium
-0.9255739670483327,-0.7764688811795256,0.0841819769635959,-1.1625248408877793,0.21662037683401889,0.4612030122410416,1,Mid-range
0.03556203196343534,-0.2011931236115831,-0.027297127521894417,-0.2314248922371213,1.369700361219272,0.4612030122410416,1,Mid-range
-0.9255739670483327,1.6951586241018903,-1.0798240528864638,0.6996750564135367,-0.2660642677923669,0.4612030122410416,3,Luxury
0.03556203196343534,-0.7934868328325448,0.8294024303245717,-0.2314248922371213,1.7004287288336473,0.4612030122410416,2,Premium
0.5161300314693194,1.9250159575774684,1.3399888615945514,2.561874953714853,-0.6593628671175696,1.3516344531627542,2,Premium
-0.9255739670483327,-0.11587339302685128,-0.2568379859414795,-0.2314248922371213,2.2724994187612153,0.5421513250521064,1,Mid-range
-0.9255739670483327,0.8787568893962354,-0.7825980695482828,-0.2314248922371213,-1.3833898340571478,0.4612030122410416,3,Luxury
0.5161300314693194,-0.6034147106538903,-0.20846712893443756,-0.04520490250698953,1.7004287288336473,-1.8862980592798373,0,Economy
-0.9255739670483327,1.2363638464292759,-0.6343722925526397,0.6996750564135367,-1.5711005291896303,0.4612030122410416,3,Luxury
0.5161300314693194,-0.374017321817583,0.7700785609212824,0.6996750564135367,-0.346511708563431,0.704047950674236,2,Premium
0.5161300314693194,-0.8506349542619407,0.649569610251,-0.7900848614275162,0.43114688555685665,-1.5625048080355781,0,Economy
-1.4061419665542167,3.2480467124399004,-0.8277989290953692,2.561874953714853,-1.285065184225847,0.4612030122410416,3,Luxury
0.5161300314693194,-0.09172629946513472,-0.08259138289017508,0.6996750564135367,0.32388363119543745,0.13740976099678243,2,Premium
0.9966980309752034,-0.02963377316357787,0.1496247769095919,2.561874953714853,0.10935712247259968,0.4612030122410416,2,Premium
-0.44500596754244864,0.14399532816114594,-0.2404781659883294,-0.04520490250698953,0.9317087392434786,0.4612030122410416,1,Mid-range
-0.44500596754244864,-0.25845623120079664,-0.7219989731537735,0.6996750564135367,1.2177440842072627,0.4612030122410416,1,Mid-range
3.8801060280105073,-1.0984301286690796,0.09591913703579685,0.3272350769532736,-1.1688633253343093,1.3516344531627542,2,Premium
-0.9255739670483327,-0.1699168881411693,-0.9928556372301903,-1.1625248408877793,-0.9990298392620627,0.4612030122410416,1,Mid-range
0.03556203196343534,-0.7185158566314058,-0.18890332267777352,-1.1625248408877793,0.32388363119543745,0.5421513250521064,1,Mid-range
0.9966980309752034,-1.0409370487602307,0.1496247769095919,-0.6038648716973845,0.24343619042437337,-1.4006081824134484,0,Economy
-0.9255739670483327,0.0859273174532085,-0.9387230258822516,-1.1625248408877793,-0.864950771310289,0.5421513250521064,1,Mid-range
0.03556203196343534,0.0002626283890235818,-0.03223626580097842,0.6996750564135367,-0.08729217719000198,0.4612030122410416,2,Premium
0.5161300314693194,-0.25903116199988513,2.571858135112993,0.6996750564135367,0.43114688555685665,0.13740976099678243,2,Premium
0.03556203196343534,-0.5804174786903508,-0.5338599680962303,-1.1625248408877793,0.9317087392434786,0.4612030122410416,1,Mid-range
1.9578340299869714,-1.3347266870944487,2.0401075426505177,-1.1625248408877793,0.9317087392434786,-1.8862980592798373,0,Economy
0.5161300314693194,-0.810964729124835,3.87853728354146,0.6996750564135367,0.672489207870049,-1.4006081824134484,0,Economy
-0.9255739670483327,0.20137342191017718,-1.0255365556691463,-0.2314248922371213,-0.864950771310289,0.4612030122410416,3,Luxury
-0.44500596754244864,0.14284546656296895,-0.960252161725924,-0.4176448819672531,0.10935712247259968,0.4612030122410416,1,Mid-range
-0.9255739670483327,0.8902555053780051,-0.806760265171397,0.6996750564135367,-0.43589775386461344,0.5421513250521064,3,Luxury
0.03556203196343534,0.3733927169974532,-0.1527030530957075,0.6996750564135367,-0.08729217719000198,0.4612030122410416,2,Premium
1.4772660304810874,-0.6091640186447752,1.110210511508585,0.6996750564135367,-0.2660642677923669,0.704047950674236,2,Premium
0.03556203196343534,-0.20211301289012468,0.6034067373596598,-0.4176448819672531,-0.17667822249118445,0.4612030122410416,2,Premium
0.5161300314693194,-0.1092041957574248,0.894599055608479,0.6996750564135367,0.10935712247259968,0.13740976099678243,2,Premium
0.9966980309752034,-0.07792796028701097,1.3653591669988214,2.561874953714853,-0.346511708563431,0.704047950674236,2,Premium
0.03556203196343534,-0.44243408690911323,1.11924552055569,-1.1625248408877793,0.43114688555685665,0.4612030122410416,1,Mid-range
0.9966980309752034,-0.3966695953016695,0.7297216396012421,0.6996750564135367,0.5473487444483937,-1.4006081824134484,0,Economy
0.03556203196343534,-0.7186308427912236,-0.24190870908745435,-1.1625248408877793,0.9317087392434786,0.4612030122410416,1,Mid-range
-0.9255739670483327,0.4312307553857552,-1.1651661669142581,1.6307750050641947,-2.1074168009967256,0.4612030122410416,3,Luxury
-0.9255739670483327,2.840420775886161,-0.350234165176979,2.561874953714853,-1.9018288968040058,0.4612030122410416,3,Luxury
-0.44500596754244864,1.000642218802995,-0.38881042701917057,-0.4176448819672531,-0.2660642677923669,0.4612030122410416,1,Mid-range
-0.9255739670483327,0.6039399674319375,-0.7646313087003261,-0.2314248922371213,-1.1688633253343093,0.4612030122410416,3,Luxury
-0.44500596754244864,-0.14404500218218727,-0.6334332969695299,-1.1625248408877793,0.5473487444483937,0.4612030122410416,1,Mid-range
0.5161300314693194,-1.115103121842646,-0.8431584444754473,-1.1625248408877793,0.7976296712917049,-1.5625048080355781,0,Economy
0.9966980309752034,-0.7873925663622069,-0.7663280129967044,-1.1625248408877793,0.43114688555685665,-1.5625048080355781,0,Economy
-0.9255739670483327,-0.40908810056198086,-0.22988784466954448,-1.1625248408877793,-0.5878540308766232,0.5421513250521064,1,Mid-range
-0.9255739670483327,-0.8914550409972235,-0.13509769260963475,-0.2314248922371213,0.10935712247259968,0.4612030122410416,1,Mid-range
-0.44500596754244864,2.155103263372682,1.4309533326808015,2.561874953714853,-1.285065184225847,0.4612030122410416,3,Luxury
0.5161300314693194,-0.25845623120079664,0.3975470678910619,0.6996750564135367,0.7976296712917049,-1.4006081824134484,0,Economy
-1.4061419665542167,1.222565507251152,-0.8710766224310008,0.6996750564135367,-0.43589775386461344,0.4612030122410416,3,Luxury
-0.9255739670483327,0.0862722759326616,-0.26977095603462103,-1.1625248408877793,0.43114688555685665,0.4612030122410416,1,Mid-range
-0.9255739670483327,-0.08632194995370292,-0.3209607358643598,-1.1625248408877793,0.43114688555685665,0.4612030122410416,1,Mid-range
0.5161300314693194,1.5807473950832809,1.0840089852719816,2.561874953714853,-0.9364596075512354,1.3516344531627542,2,Premium
0.5161300314693194,0.3853512776184938,-0.8802923316590475,-0.4176448819672531,-0.346511708563431,0.13740976099678243,2,Premium
0.03556203196343534,0.12099809619760636,0.6279819619677846,0.3272350769532736,1.7004287288336473,-1.8862980592798373,0,Economy
-0.9255739670483327,2.15567819417177,-1.2787749521037088,0.6996750564135367,-0.864950771310289,0.4612030122410416,3,Luxury
-0.44500596754244864,0.6614330473407863,0.7533276541479502,2.561874953714853,-0.17667822249118445,0.5421513250521064,2,Premium
-0.9255739670483327,-0.12058782557937689,-0.7278459147228284,-1.1625248408877793,0.011032472641298852,0.4612030122410416,1,Mid-range
-0.9255739670483327,2.3861104584464368,-1.1633849794164004,0.6996750564135367,-0.08729217719000198,0.4612030122410416,3,Luxury
0.03556203196343534,-0.7990061685037944,0.7461598803039139,-0.7900848614275162,0.43114688555685665,-1.5625048080355781,0,Economy
0.5161300314693194,0.08535238665412001,0.7122906430560009,-0.4176448819672531,-0.5878540308766232,0.5421513250521064,2,Premium
0.03556203196343534,0.2009134772709064,0.9386055730072436,0.6996750564135367,-1.0526614664427723,1.3516344531627542,2,Premium
0.03556203196343534,0.31635958172787504,-0.3449078122244477,0.6996750564135367,0.43114688555685665,0.4612030122410416,2,Premium
0.03556203196343534,0.1780312314671845,-0.8503262183194836,0.3272350769532736,1.369700361219272,-1.8862980592798373,0,Economy
1.4772660304810874,-1.0639342807237704,0.2061223312100549,-0.04520490250698953,-0.6593628671175696,0.4612030122410416,2,Premium
-1.4061419665542167,0.5463319013632708,-1.2267849286155121,-1.1625248408877793,-0.6593628671175696,0.4612030122410416,3,Luxury
1.4772660304810874,-1.201457727865737,1.6019408788972578,-1.1625248408877793,0.10935712247259968,-1.4006081824134484,0,Economy
7.2440820245516955,-1.4084328155375931,-0.8817944019131287,0.6996750564135367,-1.9375833149244786,3.456290586250439,3,Luxury
0.03556203196343534,-0.43151040172643196,0.6959854633956591,-0.4176448819672531,-0.08729217719000198,0.4612030122410416,2,Premium
0.03556203196343534,0.23023494802441935,-0.37604847674013514,0.6996750564135367,-0.43589775386461344,0.4612030122410416,2,Premium
0.03556203196343534,-0.6411301710740952,-0.5856606866329639,-1.1625248408877793,0.43114688555685665,0.4612030122410416,1,Mid-range
0.03556203196343534,-0.5461516030646767,-0.20155233534371977,-1.1625248408877793,-0.08729217719000198,-1.4006081824134484,0,Economy
0.03556203196343534,-1.02598884798393,-0.3267775607365909,-1.1625248408877793,1.2177440842072627,0.4612030122410416,1,Mid-range
-0.9255739670483327,1.5810923535627341,-0.5024095318417848,0.6996750564135367,-1.2314335570451371,0.4612030122410416,3,Luxury
0.03556203196343534,-1.1783455097423796,1.2156791837851204,-0.7900848614275162,-0.08729217719000198,0.4612030122410416,1,Mid-range
0.5161300314693194,0.2589814879788438,0.25031256045944406,0.6996750564135367,-0.43589775386461344,0.7849962634853007,2,Premium
0.9966980309752034,-0.9771197300614084,0.32654668134107795,-0.6038648716973845,-0.024721945479174005,-1.4006081824134484,0,Economy
0.9966980309752034,-1.0656590731210358,0.7902890547951965,-0.4176448819672531,-0.2660642677923669,0.4612030122410416,2,Premium
-0.9255739670483327,0.1784911761064553,-1.0317319904443034,-1.1625248408877793,0.32388363119543745,0.4612030122410416,1,Mid-range
-0.9255739670483327,0.14399532816114594,-0.6774305642399843,-0.2314248922371213,-1.3386968114065565,0.5421513250521064,3,Luxury
0.03556203196343534,0.545871956724,-0.5567486576822289,0.6996750564135367,-1.4370214612378567,0.4612030122410416,3,Luxury
0.03556203196343534,-0.14461993298127573,-0.3362944369328746,-0.4176448819672531,0.10935712247259968,0.4612030122410416,1,Mid-range
-1.4061419665542167,2.414971984560679,-1.2704240223130276,2.561874953714853,-0.6593628671175696,0.4612030122410416,3,Luxury
-0.9255739670483327,0.9753452636431016,-1.0434258735824136,0.6996750564135367,0.672489207870049,0.4612030122410416,3,Luxury
0.03556203196343534,-0.17808090548822583,-0.7374488386243225,0.6996750564135367,0.43114688555685665,0.13740976099678243,2,Premium
-0.9255739670483327,0.9161273913369872,-0.9319854905642679,-0.04520490250698953,0.672489207870049,0.4612030122410416,3,Luxury
-0.9255739670483327,1.9828539959657705,-0.905887221573917,0.6996750564135367,-2.035907964755779,0.4612030122410416,3,Luxury
-0.9255739670483327,0.14399532816114594,-1.1159899033864455,-1.1625248408877793,0.43114688555685665,0.4612030122410416,1,Mid-range
0.5161300314693194,-0.6610227767225569,0.49539621587120564,-0.04520490250698953,-0.6593628671175696,0.4612030122410416,2,Premium
0.9966980309752034,-0.7973963622663466,0.533826216170836,-1.1625248408877793,1.07472641172537,-1.8862980592798373,0,Economy
0.03556203196343534,-0.22396038325548728,0.21387738064215314,0.6996750564135367,0.9317087392434786,-1.4006081824134484,0,Economy
-0.44500596754244864,-0.982984024212111,-1.1098041489781243,-1.1625248408877793,-0.08729217719000198,0.4612030122410416,1,Mid-range
-0.9255739670483327,2.2114464816833537,-0.4745300753535762,0.6996750564135367,-1.1152316981536003,0.5421513250521064,3,Luxury
-0.9255739670483327,-0.6609077905627392,-1.0409476996723503,-0.7900848614275162,-0.6593628671175696,0.4612030122410416,1,Mid-range
-0.9255739670483327,0.31589963708860425,-1.0472205773821974,-0.2314248922371213,-0.5074065901055592,0.4612030122410416,3,Luxury
0.03556203196343534,0.029009168343448053,-0.13878913916316638,-0.4176448819672531,0.43114688555685665,-1.5625048080355781,0,Economy
0.5161300314693194,-0.9484881762668016,-0.04372277396953083,-1.1625248408877793,0.7976296712917049,-1.5625048080355781,0,Economy
0.5161300314693194,-0.22396038325548728,0.6314092420663195,0.14101508722314182,0.5741645580387488,-1.4006081824134484,0,Economy
0.03556203196343534,-0.5459216307450413,-0.19534829579804153,-0.7900848614275162,0.43114688555685665,0.4612030122410416,1,Mid-range
-0.44500596754244864,-0.2009631512919477,-0.7760057397328417,-1.1625248408877793,-0.08729217719000198,0.4612030122410416,1,Mid-range
0.03556203196343534,-0.8919149856364943,0.5010702015527874,-1.1625248408877793,0.43114688555685665,-1.5625048080355781,0,Economy
0.5161300314693194,-0.05573563144219529,-0.039060709301224614,0.3272350769532736,-0.8023805395994617,0.704047950674236,2,Premium
0.03556203196343534,-0.9024937123397224,0.21731068408005302,-0.6038648716973845,-0.024721945479174005,-1.4006081824134484,0,Economy
2.9189700289987393,-1.4209663069577223,1.8284937307534073,-0.4176448819672531,-0.9364596075512354,0.704047950674236,2,Premium
0.03556203196343534,-0.6610227767225569,0.6972503646622541,-0.04520490250698953,1.07472641172537,-1.5625048080355781,0,Economy
0.03556203196343534,-1.102454644262699,-0.15125745164817084,-1.1625248408877793,0.43114688555685665,0.4612030122410416,1,Mid-range
-0.9255739670483327,-0.3735573771783122,0.0841819769635959,-1.1625248408877793,-0.5878540308766232,0.4612030122410416,1,Mid-range
1.4772660304810874,-0.9253759581434443,0.9477158737964073,-0.04520490250698953,1.2177440842072627,-1.8862980592798373,0,Economy
-0.9255739670483327,0.6608581165416979,-0.5244807682282835,-0.04520490250698953,-0.43589775386461344,0.4612030122410416,3,Luxury
0.03556203196343534,-0.8333870302892861,1.3796344812932466,-0.2314248922371213,1.7004287288336473,-1.8862980592798373,0,Economy
-0.44500596754244864,0.27565448115241,1.7258560279782984,0.6996750564135367,0.21662037683401889,0.4612030122410416,2,Premium
0.5161300314693194,-0.10897422343778941,0.9458817669598452,0.6996750564135367,0.672489207870049,-1.4006081824134484,0,Economy
-0.9255739670483327,1.5812073397225517,-0.8321615477495428,0.6996750564135367,-2.009092151165425,0.4612030122410416,3,Luxury
-0.44500596754244864,0.7304247432314052,-0.3239616495835767,0.6996750564135367,1.2177440842072627,0.4612030122410416,3,Luxury
-0.9255739670483327,1.9205314973445782,-0.89233470800326,0.6996750564135367,-2.009092151165425,0.4612030122410416,3,Luxury
0.03556203196343534,-0.5286737067723867,-0.677215444976958,-0.2314248922371213,0.10935712247259968,0.4612030122410416,1,Mid-range
0.03556203196343534,-0.7419730332342163,-0.18745772123023646,-0.7900848614275162,0.43114688555685665,-1.5625048080355781,0,Economy
0.9966980309752034,-0.02963377316357787,0.5853257677393328,0.6996750564135367,-0.17667822249118445,0.5421513250521064,2,Premium
-0.9255739670483327,-0.1147235314286743,-1.27567723471613,-1.1625248408877793,-0.2660642677923669,0.4612030122410416,1,Mid-range
0.03556203196343534,0.059710473014773384,-0.42405449147708474,0.6996750564135367,1.07472641172537,0.4612030122410416,2,Premium
-0.9255739670483327,0.1773413145082783,-0.8210872080889486,-1.1625248408877793,0.43114688555685665,0.4612030122410416,1,Mid-range
-0.9255739670483327,1.4088430861558225,-0.8838934281221078,0.6996750564135367,-1.1688633253343093,0.5421513250521064,3,Luxury
-0.9255739670483327,0.7177762656514584,-0.89233470800326,-0.2314248922371213,-1.1152316981536003,0.4612030122410416,3,Luxury
0.9966980309752034,-1.265390032724377,0.7506171514338188,-1.1625248408877793,0.672489207870049,-1.5625048080355781,0,Economy
0.5161300314693194,-0.022734603574515993,0.09066395059710428,0.6996750564135367,1.07472641172537,0.4612030122410416,2,Premium
0.5161300314693194,0.11984823459942938,-0.02512872535058929,0.6996750564135367,-0.43589775386461344,0.704047950674236,2,Premium
0.03556203196343534,-0.6610227767225569,-0.17643501019276905,-1.1625248408877793,0.9317087392434786,0.4612030122410416,1,Mid-range
-0.9255739670483327,-0.3056005567260528,-1.0390116263051137,-1.1625248408877793,-0.5878540308766232,0.4612030122410416,1,Mid-range
0.9966980309752034,-1.0116155780067178,2.137852440526272,-1.1625248408877793,0.5473487444483937,-1.5625048080355781,0,Economy
-0.9255739670483327,1.5226793843753434,-1.0451296181455818,0.6996750564135367,-0.7308717033585154,0.4612030122410416,3,Luxury
-0.9255739670483327,-0.44243408690911323,-0.2322885756449181,-1.1625248408877793,0.43114688555685665,0.4612030122410416,1,Mid-range
-0.44500596754244864,-0.22396038325548728,0.3838183716439864,0.3272350769532736,1.7004287288336473,0.3802546994299768,2,Premium
0.03556203196343534,0.4947031156051245,0.8836727180008468,0.3272350769532736,1.7004287288336473,-1.8862980592798373,0,Economy
0.5161300314693194,-0.5469565061834006,-0.42628312704203725,-0.7900848614275162,-0.346511708563431,0.13740976099678243,1,Mid-range
-1.4061419665542167,-0.3745922526166715,-1.0536741552729865,-0.7900848614275162,-0.8023805395994617,0.4612030122410416,1,Mid-range
0.03556203196343534,1.083662226191373,-0.12059865428166222,0.6996750564135367,-1.329758206876438,0.4612030122410416,3,Luxury
-0.44500596754244864,-0.7758939503804371,0.6531068162929415,-0.9763048511576475,0.7976296712917049,0.4612030122410416,1,Mid-range
1.4772660304810874,-0.9887333322029959,1.4955084723223642,-0.04520490250698953,0.9317087392434786,-1.5625048080355781,0,Economy
0.5161300314693194,-0.43116544324697886,2.9634173571964153,0.6996750564135367,1.7004287288336473,-1.8862980592798373,0,Economy
0.5161300314693194,0.43031086610721364,0.46433385476725986,0.6996750564135367,-1.3833898340571478,0.4612030122410416,2,Premium
-0.44500596754244864,-0.4884285508361924,-0.6233366743593903,-1.1625248408877793,0.43114688555685665,0.5421513250521064,1,Mid-range
0.03556203196343534,-0.33894654307318517,-0.6265591609195243,-1.1625248408877793,0.10935712247259968,0.4612030122410416,1,Mid-range
0.5161300314693194,-0.8911100825177704,-0.21388813436270035,-0.4176448819672531,-0.43589775386461344,0.13740976099678243,1,Mid-range
-0.9255739670483327,3.5547148006737004,-0.5194469774734681,2.561874953714853,-1.5711005291896303,0.4612030122410416,3,Luxury
0.03556203196343534,0.005437005580819987,0.33404300096864586,0.6996750564135367,0.43114688555685665,0.5421513250521064,2,Premium
-1.4061419665542167,1.5807473950832809,-1.2643705662514677,0.6996750564135367,-0.6593628671175696,0.4612030122410416,3,Luxury
0.03556203196343534,-0.5464965615441298,-0.09867369899402158,-1.1625248408877793,0.9317087392434786,0.4612030122410416,1,Mid-range
-0.9255739670483327,-0.17808090548822583,0.01165666862690824,-0.04520490250698953,0.43114688555685665,0.4612030122410416,1,Mid-range
0.03556203196343534,1.2158963099817255,0.24363267710395137,0.6996750564135367,-0.43589775386461344,0.4612030122410416,2,Premium
0.03556203196343534,-0.834536891887463,1.9636574660980937,-1.1625248408877793,0.32388363119543745,-1.5625048080355781,0,Economy
0.03556203196343534,0.8856560589852973,1.2210399558197358,2.561874953714853,-1.1152316981536003,1.9182726428402077,2,Premium
0.5161300314693194,-0.5804174786903508,0.4721401025839584,-0.7900848614275162,-0.346511708563431,0.13740976099678243,2,Premium
-0.9255739670483327,0.7752693455603072,-0.8148917733137913,-0.2314248922371213,-1.0526614664427723,0.4612030122410416,3,Luxury
0.03556203196343534,-0.731049348051535,0.2724242392673915,-0.7900848614275162,0.32388363119543745,0.4612030122410416,1,Mid-range
-0.9255739670483327,-0.09747560745601962,-1.0977133707997309,-0.2314248922371213,-0.2660642677923669,0.5421513250521064,3,Luxury
-0.9255739670483327,-0.5539706619322802,-0.18226043983552134,-1.1625248408877793,0.5473487444483937,0.5421513250521064,1,Mid-range
0.5161300314693194,0.027859306745271074,0.9214330324783799,0.6996750564135367,0.5473487444483937,-1.4006081824134484,0,Economy
0.9966980309752034,0.004862074781731497,-0.34398240826750187,0.6996750564135367,-0.5074065901055592,0.704047950674236,2,Premium
0.5161300314693194,-0.3045656812876935,0.997814998962603,0.6996750564135367,0.672489207870049,-1.4006081824134484,0,Economy
0.5161300314693194,-0.22396038325548728,0.8258607067781067,0.6996750564135367,0.20768177230390053,0.13740976099678243,2,Premium
0.03556203196343534,-0.47106564070372003,0.2636903971885238,-0.2314248922371213,0.7976296712917049,0.5421513250521064,1,Mid-range
0.5161300314693194,0.08535238665412001,0.32441770466379677,0.6996750564135367,1.369700361219272,-1.5625048080355781,0,Economy
-0.9255739670483327,0.3492456234357367,-1.0482273355331604,-1.1625248408877793,-0.864950771310289,0.4612030122410416,3,Luxury
0.5161300314693194,-0.6844799533253673,-0.3222540328736739,-1.1625248408877793,0.9317087392434786,-1.8862980592798373,0,Economy
0.03556203196343534,-0.33952147387227366,0.070040036612247,-1.1625248408877793,0.21662037683401889,0.4612030122410416,1,Mid-range
-1.4061419665542167,2.2654899767976717,-0.8642100155552013,0.6996750564135367,-1.705179597141404,0.4612030122410416,3,Luxury
0.03556203196343534,-0.7189758012706766,-0.6049353726001205,-1.1625248408877793,0.9317087392434786,-1.8862980592798373,0,Economy
0.03556203196343534,-0.12058782557937689,0.3676532346238753,0.6996750564135367,0.672489207870049,-1.4006081824134484,0,Economy
3.3995380285046233,-1.1208524298335307,1.769766171947227,0.6996750564135367,-0.43589775386461344,0.4612030122410416,2,Premium
-0.9255739670483327,-0.08666690843315601,-0.24963579301535907,-0.04520490250698953,-1.8213814560329415,0.4612030122410416,3,Luxury
0.5161300314693194,-0.029058842364489378,0.3570521573419388,0.3272350769532736,1.369700361219272,-1.8862980592798373,0,Economy
0.03556203196343534,-0.0871268530724268,1.792353694564989,0.6996750564135367,0.9317087392434786,-1.4006081824134484,0,Economy
0.5161300314693194,-0.690689205955523,-0.007456247654452582,-0.7900848614275162,0.43114688555685665,-1.5625048080355781,0,Economy
-0.9255739670483327,0.2589814879788438,-1.008499110037463,-1.1625248408877793,-0.346511708563431,0.5421513250521064,1,Mid-range
-0.9255739670483327,0.31589963708860425,-0.5302115453953042,-0.04520490250698953,-0.5878540308766232,0.4612030122410416,3,Luxury
-0.44500596754244864,0.12065313771815327,-1.166047080296351,-0.04520490250698953,2.075850119098614,0.299306386618912,1,Mid-range
-0.9255739670483327,0.43111576922593753,1.0416476999968425,0.6996750564135367,-1.7856270379124688,0.4612030122410416,3,Luxury
0.5161300314693194,-0.2931820514657414,2.310077782982181,0.6996750564135367,1.07472641172537,-1.5625048080355781,0,Economy
-0.9255739670483327,1.2357889156301873,-0.8989948003865542,0.6996750564135367,-0.9364596075512354,0.5421513250521064,3,Luxury
1.9578340299869714,-0.8339619610883745,1.3475532491690656,0.6996750564135367,0.9317087392434786,-1.4006081824134484,0,Economy
-0.44500596754244864,-0.7764688811795256,-0.08628444283817911,-0.9763048511576475,0.7976296712917049,0.4612030122410416,1,Mid-range
0.03556203196343534,-0.8914550409972235,-0.17239937281839568,-1.1625248408877793,1.0479105981350156,0.4612030122410416,1,Mid-range
-0.9255739670483327,-0.14358505754291648,-0.19581295340617835,-1.1625248408877793,-0.17667822249118445,0.4612030122410416,1,Mid-range
-0.44500596754244864,-0.6035296968137079,-0.004190091883924189,-1.1625248408877793,0.10935712247259968,0.4612030122410416,1,Mid-range
-0.9255739670483327,0.7189261272496353,-1.0500859659657078,-0.2314248922371213,-0.9364596075512354,0.4612030122410416,3,Luxury
-0.9255739670483327,-0.33906152923300287,-1.047298020316887,-0.2314248922371213,-0.6593628671175696,0.4612030122410416,3,Luxury
-0.9255739670483327,-0.7195507320697652,-1.0251493409956989,-0.7900848614275162,-0.6593628671175696,0.4612030122410416,1,Mid-range
-0.9255739670483327,-0.22396038325548728,0.0841819769635959,-1.1625248408877793,0.10935712247259968,0.4612030122410416,1,Mid-range
-0.44500596754244864,-0.6269868734165184,-0.45670852000816226,-1.1625248408877793,0.43114688555685665,0.4612030122410416,1,Mid-range
-0.9255739670483327,-0.2009631512919477,-1.2766065499324035,-1.1625248408877793,0.32388363119543745,0.4612030122410416,1,Mid-range
-0.9255739670483327,-0.034233219556285784,-0.7554155994722793,-1.1625248408877793,0.32388363119543745,0.4612030122410416,1,Mid-range
0.03556203196343534,-1.1231521530298847,5.466590707054226,0.6996750564135367,0.5473487444483937,-1.4006081824134484,0,Economy
0.03556203196343534,-0.6611377628823746,0.16557019893696692,-1.1625248408877793,0.672489207870049,-1.5625048080355781,0,Economy
0.5161300314693194,-0.7990061685037944,0.010975170801640972,-0.7900848614275162,0.43114688555685665,-1.5625048080355781,0,Economy
-0.44500596754244864,-0.9484881762668016,-0.9918972809134081,-1.1625248408877793,0.43114688555685665,0.4612030122410416,1,Mid-range
0.9966980309752034,-0.374017321817583,-0.2736571833026743,-0.04520490250698953,1.7004287288336473,0.4612030122410416,1,Mid-range
2.9189700289987393,-0.4953277204252543,1.3225332241155452,0.6996750564135367,-0.43589775386461344,0.7849962634853007,2,Premium
0.5161300314693194,-0.31744413118727566,1.6439988460115298,0.6996750564135367,-0.2660642677923669,0.5421513250521064,2,Premium
-0.44500596754244864,-0.6390604201973766,-0.7354837241565773,-1.1625248408877793,0.7976296712917049,0.4612030122410416,1,Mid-range
0.03556203196343534,0.3739676477965417,1.5112444464127386,-0.4176448819672531,-0.9364596075512354,0.4612030122410416,2,Premium
0.9966980309752034,-0.1147235314286743,1.4955125791446584,0.6996750564135367,-0.43589775386461344,0.704047950674236,2,Premium
-0.44500596754244864,-1.0064412008149213,0.61780251844138,-1.1625248408877793,0.7976296712917049,0.5421513250521064,1,Mid-range
0.5161300314693194,-0.8450006324308735,2.414865817910502,-0.2314248922371213,2.7462454588574823,-1.8862980592798373,0,Economy
0.03556203196343534,-0.4194368549455737,-0.46844650259519244,-1.1625248408877793,0.672489207870049,-1.5625048080355781,0,Economy
0.5161300314693194,-0.8333870302892861,-0.1039501442775306,-0.4176448819672531,-0.43589775386461344,0.13740976099678243,2,Premium
-0.9255739670483327,1.6945836933028018,-1.1352731941241232,0.6996750564135367,-0.6593628671175696,0.4612030122410416,3,Luxury
0.9966980309752034,-1.0645092115228587,2.860127491040997,0.6996750564135367,1.2177440842072627,-1.5625048080355781,0,Economy
0.03556203196343534,-1.408892760176864,4.930513503592683,-0.7900848614275162,-0.08729217719000198,-1.4006081824134484,0,Economy
-0.9255739670483327,-0.6384854893982881,-1.27567723471613,-1.1625248408877793,0.21662037683401889,0.5421513250521064,1,Mid-range
0.9966980309752034,-0.91410731448131,-0.09062432729751006,-1.1625248408877793,-0.2660642677923669,0.13740976099678243,1,Mid-range
-0.9255739670483327,-0.7764688811795256,-0.2634980783247739,-1.1625248408877793,0.21662037683401889,0.4612030122410416,1,Mid-range
-0.9255739670483327,0.517700347568664,0.0841819769635959,-0.2314248922371213,-1.3386968114065565,0.4612030122410416,3,Luxury
-0.9255739670483327,0.2003385464718179,-1.0290214877301722,-1.1625248408877793,-0.5074065901055592,0.4612030122410416,1,Mid-range
-0.9255739670483327,-0.06389964878925183,-0.06965841279703391,-0.04520490250698953,-1.7856270379124688,0.5421513250521064,3,Luxury
-0.9255739670483327,0.31635958172787504,-0.9006985449497226,-1.1625248408877793,-0.6593628671175696,0.4612030122410416,1,Mid-range
0.03556203196343534,0.7991864668023885,0.5364874370174378,2.561874953714853,0.672489207870049,0.4612030122410416,2,Premium
0.03556203196343534,0.31589963708860425,-0.2030581701849043,-0.04520490250698953,0.7976296712917049,0.4612030122410416,1,Mid-range
1.9578340299869714,-0.7761239227000725,1.152980854336187,0.6996750564135367,-0.17667822249118445,0.4612030122410416,2,Premium
0.5161300314693194,-0.8967444043488376,3.009821163662345,-0.04520490250698953,-0.6593628671175696,0.4612030122410416,2,Premium
-0.44500596754244864,1.350775075447885,-0.5807817817475273,2.561874953714853,-0.346511708563431,0.5421513250521064,3,Luxury
-0.9255739670483327,-0.2504072000135578,-1.276141892324267,-1.1625248408877793,0.32388363119543745,0.4612030122410416,1,Mid-range
-0.44500596754244864,-0.5464965615441298,0.4599157353432256,-1.1625248408877793,-0.08729217719000198,0.5421513250521064,1,Mid-range
0.9966980309752034,-1.0639342807237704,0.3467522470282395,-1.1625248408877793,0.9585245528338331,-1.8862980592798373,0,Economy
-0.44500596754244864,-0.6034147106538903,-0.41489901564268533,-0.2314248922371213,0.32388363119543745,0.4612030122410416,1,Mid-range
-0.44500596754244864,-0.6034147106538903,-0.05921329698079171,-1.1625248408877793,0.10935712247259968,0.4612030122410416,1,Mid-range
0.5161300314693194,0.14342039736205744,0.9704389215498758,0.6996750564135367,1.07472641172537,-1.5625048080355781,0,Economy
0.03556203196343534,-0.6269868734165184,-0.2188694360173374,-0.2314248922371213,0.32388363119543745,0.4612030122410416,1,Mid-range
1.4772660304810874,-0.9489481209060724,0.7533276541479502,-0.7900848614275162,0.32388363119543745,-1.5625048080355781,0,Economy
-0.44500596754244864,-0.6269868734165184,-0.5838988598687784,-0.9763048511576475,0.011032472641298852,0.4612030122410416,1,Mid-range
0.5161300314693194,0.39696487976008127,-0.09549337580944066,0.6996750564135367,-0.5074065901055592,0.704047950674236,2,Premium
-0.9255739670483327,-0.25903116199988513,-0.3626250347272941,-0.2314248922371213,0.011032472641298852,0.4612030122410416,1,Mid-range
-0.44500596754244864,2.707266802817267,-0.6834420720452543,2.561874953714853,-1.9018288968040058,0.4612030122410416,3,Luxury
0.5161300314693194,-0.8448856462710559,-0.010383590585714548,-1.1625248408877793,0.9317087392434786,-1.8862980592798373,0,Economy
0.03556203196343534,1.00639152679388,0.3374763044065452,0.6996750564135367,0.10935712247259968,0.5421513250521064,2,Premium
0.5161300314693194,-0.9518227749015149,0.12823151821496565,-0.4176448819672531,-0.43589775386461344,0.13740976099678243,2,Premium
0.5161300314693194,-0.3744772664568538,0.36415367445296304,-0.4176448819672531,0.32388363119543745,-1.4006081824134484,0,Economy
0.5161300314693194,-0.6610227767225569,2.218896471678801,0.6996750564135367,0.43114688555685665,-1.4006081824134484,0,Economy
-0.9255739670483327,-0.374017321817583,-0.41621554553240614,-1.1625248408877793,0.9317087392434786,0.4612030122410416,1,Mid-range
-0.44500596754244864,3.3061147231478376,-0.8329262967296013,2.561874953714853,-1.9733377330449515,0.4612030122410416,3,Luxury
-0.44500596754244864,-0.0870118669126091,-1.0747709013979758,-0.04520490250698953,-0.9364596075512354,0.4612030122410416,3,Luxury
0.03556203196343534,0.9810945716339865,0.9101754112056876,2.561874953714853,-0.7308717033585154,1.3516344531627542,2,Premium
0.03556203196343534,-0.8450006324308735,-0.18287998331303706,-0.7900848614275162,-0.08729217719000198,0.13740976099678243,1,Mid-range
0.5161300314693194,0.545871956724,-0.2249469854363564,1.0721150358738003,-0.7308717033585154,1.3516344531627542,2,Premium
6.7635140250458115,-1.6394400106113483,-0.07750035170537178,-0.04520490250698953,-1.6157935518402216,2.323014206895532,2,Premium
0.9966980309752034,-0.22396038325548728,2.537380540589241,-0.04520490250698953,1.07472641172537,-1.5625048080355781,0,Economy
-0.9255739670483327,-0.7195507320697652,-0.9569221155342769,-1.1625248408877793,0.21662037683401889,0.4612030122410416,1,Mid-range
0.03556203196343534,0.017510552361678262,1.0784072796627768,-0.4176448819672531,-0.6593628671175696,0.5421513250521064,2,Premium
1.9578340299869714,-0.45404768905070075,0.5312749317979543,2.561874953714853,0.20768177230390053,0.13740976099678243,2,Premium
-1.4061419665542167,2.3626532818436266,-1.0536741552729865,1.0721150358738003,-1.4370214612378567,0.4612030122410416,3,Luxury
0.03556203196343534,-0.029058842364489378,0.3467522470282395,0.6996750564135367,-0.08729217719000198,0.4612030122410416,2,Premium
-0.9255739670483327,2.038967241956807,-0.6707704718566899,0.6996750564135367,-0.08729217719000198,0.4612030122410416,3,Luxury
-0.9255739670483327,1.4640364428683177,-0.8392862977409739,2.561874953714853,-0.2660642677923669,0.4612030122410416,3,Luxury
0.5161300314693194,0.43042585226703134,0.08936290929432116,1.6307750050641947,0.20768177230390053,-1.5625048080355781,0,Economy
-0.9255739670483327,-0.43208533252552045,-1.1671022402814948,-1.1625248408877793,-0.346511708563431,0.4612030122410416,1,Mid-range
0.5161300314693194,-0.20211301289012468,2.4067343097681073,0.6996750564135367,0.7976296712917049,-1.5625048080355781,0,Economy
-0.44500596754244864,-0.2596060927989736,-0.6710415221281031,-1.1625248408877793,0.32388363119543745,0.4612030122410416,1,Mid-range
-0.44500596754244864,-0.4895784124343694,-0.08628444283817911,-1.1625248408877793,0.9317087392434786,0.4612030122410416,1,Mid-range
0.9966980309752034,-0.25845623120079664,0.8617477627132064,1.0721150358738003,-1.2314335570451371,2.403962519706597,2,Premium
-1.4061419665542167,0.5441471643267346,-1.27837483027448,-0.2314248922371213,-0.43589775386461344,0.4612030122410416,3,Luxury
-0.44500596754244864,0.5452970259249116,0.08647622390377131,0.6996750564135367,-0.7308717033585154,0.4612030122410416,2,Premium
-0.9255739670483327,0.140545743366615,-1.1903351206883357,-1.1625248408877793,0.43114688555685665,0.4612030122410416,1,Mid-range
-0.9255739670483327,0.24541312112035546,-1.0411800284764188,-1.1625248408877793,-0.6593628671175696,0.4612030122410416,1,Mid-range
0.03556203196343534,-1.1794953713405567,0.9490861835018851,-0.6038648716973845,-0.2660642677923669,0.13740976099678243,2,Premium
0.9966980309752034,-0.33952147387227366,4.1838384528877155,0.6996750564135367,-0.08729217719000198,0.4612030122410416,2,Premium
0.5161300314693194,-0.4895784124343694,1.0514829527024048,-0.4176448819672531,0.32388363119543745,-1.4006081824134484,0,Economy
-0.9255739670483327,0.8316125638709793,-0.7551832706682108,0.6996750564135367,-0.5878540308766232,0.4612030122410416,3,Luxury
0.5161300314693194,-0.6850548841244558,-0.22933799983324937,-0.2314248922371213,0.7976296712917049,-1.4006081824134484,0,Economy
0.9966980309752034,-0.9839039134906525,-0.05957675075382319,-1.1625248408877793,0.9317087392434786,-1.8862980592798373,0,Economy
0.03556203196343534,-0.4887735093156455,-0.2188694360173374,-0.2314248922371213,2.4870259274840527,-1.8862980592798373,0,Economy
-0.9255739670483327,3.420066007527176,0.0841819769635959,2.561874953714853,-1.9733377330449515,0.4612030122410416,3,Luxury
-0.9255739670483327,0.31624459556805734,-0.7749312190140255,-0.2314248922371213,-1.3833898340571478,0.5421513250521064,3,Luxury
-0.9255739670483327,2.2135162325600723,0.0841819769635959,0.6996750564135367,-2.0716623828762524,0.4612030122410416,3,Luxury
-0.9255739670483327,-0.6034147106538903,-0.6774305642399843,-0.9763048511576475,0.011032472641298852,0.4612030122410416,1,Mid-range
-0.44500596754244864,0.029009168343448053,-0.4071063203395575,-0.04520490250698953,-1.481714483888448,0.4612030122410416,3,Luxury
0.03556203196343534,-0.5125756443979089,0.8695178704937165,-0.7900848614275162,-0.346511708563431,0.13740976099678243,2,Premium
-1.4061419665542167,1.8107197147186767,-0.7374488386243225,0.6996750564135367,0.43114688555685665,0.4612030122410416,3,Luxury
0.03556203196343534,1.0584802571912972,-1.1265565615862976,0.6996750564135367,0.9317087392434786,0.4612030122410416,3,Luxury
0.5161300314693194,0.3729327723581824,-0.019870350085174467,0.6996750564135367,-0.43589775386461344,0.704047950674236,2,Premium
0.03556203196343534,-0.8448856462710559,-0.3268377941302384,-1.1625248408877793,0.7976296712917049,0.4612030122410416,1,Mid-range
0.5161300314693194,-0.7186308427912236,0.03461075446886677,-1.1625248408877793,0.9317087392434786,-1.8862980592798373,0,Economy
0.03556203196343534,0.06706958724310605,-0.03982567340054635,-0.4176448819672531,0.43114688555685665,-1.5625048080355781,0,Economy
-0.9255739670483327,0.4257114197145057,-1.2787749521037088,-0.2314248922371213,-0.17667822249118445,0.4612030122410416,3,Luxury
-0.9255739670483327,-0.09184128562495242,-0.5553030562346921,-1.1625248408877793,-0.5074065901055592,0.4612030122410416,1,Mid-range
-0.9255739670483327,0.6602831857426095,-1.183287813631594,-0.2314248922371213,-1.1688633253343093,0.4612030122410416,3,Luxury
-0.9255739670483327,5.834660377539014,-0.5705593143685175,2.561874953714853,-2.009092151165425,0.4612030122410416,3,Luxury
-0.9255739670483327,0.4027141877509662,-1.0727767458297222,-1.1625248408877793,-0.5878540308766232,0.4612030122410416,1,Mid-range
0.03556203196343534,-0.3734423910184945,-1.0589144605203071,-0.7900848614275162,0.43114688555685665,-1.5625048080355781,0,Economy
0.03556203196343534,-0.7761239227000725,0.7795291803845539,-0.2314248922371213,0.10935712247259968,0.5421513250521064,2,Premium
-0.9255739670483327,-0.08597699147424982,-1.0771135501723323,-1.1625248408877793,-0.17667822249118445,0.5421513250521064,1,Mid-range
0.5161300314693194,-0.22396038325548728,-0.324937430560664,-1.1625248408877793,0.9317087392434786,-1.8862980592798373,0,Economy
-0.9255739670483327,2.5000617428257756,-1.0620896208425752,0.6996750564135367,-1.526407506539039,0.4612030122410416,3,Luxury
-0.44500596754244864,4.326041960730818,-0.4255377387956511,2.561874953714853,-2.0716623828762524,0.4612030122410416,3,Luxury
0.9966980309752034,-1.1220022914317078,1.7759264053884347,-0.2314248922371213,1.7004287288336473,-1.8862980592798373,0,Economy
0.03556203196343534,-0.638140530918835,0.8889732566418151,-0.04520490250698953,0.5473487444483937,0.5421513250521064,2,Premium
0.03556203196343534,-1.0634743360844996,0.5543165215370576,-0.7900848614275162,0.21662037683401889,0.4612030122410416,1,Mid-range
0.03556203196343534,-0.14404500218218727,0.8529536872406912,0.3272350769532736,2.075850119098614,0.299306386618912,2,Premium
-0.9255739670483327,0.7176612794916406,-0.9697776426927286,0.6996750564135367,0.10935712247259968,0.4612030122410416,3,Luxury
-1.4061419665542167,2.022984165742147,-0.9290813805134128,0.6996750564135367,-2.009092151165425,0.5421513250521064,3,Luxury
-0.9255739670483327,1.4088430861558225,-0.8633710504293987,0.6996750564135367,-1.5711005291896303,0.4612030122410416,3,Luxury
0.03556203196343534,-0.07459336165229774,1.013535914704565,0.6996750564135367,0.7976296712917049,0.4612030122410416,2,Premium
0.5161300314693194,-0.8679978643944131,2.5997221030142637,-0.04520490250698953,1.7004287288336473,-1.8862980592798373,0,Economy
-0.9255739670483327,-0.8336170026089215,0.40762239369416187,-1.1625248408877793,0.10935712247259968,0.4612030122410416,1,Mid-range
1.4772660304810874,-0.16658228950645604,0.1621670121958908,2.561874953714853,-1.7856270379124688,2.9706007093840503,2,Premium
-0.9255739670483327,0.0859273174532085,-0.38121133905276644,-0.04520490250698953,0.011032472641298852,0.5421513250521064,1,Mid-range
0.03556203196343534,-0.22396038325548728,-0.2188694360173374,0.6996750564135367,0.43114688555685665,0.13740976099678243,2,Premium
0.5161300314693194,0.4883788768151511,-0.2798075603703761,0.6996750564135367,-1.3833898340571478,0.4612030122410416,3,Luxury
-0.9255739670483327,0.5109161641394199,-1.0173276045920625,-0.04520490250698953,-0.6593628671175696,0.4612030122410416,3,Luxury
0.03556203196343534,-0.5239592742198611,-0.9418809766634778,-1.1625248408877793,0.21662037683401889,-1.8862980592798373,0,Economy
0.03556203196343534,-0.6611377628823746,-0.7085368096735876,-0.6038648716973845,-0.024721945479174005,-1.4006081824134484,0,Economy
-0.9255739670483327,0.11524878820672146,-0.7364420804733596,0.6996750564135367,0.7976296712917049,0.4612030122410416,3,Luxury
0.03556203196343534,-0.25868620352043203,0.17249703920641413,0.14101508722314182,0.5741645580387488,-1.4006081824134484,0,Economy
-0.9255739670483327,0.9960427724102873,-0.7197918495151234,0.6996750564135367,-0.864950771310289,0.4612030122410416,3,Luxury
0.5161300314693194,-0.7875075525220246,-0.08692818723278532,-0.7900848614275162,0.43114688555685665,-1.5625048080355781,0,Economy
1.4772660304810874,-0.6044495860922495,0.662435463134077,0.3272350769532736,1.888139423966131,-1.8862980592798373,0,Economy
-0.9255739670483327,0.48860884913478647,-0.9378711536006675,0.3272350769532736,2.075850119098614,0.299306386618912,3,Luxury
-0.44500596754244864,-0.6896543305171637,-0.02194388466148489,-1.1625248408877793,0.9317087392434786,0.4612030122410416,1,Mid-range
-1.4061419665542167,1.2306145384383909,-1.2116061134163763,0.6996750564135367,-0.8023805395994617,0.4612030122410416,3,Luxury
0.03556203196343534,1.1213776866115779,1.3425909442001176,2.561874953714853,-0.17667822249118445,0.5421513250521064,2,Premium
-0.44500596754244864,-0.6614827213618277,-0.4579282462295214,-1.1625248408877793,0.10935712247259968,0.4612030122410416,1,Mid-range
-0.9255739670483327,1.1782958357213384,-1.2021064467611349,0.6996750564135367,1.5305952427614014,0.299306386618912,3,Luxury
0.03556203196343534,-0.971945352869612,-0.3169595175720705,-1.1625248408877793,1.2177440842072627,-1.8862980592798373,0,Economy
0.9966980309752034,-0.22396038325548728,-0.18795601566859205,-0.7900848614275162,0.43114688555685665,-1.5625048080355781,0,Economy
4.360674027516391,-1.351399680268015,2.304337540567588,0.6996750564135367,-1.5711005291896303,2.323014206895532,2,Premium
-0.9255739670483327,1.1208027558124893,-0.8729739743308927,-0.2314248922371213,-1.3833898340571478,0.5421513250521064,3,Luxury
2.9189700289987393,-1.0984301286690796,-0.15920825960962287,-0.4176448819672531,-0.6593628671175696,0.4612030122410416,2,Premium
-0.9255739670483327,0.11524878820672146,-0.25730264354961657,-0.2314248922371213,-1.3386968114065565,0.5421513250521064,3,Luxury
0.9966980309752034,1.1782958357213384,1.0366983924435063,2.561874953714853,-0.7308717033585154,1.3516344531627542,2,Premium
-0.44500596754244864,-0.6034147106538903,-0.7723465610687643,-1.1625248408877793,0.9317087392434786,0.4612030122410416,1,Mid-range
0.03556203196343534,0.19228951528457905,-0.3269582609175331,-0.2314248922371213,-1.526407506539039,1.9182726428402077,2,Premium
0.5161300314693194,0.27622941195149847,-0.324937430560664,0.6996750564135367,-0.2660642677923669,0.4612030122410416,2,Premium
-0.44500596754244864,0.9935130768942979,-0.7850181612573287,2.561874953714853,-0.346511708563431,0.4612030122410416,3,Luxury
1.4772660304810874,-0.9484881762668016,0.527452427970333,-0.7900848614275162,-0.08729217719000198,-1.4006081824134484,0,Economy
0.5161300314693194,0.14376535584151054,-0.28034966091320235,-0.4176448819672531,0.43114688555685665,-1.4006081824134484,0,Economy
0.03556203196343534,-0.22396038325548728,-0.13511490215067662,-1.1625248408877793,0.5473487444483937,-1.5625048080355781,0,Economy
1.4772660304810874,-0.8917999994766765,4.096281001576683,0.6996750564135367,1.2177440842072627,-1.5625048080355781,0,Economy
-0.44500596754244864,-0.53499794556236,-0.2704969835473347,-1.1625248408877793,0.7976296712917049,0.4612030122410416,1,Mid-range
-0.9255739670483327,1.6330660978003335,-0.9012406454925488,0.6996750564135367,0.43114688555685665,0.4612030122410416,3,Luxury
0.03556203196343534,-0.3159493111096456,0.22628545973351039,-0.4176448819672531,-0.17667822249118445,0.13740976099678243,2,Premium
0.03556203196343534,-0.9495230517051609,-0.10343213709216291,-1.1625248408877793,1.0479105981350156,0.5421513250521064,1,Mid-range
5.802378026034043,-1.6273664638304899,-0.4793057229927603,-0.4176448819672531,-1.2314335570451371,1.3516344531627542,1,Mid-range
0.03556203196343534,0.14342039736205744,-0.07488150850331245,-0.4176448819672531,0.43114688555685665,-1.5625048080355781,0,Economy
1.4772660304810874,-0.8333870302892861,0.11617881614612786,-0.04520490250698953,-0.5878540308766232,0.4612030122410416,2,Premium
0.5161300314693194,-0.22396038325548728,1.2466933581741488,0.14101508722314182,0.5741645580387488,-1.4006081824134484,0,Economy
0.03556203196343534,0.7189261272496353,-0.05253491946014022,0.6996750564135367,-0.5074065901055592,0.5421513250521064,2,Premium
1.4772660304810874,-0.4890034816352809,1.7471786493294652,0.6996750564135367,0.672489207870049,-1.4006081824134484,0,Economy
0.03556203196343534,-0.028598897725218585,-0.09186732551186932,0.6996750564135367,0.43114688555685665,0.4612030122410416,2,Premium
0.5161300314693194,-0.28720277115522114,0.49723935771681504,0.6996750564135367,1.2177440842072627,-1.5625048080355781,0,Economy
-0.9255739670483327,5.375290669067311,-0.823952596672459,2.561874953714853,-1.9375833149244786,0.4612030122410416,3,Luxury
-0.44500596754244864,1.2881076183472397,-0.08628444283817911,2.561874953714853,-1.2314335570451371,0.4612030122410416,3,Luxury
-1.4061419665542167,1.6905591777091824,-1.1891992909795568,0.6996750564135367,-1.285065184225847,0.5421513250521064,3,Luxury
0.03556203196343534,1.578447671886927,0.11545601542235942,2.561874953714853,-0.7308717033585154,0.5421513250521064,2,Premium
-0.9255739670483327,3.1767552933529277,-0.6445173169969602,2.561874953714853,-1.8571358741534145,0.4612030122410416,3,Luxury
-0.44500596754244864,0.717891251811276,-0.4121885129285539,0.3272350769532736,1.7004287288336473,0.299306386618912,1,Mid-range
0.5161300314693194,-0.7413981024351277,-0.04225910250389972,-0.2314248922371213,0.7976296712917049,-1.4006081824134484,0,Economy
-1.4061419665542167,2.038967241956807,-1.1733880251471234,0.6996750564135367,0.672489207870049,0.4612030122410416,3,Luxury
-0.9255739670483327,5.604688057903618,-0.8148917733137913,2.561874953714853,-2.009092151165425,0.4612030122410416,3,Luxury
0.5161300314693194,-0.22396038325548728,-0.324937430560664,-0.7900848614275162,0.43114688555685665,-1.5625048080355781,0,Economy
0.5161300314693194,1.1133286554243391,-0.324937430560664,2.561874953714853,-0.6593628671175696,1.3516344531627542,3,Luxury
0.03556203196343534,0.20148840806999488,0.8280170622706823,2.561874953714853,-1.526407506539039,3.051549022195115,2,Premium
-0.9255739670483327,1.4634615120692291,-1.123656753920703,0.6996750564135367,0.43114688555685665,0.4612030122410416,3,Luxury
0.9966980309752034,-0.22396038325548728,2.345969767104034,-0.04520490250698953,2.4870259274840527,-1.8862980592798373,0,Economy
0.03556203196343534,-0.5461516030646767,1.8103634792655507,-0.2314248922371213,-0.2660642677923669,0.13740976099678243,2,Premium
-0.9255739670483327,1.9260508330158277,-1.2020290038264454,1.0721150358738003,-1.3833898340571478,0.4612030122410416,3,Luxury
-0.44500596754244864,0.13249671217937614,0.007939407761813847,0.6996750564135367,-1.2314335570451371,0.4612030122410416,2,Premium
1.9578340299869714,-1.3393261334871567,0.12057122054441279,-1.1625248408877793,1.07472641172537,-1.8862980592798373,0,Economy
1.4772660304810874,-0.5240742603796787,0.21122711132166921,-0.7900848614275162,0.20768177230390053,-1.4006081824134484,0,Economy
-1.4061419665542167,4.052949831163786,-0.8277989290953692,2.561874953714853,-1.8571358741534145,0.4612030122410416,3,Luxury
-0.44500596754244864,-0.777043811978614,-0.02485767507917615,-0.9763048511576475,0.7976296712917049,0.4612030122410416,1,Mid-range
-0.9255739670483327,1.2219905764520635,-0.3661874097230095,0.6996750564135367,0.672489207870049,0.5421513250521064,3,Luxury
-0.44500596754244864,-0.316179283429281,-0.417202942949697,-0.2314248922371213,-0.346511708563431,0.4612030122410416,1,Mid-range
0.03556203196343534,-0.9604467368878422,1.0562413908005464,-1.1625248408877793,0.7976296712917049,-1.5625048080355781,0,Economy
0.5161300314693194,-0.7988911823439767,-0.5084655693345014,-1.1625248408877793,0.32388363119543745,-1.5625048080355781,0,Economy
0.9966980309752034,0.049706677110633674,2.2127608791713578,0.6996750564135367,-0.08729217719000198,0.5421513250521064,2,Premium
0.03556203196343534,0.43031086610721364,0.2865188533808748,0.6996750564135367,-1.7409340152618775,0.4612030122410416,2,Premium
2.4384020294928552,-1.179035426701286,-0.5976837022435036,0.6996750564135367,-0.346511708563431,0.7849962634853007,2,Premium
0.03556203196343534,-0.6379105585991997,-0.16625556666636454,-1.1625248408877793,0.43114688555685665,-1.5625048080355781,0,Economy
-0.9255739670483327,-0.38620585475825897,-0.2414268419382754,-1.1625248408877793,-0.5878540308766232,0.4612030122410416,1,Mid-range
0.03556203196343534,-1.0639342807237704,-0.5386786395880194,-1.1625248408877793,0.7976296712917049,-1.5625048080355781,0,Economy
0.03556203196343534,-0.041132389145347656,-0.6158978502439408,-0.04520490250698953,2.075850119098614,-1.8862980592798373,0,Economy
-0.44500596754244864,-0.6160631882338371,-0.5846442481151646,-1.1625248408877793,0.9317087392434786,0.4612030122410416,1,Mid-range
-0.9255739670483327,0.2818637337825657,-0.9491003791306406,-1.1625248408877793,-0.346511708563431,0.4612030122410416,1,Mid-range
1.9578340299869714,-1.1794953713405567,-0.16228016268563838,-0.7900848614275162,-0.08729217719000198,-1.4006081824134484,0,Economy
0.03556203196343534,-0.22396038325548728,1.49498143012795,0.6996750564135367,-0.17667822249118445,0.4612030122410416,2,Premium
0.03556203196343534,-0.8630534595222521,1.0258837604022746,-1.1625248408877793,-0.2660642677923669,0.13740976099678243,1,Mid-range
0.9966980309752034,-1.1559232085779285,-0.058049012860403336,-1.1625248408877793,1.07472641172537,-1.8862980592798373,0,Economy
0.9966980309752034,-0.5470714923432183,2.7588039714000114,0.6996750564135367,0.672489207870049,-1.4006081824134484,0,Economy
0.03556203196343534,0.43088579690630213,-0.6045739722382363,0.6996750564135367,-1.2314335570451371,0.4612030122410416,3,Luxury
0.03556203196343534,-0.7189758012706766,1.027389595243459,-0.7900848614275162,0.32388363119543745,0.5421513250521064,1,Mid-range
-0.9255739670483327,1.0435320564149964,-0.6731712028320633,-0.2314248922371213,-1.2314335570451371,0.4612030122410416,3,Luxury
0.03556203196343534,-0.8911100825177704,0.4358374362326915,-1.1625248408877793,0.9317087392434786,-1.8862980592798373,0,Economy
0.03556203196343534,0.34522110784211724,-0.42122352197565865,-0.2314248922371213,0.21662037683401889,0.4612030122410416,1,Mid-range
-0.9255739670483327,0.4314607277053906,-0.8148917733137913,-0.2314248922371213,-1.7856270379124688,0.4612030122410416,3,Luxury
-0.9255739670483327,2.2769885927794418,-1.047685234990334,0.6996750564135367,-1.526407506539039,0.4612030122410416,3,Luxury
-0.9255739670483327,0.900604259761598,-0.3001285864328928,-0.2314248922371213,-1.285065184225847,0.4612030122410416,3,Luxury
0.03556203196343534,-0.7764688811795256,0.6262351935520113,-1.1625248408877793,0.5473487444483937,0.4612030122410416,1,Mid-range
0.03556203196343534,-0.25903116199988513,-0.9181490195664163,0.6996750564135367,1.2177440842072627,0.4612030122410416,2,Premium
-0.44500596754244864,-0.374017321817583,-0.7234219870786925,-0.2314248922371213,0.43114688555685665,0.4612030122410416,1,Mid-range
0.9966980309752034,0.23575428369566884,-0.8091539558799806,0.3272350769532736,-1.1152316981536003,1.3516344531627542,3,Luxury
0.03556203196343534,-1.005866270015833,-0.28672235396109363,-0.7900848614275162,0.21662037683401889,-1.4006081824134484,0,Economy
0.5161300314693194,-0.6840200086860965,1.1599030612676609,0.14101508722314182,0.5741645580387488,-1.4006081824134484,0,Economy
0.03556203196343534,0.47458053763702734,0.4072868076438408,0.6996750564135367,0.20768177230390053,0.13740976099678243,2,Premium
0.9966980309752034,-0.7760089365402548,-0.41172033518702206,-0.2314248922371213,0.7976296712917049,-1.4006081824134484,0,Economy
0.5161300314693194,-0.5010770284161392,-0.37489199558210584,-0.7900848614275162,0.43114688555685665,-1.5625048080355781,0,Economy
-0.9255739670483327,1.4651863044664946,-0.5438415019006507,0.6996750564135367,-0.6593628671175696,0.4612030122410416,3,Luxury
-0.44500596754244864,-0.3160642972694633,-0.5153909037691071,-1.1625248408877793,0.21662037683401889,0.4612030122410416,1,Mid-range
0.5161300314693194,0.07730335546688116,-0.36746521814538574,0.6996750564135367,-1.2314335570451371,1.3516344531627542,2,Premium
0.03556203196343534,-0.9541224980978689,0.7456177797610876,-0.7900848614275162,-0.08729217719000198,0.13740976099678243,1,Mid-range
0.5161300314693194,-0.6046795584118849,0.418255308627026,-0.2314248922371213,1.5305952427614014,0.4612030122410416,0,Economy
0.9966980309752034,0.4314607277053906,-0.41172033518702206,0.6996750564135367,-0.7308717033585154,1.3516344531627542,2,Premium
1.9578340299869714,-1.1209674159933485,0.4321539325442564,-1.1625248408877793,0.32388363119543745,-1.5625048080355781,0,Economy
1.9578340299869714,-0.22396038325548728,0.8763427773277602,0.6996750564135367,-0.5074065901055592,0.6230996378631711,2,Premium
-0.9255739670483327,0.4185822778058085,-0.8024234608287868,0.6996750564135367,0.10935712247259968,0.4612030122410416,3,Luxury
0.5161300314693194,-0.5470714923432183,1.3384167700203553,-0.04520490250698953,1.7004287288336473,-1.8862980592798373,0,Economy
-0.44500596754244864,-0.7195507320697652,-0.5550997685311323,-0.9763048511576475,0.7976296712917049,0.5421513250521064,1,Mid-range
-0.44500596754244864,0.6614330473407863,-0.537684788592838,0.6996750564135367,0.43114688555685665,0.4612030122410416,3,Luxury
-0.9255739670483327,-0.15508367352468624,-1.135040865320055,-1.1625248408877793,-0.2660642677923669,0.4612030122410416,1,Mid-range
0.03556203196343534,-0.9713704220705235,-0.27365170753961515,-1.1625248408877793,0.43114688555685665,0.4612030122410416,1,Mid-range
0.03556203196343534,0.7752693455603072,0.24543967891337265,0.6996750564135367,-0.5074065901055592,0.704047950674236,2,Premium
-0.9255739670483327,0.2009134772709064,-0.8222488521092909,-0.7900848614275162,-1.2314335570451371,0.4612030122410416,3,Luxury
0.5161300314693194,0.5584054481441291,0.7121822229474354,2.561874953714853,-1.2314335570451371,1.3516344531627542,2,Premium
-0.44500596754244864,0.373852661636724,-0.2696838327330953,0.6996750564135367,0.43114688555685665,0.4612030122410416,2,Premium
-0.9255739670483327,2.0934706817103956,-0.5026418606458534,0.6996750564135367,-0.08729217719000198,0.4612030122410416,3,Luxury
-1.4061419665542167,3.0751075280740827,-1.0403023418832715,0.6996750564135367,-1.526407506539039,0.4612030122410416,3,Luxury
0.03556203196343534,-0.6609077905627392,-0.4211632885820113,-0.2314248922371213,1.2177440842072627,-1.5625048080355781,0,Economy
1.9578340299869714,-1.0634743360844996,1.9532046556312894,-0.04520490250698953,0.5473487444483937,0.13740976099678243,0,Economy
0.5161300314693194,-1.0639342807237704,0.4632496536816073,-1.1625248408877793,0.3149450266653191,-1.5625048080355781,0,Economy
0.9966980309752034,-0.9943676540340631,0.07269578169578937,-0.04520490250698953,-0.9990298392620627,0.7849962634853007,2,Premium
0.5161300314693194,-0.43208533252552045,0.36507524537576785,-0.4176448819672531,-0.17667822249118445,-1.4006081824134484,0,Economy
-0.9255739670483327,1.062734745104552,-0.7195595207110552,0.6996750564135367,-0.5074065901055592,0.4612030122410416,3,Luxury
-0.9255739670483327,1.234064123232922,-0.8845904145343132,-0.2314248922371213,-1.9018288968040058,0.4612030122410416,3,Luxury
0.03556203196343534,0.31543969244933345,-0.04874021566035625,0.6996750564135367,0.672489207870049,-1.4006081824134484,0,Economy
-0.9255739670483327,1.983773885244312,-1.245939147795374,0.6996750564135367,-1.481714483888448,0.4612030122410416,3,Luxury
-0.9255739670483327,0.029009168343448053,-1.043193544778345,-1.1625248408877793,-0.346511708563431,0.5421513250521064,1,Mid-range
0.5161300314693194,0.8908304361770937,0.8346427355718924,4.796514830476433,-1.481714483888448,2.9706007093840503,2,Premium
0.03556203196343534,-0.903413601618264,5.225657132464769,-0.04520490250698953,1.07472641172537,-1.5625048080355781,0,Economy
-1.4061419665542167,1.9193816357464013,-1.139506741220481,0.6996750564135367,-0.43589775386461344,0.4612030122410416,3,Luxury
1.9578340299869714,-1.2024926033040964,0.38845228878410737,-0.7900848614275162,-0.08729217719000198,-1.4006081824134484,0,Economy
-0.44500596754244864,-0.7530117045767152,-0.419100294849589,-0.7900848614275162,-1.0526614664427723,0.4612030122410416,1,Mid-range
-0.9255739670483327,0.48872383529460417,-1.271727645046967,0.6996750564135367,-0.43589775386461344,0.5421513250521064,3,Luxury
0.03556203196343534,-0.292952079146106,2.0085313443653803,0.6996750564135367,1.2177440842072627,-1.5625048080355781,0,Economy
-0.44500596754244864,-0.4941778588270773,0.4905444160129105,-1.1625248408877793,0.7976296712917049,0.4612030122410416,1,Mid-range
-0.9255739670483327,0.0863872620924793,-0.9001564444068962,-1.1625248408877793,-0.6593628671175696,0.4612030122410416,1,Mid-range
0.5161300314693194,-0.7218504552661191,0.9272335082866212,-0.04520490250698953,-0.6593628671175696,0.5421513250521064,2,Premium
0.03556203196343534,0.166417629325597,-0.42664452740392145,-0.04520490250698953,1.2177440842072627,0.4612030122410416,1,Mid-range
1.9578340299869714,-1.1440796341167057,0.128327428311004,-0.7900848614275162,-0.08729217719000198,-1.4006081824134484,0,Economy
0.03556203196343534,-0.22396038325548728,-0.4785657127279496,-0.04520490250698953,-0.9364596075512354,0.4612030122410416,2,Premium
-0.44500596754244864,-0.7069022544898184,0.4422974677013715,-1.1625248408877793,0.10935712247259968,0.4612030122410416,1,Mid-range
0.9966980309752034,-0.4895784124343694,1.1845439950324916,0.6996750564135367,1.07472641172537,-1.5625048080355781,0,Economy
0.03556203196343534,0.373852661636724,-0.8073195752552654,-0.4176448819672531,0.43114688555685665,-1.4006081824134484,0,Economy
0.03556203196343534,-0.14404500218218727,0.19177172517357083,-0.4176448819672531,0.011032472641298852,0.4612030122410416,2,Premium
0.5161300314693194,-0.9484881762668016,2.7943904079431814,-0.4176448819672531,-0.17667822249118445,-1.4006081824134484,0,Economy
0.03556203196343534,0.40834850958203334,-0.46579623327470837,0.6996750564135367,-0.9990298392620627,0.4612030122410416,3,Luxury
-1.4061419665542167,1.7535715932892808,-1.2630153148944019,0.6996750564135367,-1.4370214612378567,0.4612030122410416,3,Luxury
-0.9255739670483327,1.2874177013883337,0.0841819769635959,0.6996750564135367,-1.329758206876438,0.4612030122410416,3,Luxury
0.5161300314693194,-0.43093547092734347,-0.02458662480776301,-0.2314248922371213,2.031157096448023,-1.8862980592798373,0,Economy
0.5161300314693194,-0.5234993295805903,1.833191935457902,0.6996750564135367,1.07472641172537,-1.5625048080355781,0,Economy
-0.9255739670483327,-0.33917651539282057,-0.7104212544176979,-1.1625248408877793,0.32388363119543745,0.4612030122410416,1,Mid-range
-0.9255739670483327,0.26047630805647387,-0.7120475560461768,-0.04520490250698953,0.672489207870049,0.4612030122410416,1,Mid-range
0.9966980309752034,-1.2939066003591662,0.7804326812892642,-0.7900848614275162,0.21662037683401889,-1.4006081824134484,0,Economy
0.03556203196343534,-0.01756022638271959,0.6067195740102652,0.3272350769532736,2.075850119098614,-1.8862980592798373,0,Economy
1.4772660304810874,-1.2358385896512287,-0.034118559352458534,-1.1625248408877793,1.2266826887373805,-1.8862980592798373,0,Economy
0.03556203196343534,-1.0980851701896266,-0.10987711021243131,-1.1625248408877793,0.43114688555685665,0.4612030122410416,1,Mid-range
0.03556203196343534,1.0926311466571534,-0.6177650854470091,2.561874953714853,-1.1152316981536003,0.4612030122410416,3,Luxury
-0.9255739670483327,0.9488984468850311,-0.49543966771973297,0.6996750564135367,-0.6593628671175696,0.5421513250521064,3,Luxury
1.9578340299869714,-1.097855197869991,0.7124199131854436,-0.04520490250698953,1.07472641172537,-1.5625048080355781,0,Economy
-0.9255739670483327,1.2927070647399477,-1.2718050879816567,0.6996750564135367,-0.6593628671175696,0.4612030122410416,3,Luxury
0.03556203196343534,-0.22396038325548728,0.004385637536619284,-1.1625248408877793,0.43114688555685665,0.5421513250521064,1,Mid-range
0.03556203196343534,-1.0060962423354682,0.30013160034517933,-1.1625248408877793,0.7976296712917049,0.4612030122410416,1,Mid-range
0.03556203196343534,-1.0869315126873098,0.8208492884266462,-0.7900848614275162,0.21662037683401889,0.4612030122410416,1,Mid-range
2.9189700289987393,-1.2933316695600776,1.5423007841773193,-0.7900848614275162,-0.346511708563431,0.13740976099678243,2,Premium
-0.44500596754244864,-0.25845623120079664,-0.7340607102316583,-1.1625248408877793,0.21662037683401889,0.4612030122410416,1,Mid-range
1.4772660304810874,-1.086471568048039,0.5726274732058565,-0.7900848614275162,-0.08729217719000198,0.4612030122410416,1,Mid-range
-0.44500596754244864,-0.22396038325548728,-0.2009048263620109,-1.1625248408877793,0.43114688555685665,0.4612030122410416,1,Mid-range
0.03556203196343534,-0.5459216307450413,0.5202846541262971,-1.1625248408877793,-0.08729217719000198,-1.4006081824134484,0,Economy
0.9966980309752034,0.4314607277053906,0.8960972243813811,2.561874953714853,-0.6593628671175696,1.3516344531627542,2,Premium
0.03556203196343534,-1.0060962423354682,-0.7502183180775639,-1.1625248408877793,0.43114688555685665,0.4612030122410416,1,Mid-range
-0.44500596754244864,-0.7000030849007565,-0.6398707409155919,-1.1625248408877793,0.9317087392434786,0.4612030122410416,1,Mid-range
1.9578340299869714,-0.6035296968137079,0.05889685878748426,-0.04520490250698953,-0.43589775386461344,0.4612030122410416,2,Premium
-0.9255739670483327,0.5924413514501676,-0.8451719607773736,0.6996750564135367,-1.7856270379124688,0.4612030122410416,3,Luxury
-0.44500596754244864,-0.2009631512919477,-0.8825962589660592,-1.1625248408877793,0.32388363119543745,0.4612030122410416,1,Mid-range
-0.44500596754244864,-0.729899486453358,1.0241068752896776,-1.1625248408877793,0.9317087392434786,0.4612030122410416,1,Mid-range
-0.9255739670483327,1.058135298711844,0.5016381164071769,0.6996750564135367,0.9317087392434786,0.5421513250521064,3,Luxury
-0.9255739670483327,0.9905234367390378,-0.8296059309047903,-0.2314248922371213,-1.329758206876438,0.4612030122410416,3,Luxury
0.9966980309752034,-0.3745922526166715,0.5146062878342679,0.6996750564135367,-0.17667822249118445,0.4612030122410416,2,Premium
0.9966980309752034,-1.1208524298335307,-0.1250230708332141,-1.1625248408877793,1.2266826887373805,-1.8862980592798373,0,Economy
-0.9255739670483327,-0.22396038325548728,-0.30655635001211856,-0.2314248922371213,-2.169987032707553,0.4612030122410416,3,Luxury
0.03556203196343534,-0.6614827213618277,-0.2188694360173374,-0.7900848614275162,0.43114688555685665,-1.5625048080355781,0,Economy
-0.44500596754244864,-0.45404768905070075,0.16826564330268645,-0.04520490250698953,1.7004287288336473,0.5421513250521064,1,Mid-range
0.9966980309752034,-0.4081682112834393,0.1228154409734558,-0.4176448819672531,0.011032472641298852,-1.4006081824134484,0,Economy
0.03556203196343534,1.1765710433240728,-0.9174262188426479,0.6996750564135367,-0.2660642677923669,0.5421513250521064,3,Luxury
1.9578340299869714,-0.6035296968137079,2.179177181906337,0.6996750564135367,-0.6593628671175696,1.3516344531627542,2,Premium
0.9966980309752034,-1.0116155780067178,1.541196870344655,-0.04520490250698953,1.7004287288336473,-1.8862980592798373,0,Economy
0.5161300314693194,0.6913294488933879,-1.0289905105562964,0.6996750564135367,-0.9364596075512354,0.7849962634853007,3,Luxury
-0.9255739670483327,1.1788707665204268,-1.1246635120716661,0.6996750564135367,-2.0716623828762524,0.4612030122410416,3,Luxury
-0.44500596754244864,-0.5691488350282163,-0.21059487356503068,-0.2314248922371213,0.10935712247259968,0.4612030122410416,1,Mid-range
0.5161300314693194,-0.8435058123532435,0.07385883376948957,-1.1625248408877793,0.32388363119543745,-1.5625048080355781,0,Economy
1.9578340299869714,-1.0992350317878035,1.524152926005166,0.6996750564135367,-0.7308717033585154,1.3516344531627542,2,Premium
0.5161300314693194,-0.157843341360311,0.3411686114371287,-0.4176448819672531,-0.43589775386461344,0.13740976099678243,2,Premium
0.5161300314693194,-0.2606409682373329,-0.38893239964130644,0.3272350769532736,-1.1152316981536003,1.3516344531627542,2,Premium
5.802378026034043,-0.22396038325548728,1.5083962673702702,0.3272350769532736,-1.705179597141404,2.323014206895532,2,Premium
0.5161300314693194,-0.7745141164626247,-0.3762472469391715,-0.7900848614275162,0.43114688555685665,-1.5625048080355781,0,Economy
-0.44500596754244864,-0.4895784124343694,-0.30817297127376125,-1.1625248408877793,-0.5878540308766232,0.5421513250521064,1,Mid-range
1.4772660304810874,-1.0955554746736371,0.16627794131232326,-0.7900848614275162,-0.08729217719000198,-1.4006081824134484,0,Economy
0.5161300314693194,0.5797928738702209,0.1872662673287477,0.6996750564135367,-1.3833898340571478,1.3516344531627542,2,Premium
-1.4061419665542167,1.8630384174357293,-1.178537980303973,0.6996750564135367,-0.346511708563431,0.4612030122410416,3,Luxury
0.03556203196343534,0.6556837393499015,-0.2188694360173374,-0.04520490250698953,-0.5074065901055592,0.4612030122410416,2,Premium
-1.4061419665542167,0.23023494802441935,-1.1635398652857794,-0.04520490250698953,0.21662037683401889,0.4612030122410416,3,Luxury
-0.44500596754244864,-0.31767410350691105,0.0901354025678487,-0.2314248922371213,1.8792008194360121,0.299306386618912,1,Mid-range
0.03556203196343534,-0.6264119426174298,0.4432461436513175,-0.2314248922371213,1.2177440842072627,-1.5625048080355781,0,Economy
0.5161300314693194,-0.3303225810868578,0.509761880256102,0.6996750564135367,1.5305952427614014,-1.5625048080355781,0,Economy
0.03556203196343534,0.4257114197145057,-0.6648073658856009,-0.2314248922371213,-0.43589775386461344,0.4612030122410416,2,Premium
0.03556203196343534,-0.33894654307318517,0.28248321600650145,-0.2314248922371213,1.5305952427614014,-1.5625048080355781,0,Economy
-0.9255739670483327,-0.22396038325548728,-0.6734035316361319,0.6996750564135367,-1.0526614664427723,0.4612030122410416,3,Luxury
-1.4061419665542167,1.6376655441930414,-0.686401037508181,0.6996750564135367,-0.43589775386461344,0.4612030122410416,3,Luxury
0.9966980309752034,-0.5125756443979089,1.060057997652566,0.3272350769532736,2.075850119098614,-1.8862980592798373,0,Economy
0.03556203196343534,-0.6045645722520673,-0.14848671554039194,-0.7900848614275162,0.43114688555685665,-1.5625048080355781,0,Economy
0.9966980309752034,-0.8681128505542308,-0.08653393229254815,-0.7900848614275162,0.43114688555685665,-1.5625048080355781,0,Economy
1.4772660304810874,0.2587515156592084,0.356826282115761,2.561874953714853,-0.9364596075512354,1.9182726428402077,2,Premium
1.9578340299869714,-1.163742267445532,-0.183839084273422,-0.7900848614275162,-0.08729217719000198,-1.4006081824134484,0,Economy
0.03556203196343534,0.6004903826374065,0.8369316045304922,0.6996750564135367,0.672489207870049,0.4612030122410416,2,Premium
0.9966980309752034,-0.8336170026089215,1.843541127639131,-0.04520490250698953,1.7004287288336473,-1.8862980592798373,0,Economy
0.5161300314693194,0.31647456788769274,-0.42839731915905976,0.6996750564135367,0.10935712247259968,0.13740976099678243,2,Premium
0.9966980309752034,-0.7304744172524464,1.1573896860236481,0.6996750564135367,0.43114688555685665,0.13740976099678243,2,Premium
1.4772660304810874,-1.0634743360844996,0.783956334817635,-0.6038648716973845,-0.024721945479174005,-1.4006081824134484,0,Economy
0.03556203196343534,-0.5286737067723867,0.06630556620611001,-0.2314248922371213,-0.346511708563431,0.5421513250521064,2,Premium
-0.9255739670483327,-0.04573183553805557,-1.0064081508008476,-1.1625248408877793,-0.7308717033585154,0.5421513250521064,1,Mid-range
-1.4061419665542167,1.2018679984839664,0.3114705366992956,0.6996750564135367,-0.17667822249118445,0.299306386618912,3,Luxury
0.5161300314693194,-0.09747560745601962,-0.3037684043632977,-0.2314248922371213,-1.526407506539039,1.9992209556512726,2,Premium
0.5161300314693194,-0.7530117045767152,0.8007614516452498,-1.1625248408877793,1.07472641172537,-1.8862980592798373,0,Economy
0.03556203196343534,-0.5116557551193673,0.9652889663930261,-1.1625248408877793,0.9317087392434786,-1.8862980592798373,0,Economy
-0.44500596754244864,-0.9489481209060724,-0.8219487607373691,-1.1625248408877793,0.43114688555685665,0.4612030122410416,1,Mid-range
-0.44500596754244864,0.7764192071584842,-0.3546580928211149,0.6996750564135367,-0.6593628671175696,0.5421513250521064,3,Luxury
0.5161300314693194,-0.4953277204252543,2.1383403310148155,0.6996750564135367,0.7976296712917049,-1.4006081824134484,0,Economy
-0.44500596754244864,-0.14347007138309878,0.13079294327981977,-0.2314248922371213,0.011032472641298852,0.4612030122410416,1,Mid-range
-0.44500596754244864,1.7532266348098278,-0.8212711350588362,2.561874953714853,-1.5711005291896303,0.5421513250521064,3,Luxury
0.9966980309752034,-0.04021249986680607,-0.0641106825665519,0.6996750564135367,-0.5878540308766232,0.704047950674236,2,Premium
-0.44500596754244864,-1.0075910624130984,-0.6133078143171041,-1.1625248408877793,0.43114688555685665,0.4612030122410416,1,Mid-range
0.5161300314693194,-0.6620576521609162,1.4851633869634295,-0.2314248922371213,1.369700361219272,-1.5625048080355781,0,Economy
0.03556203196343534,-0.9138773421616746,0.4519799857301857,-1.1625248408877793,0.9317087392434786,-1.8862980592798373,0,Economy
-0.9255739670483327,-0.31652424190873407,-1.0177148192655099,-0.2314248922371213,-0.6593628671175696,0.4612030122410416,3,Luxury
0.5161300314693194,0.4061637725454971,-0.5183860092682224,0.6996750564135367,-0.864950771310289,0.704047950674236,2,Premium
0.5161300314693194,-0.05148114352894046,0.10811958807611068,2.561874953714853,-0.08729217719000198,0.5421513250521064,2,Premium
0.03556203196343534,-0.6160631882338371,-0.9004404018340909,-0.2314248922371213,0.10935712247259968,0.4612030122410416,1,Mid-range
0.03556203196343534,0.43088579690630213,-1.219315987803239,-0.04520490250698953,-0.08729217719000198,0.4612030122410416,2,Premium
-0.44500596754244864,-0.5114257827997319,-0.3292471298761329,-1.1625248408877793,0.672489207870049,0.4612030122410416,1,Mid-range
-0.44500596754244864,-0.6045645722520673,-0.7250482887071713,-1.1625248408877793,0.9317087392434786,0.5421513250521064,1,Mid-range
1.9578340299869714,-1.0064412008149213,0.8471527480986526,-0.04520490250698953,1.07472641172537,-1.5625048080355781,0,Economy
-0.44500596754244864,0.7189261272496353,0.01220844953657081,0.6996750564135367,-0.9364596075512354,0.4612030122410416,3,Luxury
0.03556203196343534,-1.005866270015833,-0.6602296279684012,-0.7900848614275162,0.21662037683401889,-1.4006081824134484,0,Economy
-0.9255739670483327,1.615818173827679,-0.6482345778620544,0.6996750564135367,-1.4370214612378567,0.4612030122410416,3,Luxury
0.9966980309752034,-0.9834439688513817,3.4515099013969404,0.6996750564135367,1.07472641172537,-1.5625048080355781,0,Economy
0.9966980309752034,-0.9253759581434443,-0.4267266638498042,-0.6038648716973845,0.24343619042437337,-1.4006081824134484,0,Economy
0.5161300314693194,0.6614330473407863,-0.03326023349298351,0.6996750564135367,-0.7308717033585154,1.3516344531627542,2,Premium
0.03556203196343534,-1.0817571354955136,0.16822046825745085,-1.1625248408877793,1.2177440842072627,0.4612030122410416,1,Mid-range
0.03556203196343534,0.06017041765404418,0.6498466838617782,0.6996750564135367,0.32388363119543745,0.13740976099678243,2,Premium
-0.44500596754244864,-0.9495230517051609,-0.3981616613829239,-1.1625248408877793,1.2177440842072627,0.4612030122410416,1,Mid-range
-1.4061419665542167,2.040117103554984,-1.008499110037463,0.6996750564135367,-1.3833898340571478,0.4612030122410416,3,Luxury
1.4772660304810874,-0.22396038325548728,0.5568162073734233,-0.7900848614275162,0.20768177230390053,0.4612030122410416,1,Mid-range
0.5161300314693194,0.464806714052523,-0.761138632345831,0.6996750564135367,-1.3833898340571478,1.3516344531627542,3,Luxury
0.9966980309752034,-0.8344219057276453,-0.41172033518702206,-1.1625248408877793,0.9317087392434786,-1.8862980592798373,0,Economy
-0.9255739670483327,-0.22396038325548728,-0.9971149986381111,0.6996750564135367,-1.3833898340571478,0.4612030122410416,3,Luxury
-0.9255739670483327,-0.028598897725218585,-1.092911908848984,-1.1625248408877793,-0.17667822249118445,0.5421513250521064,1,Mid-range
0.5161300314693194,-0.5291336514116575,0.3257729560208625,-0.04520490250698953,2.4870259274840527,-1.8862980592798373,0,Economy
0.03556203196343534,-0.638140530918835,0.2665816000835976,-0.04520490250698953,1.5305952427614014,0.5421513250521064,2,Premium
0.5161300314693194,0.12272288859487182,-0.14043351080973915,-0.2314248922371213,-1.0526614664427723,0.704047950674236,2,Premium
0.03556203196343534,-0.7758939503804371,-0.3700251373753987,-0.6038648716973845,0.24343619042437337,-1.4006081824134484,0,Economy
0.03556203196343534,-0.10897422343778941,-0.5334985677343461,0.6996750564135367,0.9317087392434786,0.4612030122410416,2,Premium
0.5161300314693194,-0.22396038325548728,-0.46390490471418117,-1.1625248408877793,0.32388363119543745,-1.5625048080355781,0,Economy
-1.4061419665542167,0.0863872620924793,-1.1158350175170666,-1.1625248408877793,-0.2660642677923669,0.4612030122410416,1,Mid-range
0.03556203196343534,-0.22396038325548728,-1.0235574584493041,-0.7900848614275162,0.43114688555685665,-1.5625048080355781,0,Economy
0.9966980309752034,-0.22396038325548728,-0.19534829579804153,0.14101508722314182,1.07472641172537,-1.5625048080355781,0,Economy
-0.9255739670483327,-0.14404500218218727,-0.4460310753878516,-1.1625248408877793,-0.864950771310289,0.4612030122410416,1,Mid-range
-0.9255739670483327,-0.0871268530724268,-0.5862802301104796,-1.1625248408877793,0.21662037683401889,0.4612030122410416,1,Mid-range
-0.44500596754244864,-0.9196266501525595,-0.6723967734851688,-1.1625248408877793,1.2177440842072627,0.4612030122410416,1,Mid-range
0.03556203196343534,-0.729899486453358,0.8587360930308379,-0.2314248922371213,1.7004287288336473,-1.8862980592798373,0,Economy
0.03556203196343534,-0.7184008704715882,-0.1802899473862005,-0.2314248922371213,0.32388363119543745,0.4612030122410416,1,Mid-range
0.9966980309752034,-1.0639342807237704,-0.41172033518702206,-0.7900848614275162,0.43114688555685665,0.4612030122410416,1,Mid-range
0.5161300314693194,-0.6505590361791465,-0.7388040899813882,-0.2314248922371213,-0.9364596075512354,0.7849962634853007,1,Mid-range
0.5161300314693194,-0.2010781374517654,0.6635015942016356,0.6996750564135367,-0.346511708563431,0.704047950674236,2,Premium
-1.4061419665542167,0.545871956724,-1.1891992909795568,-0.04520490250698953,-0.5074065901055592,0.4612030122410416,3,Luxury
-0.9255739670483327,-0.4890034816352809,-0.3918984640399133,-1.1625248408877793,-0.5878540308766232,0.4612030122410416,1,Mid-range
-0.9255739670483327,-0.15623353512286323,-0.8148917733137913,-1.1625248408877793,-0.2660642677923669,0.4612030122410416,1,Mid-range
0.9966980309752034,0.2704801039606136,0.5501877961906839,0.6996750564135367,-0.08729217719000198,0.4612030122410416,2,Premium
-0.9255739670483327,8.451745374989818,-0.830380360251685,4.42407485101617,-2.1968028462979077,0.4612030122410416,3,Luxury
-0.9255739670483327,3.06326395361286,-0.48723071664264894,2.561874953714853,-0.9364596075512354,0.4612030122410416,3,Luxury
0.03556203196343534,0.5464468875230886,-0.13511490215067662,-0.4176448819672531,-0.6593628671175696,0.4612030122410416,2,Premium
-0.44500596754244864,-0.8339619610883745,-1.2185630703826469,-1.1625248408877793,1.2177440842072627,0.4612030122410416,1,Mid-range
0.9966980309752034,-0.030783634761754847,0.22694802706363137,0.6996750564135367,0.672489207870049,-1.4006081824134484,0,Economy
-0.9255739670483327,-0.22396038325548728,-0.89233470800326,-0.04520490250698953,-0.346511708563431,0.4612030122410416,3,Luxury
4.360674027516391,-1.374971843030643,-0.7492094087339704,0.6996750564135367,-1.7409340152618775,2.9706007093840503,2,Premium
-0.9255739670483327,-0.2010781374517654,-0.5899200480408846,-1.1625248408877793,0.011032472641298852,0.4612030122410416,1,Mid-range
0.5161300314693194,1.224865230447506,-0.34155281219828953,2.561874953714853,-0.6593628671175696,1.432582765973819,3,Luxury
0.03556203196343534,-0.15519865968450394,0.17942387947586058,-0.4176448819672531,-0.17667822249118445,0.4612030122410416,2,Premium
-0.9255739670483327,1.6864196759557453,-1.1138215012151405,0.6996750564135367,-1.705179597141404,0.4612030122410416,3,Luxury
0.03556203196343534,0.8333373562682447,0.18400161739306048,0.6996750564135367,-1.526407506539039,0.4612030122410416,2,Premium
-0.9255739670483327,-0.6609077905627392,-1.248417321705437,-1.1625248408877793,0.10935712247259968,0.4612030122410416,1,Mid-range
0.03556203196343534,-0.7189758012706766,0.550762751311863,-1.1625248408877793,0.43114688555685665,0.5421513250521064,1,Mid-range
-0.9255739670483327,1.6957335549009789,-1.229211473902449,0.6996750564135367,-2.1342326145870802,0.4612030122410416,3,Luxury
-0.9255739670483327,0.7520421412771323,-0.5621180344873655,0.3272350769532736,1.7004287288336473,0.299306386618912,3,Luxury
-0.44500596754244864,0.6431502479297724,-0.5378880762963978,0.6996750564135367,-0.8023805395994617,0.4612030122410416,3,Luxury
0.9966980309752034,-0.22396038325548728,-0.41172033518702206,0.6996750564135367,-0.08729217719000198,0.4612030122410416,2,Premium
0.03556203196343534,-1.0064412008149213,0.6635196642197295,-0.7900848614275162,0.21662037683401889,0.4612030122410416,1,Mid-range
0.03556203196343534,-0.374017321817583,-0.2698570037398312,-0.4176448819672531,0.011032472641298852,0.4612030122410416,1,Mid-range
-0.44500596754244864,-0.7758939503804371,0.5812784943684592,-0.9763048511576475,0.7976296712917049,0.4612030122410416,1,Mid-range
-0.9255739670483327,0.43088579690630213,-0.6572954012207224,-0.2314248922371213,-0.864950771310289,0.4612030122410416,3,Luxury
0.03556203196343534,-1.0863565818882215,0.6915884256594017,-1.1625248408877793,1.2177440842072627,0.4612030122410416,1,Mid-range
1.9578340299869714,-1.0634743360844996,-0.044227344474776636,-0.04520490250698953,1.07472641172537,-1.5625048080355781,0,Economy
-0.9255739670483327,0.017395566201860568,-1.01477198774731,-1.1625248408877793,-0.2660642677923669,0.4612030122410416,1,Mid-range
0.03556203196343534,-0.3970145537811226,-0.23359650076411806,-0.7900848614275162,-0.346511708563431,0.13740976099678243,1,Mid-range
0.03556203196343534,-0.6044495860922495,0.9405932749976064,-0.2314248922371213,0.21662037683401889,0.5421513250521064,2,Premium
0.9966980309752034,-1.1554632639386577,-0.8470517120102905,-1.1625248408877793,0.5473487444483937,-1.5625048080355781,0,Economy
-1.4061419665542167,1.5755730178914846,-1.236181338024501,0.6996750564135367,-1.3833898340571478,0.4612030122410416,3,Luxury
-0.9255739670483327,0.062355154690580436,-1.0859420447269317,-1.1625248408877793,-0.346511708563431,0.4612030122410416,1,Mid-range
-0.9255739670483327,1.6951586241018903,-0.8148917733137913,0.6996750564135367,-0.7308717033585154,0.4612030122410416,3,Luxury
0.9966980309752034,0.08650224825229699,0.7286867203831198,2.561874953714853,-0.43589775386461344,0.704047950674236,2,Premium
-1.4061419665542167,2.7254346160684633,0.3114705366992956,2.561874953714853,-1.9375833149244786,0.5421513250521064,3,Luxury
0.03556203196343534,-0.22396038325548728,0.3556065558944019,-0.7900848614275162,0.43114688555685665,0.4612030122410416,1,Mid-range
0.9966980309752034,-1.0921058898791063,-0.390011672540206,-1.1625248408877793,0.5473487444483937,-1.5625048080355781,0,Economy
0.9966980309752034,-0.8339619610883745,1.134522899489885,0.6996750564135367,1.369700361219272,-1.5625048080355781,0,Economy
-0.44500596754244864,-0.08655192227333831,-0.08628444283817911,-0.4176448819672531,0.011032472641298852,0.4612030122410416,1,Mid-range
-0.44500596754244864,-0.6619426660010985,-0.578342329304809,-0.7900848614275162,-0.8023805395994617,0.5421513250521064,1,Mid-range
0.5161300314693194,-0.12047283941955919,0.8516646926166377,0.6996750564135367,0.7976296712917049,-1.4006081824134484,0,Economy
-0.9255739670483327,2.385650513807166,-0.7743891184711992,0.6996750564135367,-1.9018288968040058,0.4612030122410416,3,Luxury
0.03556203196343534,-1.0288635019793724,-0.5203074545255733,-0.7900848614275162,0.21662037683401889,0.4612030122410416,1,Mid-range
-0.44500596754244864,-0.14358505754291648,1.2111993251325979,-0.2314248922371213,0.32388363119543745,0.4612030122410416,2,Premium
0.03556203196343534,0.1779162453073668,-0.22365799081230295,0.6996750564135367,0.43114688555685665,0.4612030122410416,2,Premium
0.03556203196343534,-1.0528956093812714,-0.6072242415587203,-1.1625248408877793,0.7976296712917049,0.4612030122410416,1,Mid-range
1.4772660304810874,-0.4890034816352809,1.66428244132228,0.6996750564135367,0.5473487444483937,-1.4006081824134484,0,Economy
0.03556203196343534,-0.546036616904859,-0.010853411056164058,-0.2314248922371213,1.7004287288336473,-1.8862980592798373,0,Economy
-0.9255739670483327,-0.7241501784624731,-1.2021064467611349,-1.1625248408877793,-0.08729217719000198,0.4612030122410416,1,Mid-range
0.03556203196343534,-0.13254638620041748,1.3348810698132547,0.3272350769532736,2.075850119098614,-1.8862980592798373,0,Economy
-0.44500596754244864,0.35901944702024097,0.5323539203783875,0.6996750564135367,0.9317087392434786,0.4612030122410416,2,Premium
0.5161300314693194,-0.22396038325548728,2.4067343097681073,2.561874953714853,-1.1152316981536003,1.9992209556512726,2,Premium
-0.9255739670483327,0.1513544423894786,-0.607034936607257,-1.1625248408877793,-0.864950771310289,0.4612030122410416,1,Mid-range
0.03556203196343534,-0.7195507320697652,0.15063231731242044,-1.1625248408877793,0.7976296712917049,0.4612030122410416,1,Mid-range
-0.9255739670483327,-0.14347007138309878,-0.7130543141971398,-1.1625248408877793,0.011032472641298852,0.5421513250521064,1,Mid-range
1.9578340299869714,-1.0143752458423425,-0.5452324961506501,-1.1625248408877793,0.9317087392434786,-1.8862980592798373,0,Economy
0.9966980309752034,-0.4890034816352809,1.3085371737371212,0.6996750564135367,1.2177440842072627,-1.5625048080355781,0,Economy
-0.44500596754244864,2.845020222278869,-0.9786835801820175,2.561874953714853,-1.5711005291896303,0.4612030122410416,3,Luxury
0.5161300314693194,-0.6149133266356601,0.3283208285721459,-0.04520490250698953,1.369700361219272,-1.5625048080355781,0,Economy
-0.9255739670483327,0.8891056437798281,-0.6250016974552142,0.6996750564135367,0.5473487444483937,0.4612030122410416,3,Luxury
-0.44500596754244864,0.5799078600300386,-0.17515505057776257,0.6996750564135367,0.43114688555685665,0.4612030122410416,2,Premium
0.9966980309752034,-0.7186308427912236,0.0002514364271866798,-0.2314248922371213,0.7976296712917049,-1.4006081824134484,0,Economy
0.03556203196343534,1.2352139848310988,-0.9173057520553531,0.6996750564135367,-1.3833898340571478,0.4612030122410416,3,Luxury
-0.9255739670483327,0.14342039736205744,-0.89233470800326,-0.04520490250698953,-1.8213814560329415,0.4612030122410416,3,Luxury
1.4772660304810874,-0.2594911066391559,-0.2446794451952331,0.6996750564135367,0.32388363119543745,0.13740976099678243,2,Premium
1.4772660304810874,-0.9203165671114657,2.609660612966078,-0.04520490250698953,1.7004287288336473,-1.8862980592798373,0,Economy
-0.9255739670483327,-0.9150272037598516,-0.29137753481298273,-0.7900848614275162,0.20768177230390053,0.4612030122410416,1,Mid-range
-0.44500596754244864,-0.6045645722520673,0.1138523013164985,-1.1625248408877793,0.9317087392434786,0.4612030122410416,1,Mid-range
0.03556203196343534,0.14342039736205744,0.3756642759789743,0.6996750564135367,0.32388363119543745,0.13740976099678243,2,Premium
0.03556203196343534,-0.5459216307450413,0.27368914053398624,-0.04520490250698953,-0.6593628671175696,0.4612030122410416,2,Premium
-0.44500596754244864,-0.12484231349263171,-0.18342208385586334,-1.1625248408877793,-0.5074065901055592,0.4612030122410416,1,Mid-range
-0.9255739670483327,0.8885307129807397,-0.9237765394871843,-0.2314248922371213,-1.5711005291896303,0.4612030122410416,3,Luxury
0.03556203196343534,0.004977060941549195,0.6421368094749151,0.6996750564135367,-0.08729217719000198,0.4612030122410416,2,Premium
-0.44500596754244864,0.2009134772709064,0.08552754795382532,0.6996750564135367,-0.43589775386461344,0.4612030122410416,2,Premium
0.03556203196343534,-0.4941778588270773,2.13399750333284,-0.04520490250698953,1.7004287288336473,-1.8862980592798373,0,Economy
-0.9255739670483327,0.7761892348388488,0.17970783690305536,0.6996750564135367,-1.6157935518402216,0.5421513250521064,3,Luxury
-1.4061419665542167,-0.3970145537811226,-1.2213639231872493,-0.7900848614275162,-0.8023805395994617,0.4612030122410416,1,Mid-range
1.4772660304810874,-0.7186308427912236,2.4555685336677078,0.6996750564135367,0.672489207870049,-1.4006081824134484,0,Economy
-1.4061419665542167,2.5811269854972525,-0.7374488386243225,0.6996750564135367,-2.0716623828762524,0.4612030122410416,3,Luxury
0.03556203196343534,-0.31698418654800486,1.877824880150599,0.6996750564135367,0.7976296712917049,-1.4006081824134484,0,Economy
0.9966980309752034,-1.0405920902807777,-0.41172033518702206,-0.04520490250698953,2.066911514568496,-1.8862980592798373,0,Economy
-1.4061419665542167,0.7763042209986666,-0.8277989290953692,-0.2314248922371213,-0.43589775386461344,0.4612030122410416,3,Luxury
0.9966980309752034,-0.4366847789182284,2.6292419416645303,0.6996750564135367,0.672489207870049,-1.4006081824134484,0,Economy
0.03556203196343534,-0.47704492101424034,-0.40983941057630674,-0.2314248922371213,1.7004287288336473,0.4612030122410416,1,Mid-range
-0.9255739670483327,0.31635958172787504,-1.189560691341441,-0.2314248922371213,-0.9364596075512354,0.4612030122410416,3,Luxury
-0.9255739670483327,-0.07160372149703759,-0.7531697543662846,-1.1625248408877793,-0.864950771310289,0.5421513250521064,1,Mid-range
-0.9255739670483327,0.3739676477965417,-0.9236216536178053,-0.2314248922371213,-0.08729217719000198,0.4612030122410416,3,Luxury
-0.44500596754244864,0.8626588270217577,-0.45365920445476443,0.6996750564135367,-1.2314335570451371,0.4612030122410416,3,Luxury
0.9966980309752034,-0.6839050225262788,-0.35462729165390877,-0.4176448819672531,-0.17667822249118445,-1.4006081824134484,0,Economy
-0.9255739670483327,-0.14519486378036423,-0.5993680860729997,-1.1625248408877793,-0.7308717033585154,0.5421513250521064,1,Mid-range
0.5161300314693194,-0.16704223414572683,-0.6587358398059465,0.3272350769532736,-1.4370214612378567,1.432582765973819,2,Premium
-0.44500596754244864,-0.5344230147632716,-0.7555414442411497,-1.1625248408877793,0.9317087392434786,0.5421513250521064,1,Mid-range
0.03556203196343534,0.29140758504743464,-0.8347257693648162,0.6996750564135367,1.2177440842072627,0.4612030122410416,2,Premium
5.321810026528159,-1.5238789199945617,1.729108631235256,0.3272350769532736,-0.864950771310289,1.3516344531627542,2,Premium
-0.9255739670483327,1.1212627004517601,-1.2718050879816567,0.6996750564135367,-1.9733377330449515,0.4612030122410416,3,Luxury
0.03556203196343534,-0.638140530918835,-0.8584577264618779,-1.1625248408877793,0.9317087392434786,0.4612030122410416,1,Mid-range
0.5161300314693194,-0.11702325462502826,1.2613300728304584,2.561874953714853,0.10935712247259968,0.4612030122410416,2,Premium
3.8801060280105073,-1.638405135172989,2.3395138424576487,-0.04520490250698953,-1.1688633253343093,0.4612030122410416,2,Premium
-0.9255739670483327,0.5454120120847292,-1.2445451749709637,-0.04520490250698953,-0.2660642677923669,0.4612030122410416,3,Luxury
-0.9255739670483327,-0.6626325829600047,-0.20471889089546733,-0.7900848614275162,-0.8023805395994617,0.4612030122410416,1,Mid-range
-0.9255739670483327,-0.22396038325548728,-0.8728190884615139,0.6996750564135367,-0.17667822249118445,0.4612030122410416,3,Luxury
0.03556203196343534,-1.247452191792816,-0.2188694360173374,-0.04520490250698953,-1.1152316981536003,0.704047950674236,2,Premium
-0.9255739670483327,0.44180948208898346,-0.4778601215452234,0.6996750564135367,-0.5074065901055592,0.4612030122410416,3,Luxury
-0.9255739670483327,1.058135298711844,-1.149600137041675,0.6996750564135367,-0.5878540308766232,0.4612030122410416,3,Luxury
-0.9255739670483327,0.7695200375694224,-1.177324707660505,-0.2314248922371213,-1.329758206876438,0.5421513250521064,3,Luxury
1.9578340299869714,-1.0863565818882215,0.0814565813774088,-0.7900848614275162,-0.08729217719000198,-1.4006081824134484,0,Economy
-0.9255739670483327,0.3957000320020866,-0.9852662296306224,-0.04520490250698953,-0.2660642677923669,0.5421513250521064,3,Luxury
-0.9255739670483327,-0.005486679601861312,-0.4202425781362587,-1.1625248408877793,0.011032472641298852,0.5421513250521064,1,Mid-range
0.03556203196343534,0.5027521467923634,-0.5965026974894895,-0.4176448819672531,-0.43589775386461344,0.4612030122410416,2,Premium
-0.9255739670483327,0.8197689894097564,-0.8952000965867702,-0.2314248922371213,-1.1152316981536003,0.4612030122410416,3,Luxury
-0.44500596754244864,-0.43116544324697886,-0.586880412854323,-1.1625248408877793,-0.08729217719000198,0.4612030122410416,1,Mid-range
-0.44500596754244864,0.4764203161941105,-0.06463430240905452,0.6996750564135367,1.369700361219272,0.4612030122410416,2,Premium
0.03556203196343534,-0.4342700695620567,1.3658410341480003,-0.4176448819672531,-0.17667822249118445,-1.4006081824134484,0,Economy
-0.9255739670483327,-0.22396038325548728,-0.37563544775512486,-1.1625248408877793,-0.5878540308766232,0.5421513250521064,1,Mid-range
-0.44500596754244864,-0.11184887743323185,-1.0114129004551542,-0.4176448819672531,1.369700361219272,0.4612030122410416,1,Mid-range
-0.9255739670483327,1.350775075447885,-0.9465447622858881,-0.04520490250698953,-0.6593628671175696,0.4612030122410416,3,Luxury
0.03556203196343534,-0.3274479270914154,-0.37604847674013514,-0.7900848614275162,-0.346511708563431,0.13740976099678243,1,Mid-range
-0.44500596754244864,-0.43093547092734347,-0.05169165194907706,-0.4176448819672531,0.21662037683401889,0.4612030122410416,1,Mid-range
-0.44500596754244864,2.4441784691543744,-0.46043546124009294,2.561874953714853,-1.9018288968040058,0.4612030122410416,3,Luxury
0.03556203196343534,-0.6612527490421923,-0.04807764833023527,-1.1625248408877793,0.672489207870049,0.4612030122410416,1,Mid-range
0.5161300314693194,-0.5804174786903508,0.8148560657587332,-0.2314248922371213,1.7004287288336473,-1.8862980592798373,0,Economy
-0.9255739670483327,0.31647456788769274,-0.8265082135172115,-0.04520490250698953,0.21662037683401889,0.5421513250521064,3,Luxury
-0.44500596754244864,0.7068525804687771,-0.8389571652685436,0.6996750564135367,-0.5878540308766232,0.5421513250521064,3,Luxury
0.03556203196343534,-0.14059541738765632,1.5279290964530583,0.6996750564135367,1.07472641172537,-1.5625048080355781,0,Economy
0.03556203196343534,-0.8392513244399886,1.366563834871769,-1.1625248408877793,0.5473487444483937,-1.5625048080355781,0,Economy
1.4772660304810874,-0.14461993298127573,1.4309533326808015,0.6996750564135367,-1.7856270379124688,2.323014206895532,2,Premium
0.03556203196343534,-0.16071799535575346,-1.1237255920848714,-1.1625248408877793,0.32388363119543745,0.4612030122410416,1,Mid-range
-0.44500596754244864,0.6078494968657392,-0.05758699535231287,0.3272350769532736,1.7004287288336473,0.299306386618912,1,Mid-range
0.5161300314693194,-1.1214273606326193,-0.3336923543273085,-1.1625248408877793,1.07472641172537,-1.8862980592798373,0,Economy
-0.9255739670483327,-0.14404500218218727,-1.0282470583832777,-0.04520490250698953,1.07472641172537,0.5421513250521064,1,Mid-range
0.5161300314693194,0.6556837393499015,0.22217754228676,0.6996750564135367,-0.08729217719000198,0.4612030122410416,2,Premium
0.03556203196343534,-0.6037596691333433,-0.8971877985771333,-1.1625248408877793,0.5473487444483937,-1.5625048080355781,0,Economy
-0.44500596754244864,-0.3735573771783122,0.2842073968996573,-0.2314248922371213,1.2177440842072627,0.4612030122410416,1,Mid-range
-0.9255739670483327,0.5925563376099854,-1.0045495203683001,0.6996750564135367,-1.3833898340571478,0.5421513250521064,3,Luxury
0.03556203196343534,1.793471790746022,-0.9088128435510746,2.561874953714853,-0.6593628671175696,0.4612030122410416,3,Luxury
0.03556203196343534,3.133635483421291,1.8036173391770458,4.42407485101617,-1.4370214612378567,2.9706007093840503,2,Premium
0.9966980309752034,-0.02951878700376017,0.1003429093799297,0.6996750564135367,-0.9364596075512354,0.4612030122410416,2,Premium
-0.9255739670483327,-0.31652424190873407,-1.085322501249416,-1.1625248408877793,-0.2660642677923669,0.4612030122410416,1,Mid-range
0.9966980309752034,-0.2843281171597787,0.4446753178096776,-0.4176448819672531,0.43114688555685665,-1.5625048080355781,0,Economy
-0.44500596754244864,-0.4228864397401046,0.37921051702996306,-1.1625248408877793,-0.08729217719000198,0.4612030122410416,1,Mid-range
1.9578340299869714,-0.45496757832924234,1.864425266733047,0.6996750564135367,-0.43589775386461344,0.704047950674236,2,Premium
0.5161300314693194,-0.49130320483163487,-0.014828815036889953,-0.2314248922371213,2.031157096448023,-1.8862980592798373,0,Economy
0.5161300314693194,0.31532470628951575,0.8346427355718924,0.6996750564135367,-1.3833898340571478,0.4612030122410416,2,Premium
0.9966980309752034,-0.5459216307450413,0.7902890547951965,-0.7900848614275162,-0.346511708563431,0.13740976099678243,2,Premium
-0.9255739670483327,1.6957335549009789,-0.9116954416756272,0.6996750564135367,-1.4370214612378567,0.4612030122410416,3,Luxury
0.03556203196343534,0.3394717998512323,-0.3158150830927706,0.6996750564135367,0.10935712247259968,0.4612030122410416,2,Premium
-0.44500596754244864,-0.05148114352894046,0.9828394714670269,1.6307750050641947,-2.1074168009967256,0.5421513250521064,2,Premium
-0.9255739670483327,-0.3276778994110508,-0.04526388836985126,-1.1625248408877793,0.43114688555685665,0.4612030122410416,1,Mid-range
0.03556203196343534,-0.4081682112834393,-0.6159580836375882,-1.1625248408877793,1.07472641172537,0.5421513250521064,1,Mid-range
0.03556203196343534,-0.6035296968137079,0.7299570974127727,-1.1625248408877793,-0.346511708563431,0.4612030122410416,1,Mid-range
0.03556203196343534,-0.6264119426174298,-0.07915807945227546,-1.1625248408877793,0.9317087392434786,0.4612030122410416,1,Mid-range
-0.9255739670483327,0.23023494802441935,-1.1209462512065718,-0.2314248922371213,-0.43589775386461344,0.4612030122410416,3,Luxury
-0.9255739670483327,0.4855042228197086,-0.8911730639829178,-0.04520490250698953,-0.5074065901055592,0.4612030122410416,3,Luxury
-0.44500596754244864,-0.8462654801888682,0.4145148148815246,-0.7900848614275162,-0.6593628671175696,0.4612030122410416,1,Mid-range
0.03556203196343534,-0.17854085012749663,-0.7493750505665007,-0.2314248922371213,2.7462454588574823,-1.8862980592798373,0,Economy
-0.9255739670483327,0.43088579690630213,-0.6675953115344218,-0.04520490250698953,0.672489207870049,0.4612030122410416,1,Mid-range
-0.44500596754244864,-0.14576979457945272,-1.0071438586803974,-1.1625248408877793,-0.6593628671175696,0.4612030122410416,1,Mid-range
1.9578340299869714,-1.1785754820620151,0.12215582213113588,-0.2314248922371213,1.888139423966131,-1.8862980592798373,0,Economy
-0.9255739670483327,2.0406920343540724,-0.287118173405062,0.6996750564135367,-1.9375833149244786,0.4612030122410416,3,Luxury
-0.9255739670483327,-0.22396038325548728,-0.08561165734306404,-1.1625248408877793,-0.2660642677923669,0.5421513250521064,1,Mid-range
-0.44500596754244864,-0.18946453531017793,2.523150401340051,-0.04520490250698953,2.075850119098614,0.299306386618912,2,Premium
-0.44500596754244864,-0.316179283429281,-0.1121358624742074,0.6996750564135367,0.9317087392434786,0.4612030122410416,2,Premium
-0.9255739670483327,-0.5470714923432183,0.000582328966314637,-1.1625248408877793,-0.5878540308766232,0.4612030122410416,1,Mid-range
-0.9255739670483327,3.87989566063815,-1.2716502021122777,2.561874953714853,-1.5711005291896303,0.5421513250521064,3,Luxury
-0.44500596754244864,-0.729899486453358,0.9175163560564601,-1.1625248408877793,0.9317087392434786,0.4612030122410416,1,Mid-range
-1.4061419665542167,3.765484431619541,-1.09884920050851,2.561874953714853,-1.8571358741534145,0.4612030122410416,3,Luxury
-0.9255739670483327,0.31589963708860425,-1.1711292728853473,-1.1625248408877793,-0.9990298392620627,0.5421513250521064,3,Luxury
-0.9255739670483327,1.9257058745363747,-0.3088796380528025,2.561874953714853,-1.9375833149244786,2.323014206895532,3,Luxury
0.5161300314693194,-0.22396038325548728,2.11698156962746,0.6996750564135367,0.7976296712917049,-1.4006081824134484,0,Economy
-0.9255739670483327,0.9431491388941462,-0.31151269783224456,-0.2314248922371213,-1.285065184225847,0.4612030122410416,3,Luxury
-0.44500596754244864,0.8732375537249859,1.3577697593992535,0.6996750564135367,-1.526407506539039,0.4612030122410416,3,Luxury
-0.44500596754244864,-0.948373190106984,0.6211906468340442,-0.7900848614275162,0.32388363119543745,0.5421513250521064,1,Mid-range
-1.4061419665542167,2.8398458450870727,-1.008499110037463,0.6996750564135367,-1.526407506539039,0.4612030122410416,3,Luxury
0.03556203196343534,0.31589963708860425,0.6659892333592715,0.6996750564135367,0.20768177230390053,0.5421513250521064,2,Premium
-0.44500596754244864,-0.5929509701104798,-0.26636346690828433,-0.04520490250698953,0.7976296712917049,0.5421513250521064,1,Mid-range
0.5161300314693194,-0.22396038325548728,1.6265974185868062,-0.7900848614275162,0.011032472641298852,-1.4006081824134484,0,Economy
1.4772660304810874,-0.16186785695393044,0.9786156047375053,-0.4176448819672531,-0.6593628671175696,0.4612030122410416,2,Premium
0.9966980309752034,-1.2590657939344037,1.9816289204572437,-1.1625248408877793,0.9317087392434786,-1.8862980592798373,0,Economy
0.03556203196343534,0.4312307553857552,0.5391377063379218,0.6996750564135367,0.011032472641298852,0.4612030122410416,2,Premium
0.03556203196343534,1.115628378620693,0.40234766936475724,0.6996750564135367,0.10935712247259968,0.4612030122410416,2,Premium
0.5161300314693194,-0.2011931236115831,1.8492923215798425,0.6996750564135367,0.32388363119543745,0.13740976099678243,2,Premium
-0.9255739670483327,1.5698237099005996,-0.993475180707706,0.6996750564135367,-1.9733377330449515,0.4612030122410416,3,Luxury
-0.9255739670483327,0.9943179800130217,0.397554812184531,0.6996750564135367,-0.2660642677923669,0.4612030122410416,3,Luxury
5.802378026034043,-1.5813719999034108,2.0763111217597077,-0.2314248922371213,0.9317087392434786,0.4612030122410416,0,Economy
0.03556203196343534,-0.20153808209103619,-0.1357172360871506,-0.2314248922371213,0.7976296712917049,0.4612030122410416,1,Mid-range
-0.9255739670483327,-0.06412962110888723,-0.9157224742794795,-1.1625248408877793,-0.864950771310289,0.4612030122410416,1,Mid-range
0.03556203196343534,0.31589963708860425,-0.6414368091504234,0.6996750564135367,-0.8023805395994617,0.5421513250521064,2,Premium
1.4772660304810874,-1.0869315126873098,0.09408821902595692,-1.1625248408877793,1.2266826887373805,-1.8862980592798373,0,Economy
0.03556203196343534,-0.35056014521477263,0.5662427334792358,0.6996750564135367,0.672489207870049,0.4612030122410416,2,Premium
0.03556203196343534,-0.6896543305171637,-0.08542235239160119,-1.1625248408877793,0.5473487444483937,0.5421513250521064,1,Mid-range
-0.44500596754244864,-0.3162942695890987,0.02779384014282639,-1.1625248408877793,0.21662037683401889,0.4612030122410416,1,Mid-range
-0.9255739670483327,-0.91410731448131,0.12224517936346957,-1.1625248408877793,0.43114688555685665,0.5421513250521064,1,Mid-range
-0.44500596754244864,-0.6610227767225569,0.7533276541479502,-1.1625248408877793,0.10935712247259968,0.4612030122410416,1,Mid-range
-0.44500596754244864,-0.25845623120079664,-0.6640619776392147,-1.1625248408877793,0.21662037683401889,0.5421513250521064,1,Mid-range
0.03556203196343534,-0.25903116199988513,-0.20016696728983072,-0.4176448819672531,-0.17667822249118445,-1.4006081824134484,0,Economy
-0.9255739670483327,0.683625376185602,-0.3889556325217133,0.6996750564135367,-0.6593628671175696,0.5421513250521064,3,Luxury
0.5161300314693194,-0.777043811978614,-0.24955835008066962,-0.6038648716973845,-0.024721945479174005,-1.4006081824134484,0,Economy
-0.9255739670483327,1.2936269540184893,-0.13393604858929287,0.6996750564135367,-0.5878540308766232,0.4612030122410416,3,Luxury
-0.44500596754244864,0.1668775739648678,0.33414840940752844,0.6996750564135367,0.7976296712917049,0.4612030122410416,2,Premium
0.5161300314693194,-0.22396038325548728,0.9510859321709776,0.6996750564135367,-1.2314335570451371,1.3516344531627542,2,Premium
-0.9255739670483327,1.6957335549009789,-1.2786975091690194,0.6996750564135367,-0.2660642677923669,0.4612030122410416,3,Luxury
0.9966980309752034,-0.40851316976289237,0.32994713020062477,0.6996750564135367,1.07472641172537,-1.5625048080355781,0,Economy
-0.9255739670483327,-0.018135157181808078,-0.8557041998951412,-1.1625248408877793,0.43114688555685665,0.5421513250521064,1,Mid-range
-0.44500596754244864,-0.4886585231558278,0.6961360468797776,-0.04520490250698953,1.2177440842072627,0.4612030122410416,1,Mid-range
1.9578340299869714,-1.2944815311582545,1.2641531656573304,-0.04520490250698953,1.8792008194360121,-1.8862980592798373,0,Economy
-0.9255739670483327,-0.4596820108817679,0.0841819769635959,-1.1625248408877793,-0.5074065901055592,0.5421513250521064,1,Mid-range
0.03556203196343534,-1.1449995233952472,1.2401339416059505,-0.7900848614275162,0.21662037683401889,-1.4006081824134484,0,Economy
-0.44500596754244864,-0.028483911565400886,-1.0628446894557977,-0.2314248922371213,0.32388363119543745,0.4612030122410416,1,Mid-range
-0.9255739670483327,-0.8575341238510026,-1.0805210392986688,-1.1625248408877793,0.10935712247259968,0.4612030122410416,1,Mid-range
-0.9255739670483327,1.5813223258823694,-1.2202280934784704,0.6996750564135367,-1.1152316981536003,0.4612030122410416,3,Luxury
0.03556203196343534,-0.8149892447184544,0.5089005427269452,-1.1625248408877793,0.672489207870049,0.4612030122410416,1,Mid-range
-0.44500596754244864,-0.6844799533253673,1.0207187468970134,-1.1625248408877793,0.43114688555685665,0.4612030122410416,1,Mid-range
-0.9255739670483327,0.9816695024330749,-1.053106240418597,0.6996750564135367,-0.5878540308766232,0.4612030122410416,3,Luxury
-0.44500596754244864,0.14284546656296895,-0.8001969764564646,-1.1625248408877793,-1.329758206876438,0.4612030122410416,1,Mid-range
0.03556203196343534,-1.0869315126873098,1.934805670541006,-1.1625248408877793,0.9585245528338331,-1.8862980592798373,0,Economy
0.5161300314693194,-0.6704516418276082,-0.6295708306018926,-1.1625248408877793,-0.346511708563431,0.13740976099678243,1,Mid-range
0.03556203196343534,-0.7184008704715882,0.5268500940338594,-1.1625248408877793,0.21662037683401889,0.4612030122410416,1,Mid-range
-0.9255739670483327,0.8155145014965015,-1.240982799975248,0.6996750564135367,-1.9018288968040058,0.4612030122410416,3,Luxury
0.03556203196343534,-0.22396038325548728,-0.6519776530387121,0.6996750564135367,0.20768177230390053,-1.4006081824134484,0,Economy
0.03556203196343534,-0.9489481209060724,-0.13511490215067662,-1.1625248408877793,0.9317087392434786,0.4612030122410416,1,Mid-range
0.5161300314693194,-0.5010770284161392,0.02441926426373284,-0.4176448819672531,0.32388363119543745,-1.4006081824134484,0,Economy
-0.9255739670483327,-0.35044515905495494,-1.0624768355160228,-1.1625248408877793,0.32388363119543745,0.4612030122410416,1,Mid-range
0.5161300314693194,-0.7873925663622069,0.30685364707622526,-1.1625248408877793,-0.17667822249118445,0.13740976099678243,1,Mid-range
0.03556203196343534,0.10811964629802419,-0.7224507236061287,-0.04520490250698953,0.7976296712917049,-1.4006081824134484,0,Economy
-0.44500596754244864,0.05775570829787252,-0.4988568372129056,-0.4176448819672531,0.011032472641298852,0.4612030122410416,1,Mid-range
0.9966980309752034,-0.7769288258187964,0.07348429157626424,-0.2314248922371213,1.7004287288336473,-1.8862980592798373,0,Economy
0.5161300314693194,-1.1323510458153005,1.2016448030652847,-0.7900848614275162,0.43114688555685665,-1.5625048080355781,0,Economy
-0.44500596754244864,0.166417629325597,-0.41022339846080863,-1.1625248408877793,-0.08729217719000198,0.4612030122410416,1,Mid-range
-0.9255739670483327,1.351235020087156,-0.5659901812218389,0.6996750564135367,-0.2660642677923669,0.4612030122410416,3,Luxury
0.03556203196343534,-0.6436598665900846,-0.25883429270236374,-1.1625248408877793,0.43114688555685665,0.5421513250521064,1,Mid-range
0.03556203196343534,0.48872383529460417,-0.6195720872564301,0.6996750564135367,-1.0526614664427723,0.5421513250521064,3,Luxury
0.03556203196343534,-0.6044495860922495,-1.0913200263025893,-1.1625248408877793,0.43114688555685665,-1.5625048080355781,0,Economy
0.03556203196343534,-0.9196266501525595,4.227770499908881,-0.04520490250698953,1.5305952427614014,-1.5625048080355781,0,Economy
-0.9255739670483327,1.982624023646135,-1.2385820689998746,0.6996750564135367,-1.285065184225847,0.4612030122410416,3,Luxury
-0.9255739670483327,0.43031086610721364,-0.34372895866306363,0.6996750564135367,-0.5074065901055592,0.5421513250521064,3,Luxury
0.5161300314693194,0.14376535584151054,0.5078103183019275,0.6996750564135367,-0.346511708563431,0.4612030122410416,2,Premium
0.5161300314693194,-0.890880110198135,2.1464718391572095,-0.2314248922371213,1.7004287288336473,-1.8862980592798373,0,Economy
0.5161300314693194,-0.2999662348949856,0.13077939076624906,-0.2314248922371213,1.369700361219272,-1.5625048080355781,0,Economy
-0.9255739670483327,1.926280805335463,-1.008499110037463,0.6996750564135367,-1.6157935518402216,0.4612030122410416,3,Luxury
-1.4061419665542167,0.2555319031843129,-1.2139552157686235,-1.1625248408877793,-0.346511708563431,0.5421513250521064,1,Mid-range
0.03556203196343534,-0.7988911823439767,-0.6821545832560418,-1.1625248408877793,0.9317087392434786,-1.8862980592798373,0,Economy
0.03556203196343534,0.028434237544359562,-0.0907228910325693,0.6996750564135367,-0.08729217719000198,-1.4006081824134484,2,Premium
0.5161300314693194,0.31532470628951575,0.2950900652968948,0.6996750564135367,0.20768177230390053,0.13740976099678243,2,Premium
0.9966980309752034,-0.45508256448906004,-0.41711669968152004,-0.4176448819672531,-0.17667822249118445,-1.4006081824134484,0,Economy
-0.44500596754244864,-0.22396038325548728,2.1251130777698544,0.6996750564135367,0.7976296712917049,0.5421513250521064,2,Premium
-0.44500596754244864,0.3682183398056568,-0.44945792524786077,0.6996750564135367,-1.2314335570451371,0.4612030122410416,3,Luxury
-0.44500596754244864,0.5570256142263167,-0.08774133804702475,-0.2314248922371213,-0.17667822249118445,0.4612030122410416,1,Mid-range
0.9966980309752034,-0.5464965615441298,0.37932756146534596,0.6996750564135367,0.7976296712917049,-1.4006081824134484,0,Economy
0.03556203196343534,-0.7540465800150745,-0.45585772332289326,-0.2314248922371213,0.32388363119543745,0.4612030122410416,1,Mid-range
0.9966980309752034,-0.8794964803761829,2.3776087260580767,-0.04520490250698953,1.7004287288336473,0.4612030122410416,0,Economy
0.5161300314693194,-0.7195507320697652,0.10714380709902327,-0.2314248922371213,1.7004287288336473,-1.8862980592798373,0,Economy
1.9578340299869714,-1.2214653196740164,0.14029534029493818,-0.7900848614275162,-0.08729217719000198,-1.4006081824134484,0,Economy
0.5161300314693194,0.07684341082761037,-0.324937430560664,0.6996750564135367,0.672489207870049,-1.4006081824134484,0,Economy
0.03556203196343534,-0.6649323061563587,-0.3158150830927706,-1.1625248408877793,0.5473487444483937,0.5421513250521064,1,Mid-range
-0.9255739670483327,1.5800574781243748,-0.5206086214938102,0.6996750564135367,-1.2314335570451371,0.4612030122410416,3,Luxury
-0.9255739670483327,3.4268501909564204,-0.89233470800326,0.6996750564135367,-1.9375833149244786,0.4612030122410416,3,Luxury
1.4772660304810874,-0.8684578090336839,0.12087702085062223,0.6996750564135367,0.011032472641298852,0.05646144818571764,2,Premium
-0.44500596754244864,-0.3975894845802111,-0.4948588457095618,-0.04520490250698953,-0.9364596075512354,0.4612030122410416,1,Mid-range
0.5161300314693194,0.48895380761423957,0.7262226270066362,0.6996750564135367,-0.08729217719000198,0.4612030122410416,2,Premium
-0.9255739670483327,2.1091087994456026,-1.2021838896958241,0.6996750564135367,-0.864950771310289,0.4612030122410416,3,Luxury
1.9578340299869714,-0.8914550409972235,-0.5452324961506501,-0.7900848614275162,0.011032472641298852,-1.4006081824134484,0,Economy
0.5161300314693194,-0.7810683275722335,-0.2932516538324678,-1.1625248408877793,0.43114688555685665,-1.5625048080355781,0,Economy
1.4772660304810874,-1.0645092115228587,0.9097236607533323,-0.2314248922371213,0.5473487444483937,-1.4006081824134484,0,Economy
-0.9255739670483327,2.0228691795823295,-1.270023900483799,0.6996750564135367,-1.1688633253343093,0.4612030122410416,3,Luxury
3.3995380285046233,-1.144424592596159,-0.1275857279447564,-0.4176448819672531,-0.5878540308766232,0.4612030122410416,2,Premium
0.03556203196343534,-0.3050256259269643,1.2446514461295026,0.6996750564135367,0.43114688555685665,0.5421513250521064,2,Premium
0.5161300314693194,-0.27110470878074344,-0.439293540069868,-1.1625248408877793,0.9317087392434786,-1.8862980592798373,0,Economy
1.4772660304810874,-0.31709917270782256,0.8888527898545204,0.6996750564135367,-0.6593628671175696,1.3516344531627542,2,Premium
-0.9255739670483327,0.43100078306611983,-0.7895679336703351,-1.1625248408877793,-0.7308717033585154,0.4612030122410416,1,Mid-range
1.4772660304810874,-0.22396038325548728,-0.054808730070328174,-0.7900848614275162,-0.346511708563431,0.13740976099678243,1,Mid-range
0.5161300314693194,0.20125843575035948,-0.324937430560664,0.6996750564135367,0.672489207870049,-1.4006081824134484,0,Economy
0.03556203196343534,-0.43220031868533815,0.5304640976527013,-0.2314248922371213,-0.5878540308766232,0.4612030122410416,2,Premium
-0.44500596754244864,0.2009134772709064,-0.2548438303732259,-0.4176448819672531,0.011032472641298852,0.5421513250521064,1,Mid-range
-0.44500596754244864,-0.05205607432802895,-0.1426290180081857,-0.2314248922371213,0.7976296712917049,0.4612030122410416,1,Mid-range
0.03556203196343534,0.06316005780930432,-1.0071137419835736,-1.1625248408877793,0.43114688555685665,0.4612030122410416,1,Mid-range
0.03556203196343534,0.31624459556805734,0.44420987794967537,0.6996750564135367,1.07472641172537,-1.4006081824134484,0,Economy
-0.44500596754244864,-0.9459584807508122,-0.2355314985350396,-1.1625248408877793,1.2177440842072627,0.4612030122410416,1,Mid-range
-0.9255739670483327,3.6504982718018426,-1.2021838896958241,2.561874953714853,-1.5711005291896303,0.4612030122410416,3,Luxury
-0.9255739670483327,-0.3964396229820341,-0.2429757006320648,-1.1625248408877793,0.10935712247259968,0.4612030122410416,1,Mid-range
0.5161300314693194,-0.4079382389638039,1.3681238797672357,0.6996750564135367,-0.8023805395994617,0.4612030122410416,2,Premium
0.5161300314693194,-0.7471474104260126,-0.45365920445476443,-0.7900848614275162,0.43114688555685665,-1.5625048080355781,0,Economy
0.5161300314693194,-0.22396038325548728,-0.324937430560664,0.6996750564135367,0.43114688555685665,0.13740976099678243,2,Premium
-0.44500596754244864,-0.292952079146106,-0.5608595867986614,-1.1625248408877793,0.21662037683401889,0.4612030122410416,1,Mid-range
1.9578340299869714,-1.0633593499246818,1.2078581092869087,-1.1625248408877793,0.9317087392434786,-1.8862980592798373,0,Economy
0.9966980309752034,-0.8723673384674856,-0.24926265887549168,-0.7900848614275162,0.43114688555685665,-1.5625048080355781,0,Economy
0.5161300314693194,-0.6045645722520673,0.5959016565111982,0.6996750564135367,1.369700361219272,-1.5625048080355781,0,Economy
-0.9255739670483327,1.2234853965296937,0.3733151736267272,0.6996750564135367,-0.43589775386461344,0.5421513250521064,3,Luxury
0.5161300314693194,-0.43116544324697886,0.30869678892183466,-1.1625248408877793,0.43114688555685665,-1.5625048080355781,0,Economy
-0.44500596754244864,0.8914053669761821,-0.6593185978894848,-0.4176448819672531,-0.864950771310289,0.4612030122410416,3,Luxury
0.9966980309752034,-0.2596060927989736,2.6234266812960305,0.6996750564135367,1.07472641172537,-1.5625048080355781,0,Economy
1.4772660304810874,-1.1791504128611037,3.8252307301635424,-0.04520490250698953,1.7004287288336473,-1.8862980592798373,0,Economy
0.03556203196343534,0.2584065571797553,-1.0462654478543607,0.6996750564135367,0.43114688555685665,-1.4006081824134484,0,Economy
0.03556203196343534,0.6360211060210752,-0.43507720251455245,0.6996750564135367,-1.0526614664427723,0.5421513250521064,3,Luxury
-0.44500596754244864,0.5464468875230886,0.010582147908091968,0.6996750564135367,0.672489207870049,0.4612030122410416,2,Premium
-0.44500596754244864,0.5452970259249116,-0.8859843873587235,0.6996750564135367,-1.0526614664427723,0.5421513250521064,3,Luxury
-0.9255739670483327,3.6732655314457467,-0.7547960559947635,2.561874953714853,-1.5711005291896303,0.4612030122410416,3,Luxury
0.5161300314693194,-0.4433539761876548,0.5976363782482425,-0.4176448819672531,-0.17667822249118445,0.4612030122410416,2,Premium
-0.9255739670483327,0.2584065571797553,-1.0898141914614052,-0.04520490250698953,-1.7856270379124688,0.4612030122410416,3,Luxury
-0.9255739670483327,-0.22396038325548728,-1.080675925168048,-0.2314248922371213,-0.9364596075512354,0.4612030122410416,3,Luxury
-0.44500596754244864,-0.5700687243067579,-0.21574482872188036,-0.2314248922371213,-0.7308717033585154,0.4612030122410416,1,Mid-range
-0.44500596754244864,-0.7184008704715882,-0.5252842386756867,-0.9763048511576475,0.011032472641298852,0.4612030122410416,1,Mid-range
-0.9255739670483327,0.31428983085115647,-0.8859843873587235,-0.04520490250698953,2.075850119098614,0.299306386618912,3,Luxury
0.03556203196343534,-0.28720277115522114,0.6718921059367133,-0.2314248922371213,1.8792008194360121,0.3802546994299768,2,Premium
0.03556203196343534,-1.201457727865737,0.04618761272789064,-1.1625248408877793,1.2266826887373805,0.4612030122410416,1,Mid-range
0.03556203196343534,-0.7425479640333047,0.9490861835018851,-0.7900848614275162,0.43114688555685665,-1.5625048080355781,0,Economy
-0.9255739670483327,2.018154747029804,-0.8356464798105688,1.0721150358738003,-1.4370214612378567,0.4612030122410416,3,Luxury
1.4772660304810874,-1.0059812561756505,0.8585403345014844,-0.04520490250698953,-0.9364596075512354,0.704047950674236,2,Premium
0.5161300314693194,-0.25903116199988513,0.5364874370174378,0.6996750564135367,1.2177440842072627,-1.5625048080355781,0,Economy
3.8801060280105073,-1.5813719999034108,1.8136125393817057,-0.4176448819672531,-1.285065184225847,1.1897378275406247,2,Premium
-0.9255739670483327,2.0406920343540724,-0.89233470800326,0.6996750564135367,-0.5074065901055592,0.4612030122410416,3,Luxury
-0.9255739670483327,0.13123186442138146,-0.43557627920477343,-1.1625248408877793,-1.1152316981536003,0.4612030122410416,1,Mid-range
-0.44500596754244864,-0.7187458289510412,-0.3959254966437655,-0.9763048511576475,0.7976296712917049,0.4612030122410416,1,Mid-range
0.5161300314693194,-0.8336170026089215,-0.5020687829291512,-1.1625248408877793,0.9317087392434786,-1.8862980592798373,0,Economy
-0.9255739670483327,0.14388034200132824,-0.7559577000151056,-0.2314248922371213,-0.7308717033585154,0.4612030122410416,3,Luxury
0.03556203196343534,0.3739676477965417,-0.42122352197565865,0.6996750564135367,1.369700361219272,0.4612030122410416,2,Premium
0.5161300314693194,0.29002775112962226,0.135766715760251,2.561874953714853,-0.17667822249118445,0.4612030122410416,2,Premium
0.03556203196343534,-0.5367227379596256,-0.810391478331281,-0.7900848614275162,0.43114688555685665,-1.5625048080355781,0,Economy
0.5161300314693194,0.31589963708860425,0.4276336480179205,1.6307750050641947,0.20768177230390053,-1.5625048080355781,0,Economy
4.360674027516391,-1.3284024483044754,0.9159578169958346,0.6996750564135367,-0.864950771310289,1.3516344531627542,2,Premium
-0.9255739670483327,3.4785939628743843,-0.7956084825761135,2.561874953714853,-1.1688633253343093,0.4612030122410416,3,Luxury
-0.9255739670483327,1.0633096759036404,0.0841819769635959,-0.2314248922371213,-1.3833898340571478,0.4612030122410416,3,Luxury
-0.9255739670483327,-0.3216986191005305,-0.9595551753137188,-1.1625248408877793,-0.5878540308766232,0.4612030122410416,1,Mid-range
0.5161300314693194,-0.27340443197709735,0.9759683470867038,0.6996750564135367,-0.08729217719000198,0.4612030122410416,2,Premium
0.5161300314693194,0.31647456788769274,1.3963131079942024,0.6996750564135367,-1.285065184225847,1.432582765973819,2,Premium
0.9966980309752034,-1.2023776171442786,-0.4221434501695457,-0.7900848614275162,0.21662037683401889,-1.4006081824134484,0,Economy
0.03556203196343534,-0.43093547092734347,0.5055877060763398,0.6996750564135367,0.672489207870049,-1.4006081824134484,0,Economy
0.03556203196343534,-0.22396038325548728,0.24170520850723565,-0.4176448819672531,-0.5878540308766232,0.5421513250521064,2,Premium
-0.9255739670483327,1.5801724642841926,-1.0880330039635475,0.6996750564135367,-2.1074168009967256,0.4612030122410416,3,Luxury
0.03556203196343534,0.43031086610721364,0.3359704695653616,-0.4176448819672531,-0.6593628671175696,0.4612030122410416,2,Premium
0.03556203196343534,0.40788856494276254,0.6780359120887446,-0.4176448819672531,-1.285065184225847,0.4612030122410416,2,Premium
0.03556203196343534,-0.43208533252552045,2.274220843743905,0.6996750564135367,1.07472641172537,-1.5625048080355781,0,Economy
0.5161300314693194,-1.0990050594681682,-0.09234919266104813,-1.1625248408877793,0.672489207870049,-1.5625048080355781,0,Economy
0.5161300314693194,-0.7212755244670306,0.7853657962289834,0.6996750564135367,0.7976296712917049,-1.4006081824134484,0,Economy
-1.4061419665542167,3.723514483286081,-1.2706047224939698,2.561874953714853,-1.9018288968040058,0.4612030122410416,3,Luxury
0.03556203196343534,0.06350501628875742,1.0929235275317914,0.6996750564135367,1.07472641172537,0.4612030122410416,2,Premium
-0.9255739670483327,-0.14404500218218727,-0.760681719031163,-0.04520490250698953,0.011032472641298852,0.4612030122410416,1,Mid-range
0.03556203196343534,-0.7471474104260126,-0.31316481377228655,-1.1625248408877793,0.9317087392434786,0.4612030122410416,1,Mid-range
0.03556203196343534,-0.9771197300614084,-0.09265035962928501,-0.7900848614275162,-0.08729217719000198,0.13740976099678243,1,Mid-range
0.5161300314693194,-0.3745922526166715,0.6553158760049586,0.6996750564135367,0.011032472641298852,-1.5625048080355781,0,Economy
-0.9255739670483327,0.4312307553857552,-0.951655995975393,-0.2314248922371213,-1.4370214612378567,0.5421513250521064,3,Luxury
-0.9255739670483327,1.1208027558124893,-0.7028318468181299,0.6996750564135367,-0.6593628671175696,0.4612030122410416,3,Luxury
0.5161300314693194,-0.5120007135988205,-0.07500197529060715,-0.2314248922371213,1.7004287288336473,-1.8862980592798373,0,Economy
-0.9255739670483327,0.3107252598968079,-1.1246635120716661,-0.04520490250698953,0.10935712247259968,0.4612030122410416,3,Luxury
5.321810026528159,-1.3858955282133243,1.1056930069850328,0.6996750564135367,-1.4370214612378567,2.9706007093840503,2,Premium
1.9578340299869714,-1.31069457969255,0.4360737364693083,-1.1625248408877793,0.7976296712917049,-1.8862980592798373,0,Economy
2.4384020294928552,-1.236413520450317,1.6632821367492074,-0.04520490250698953,1.07472641172537,-1.5625048080355781,0,Economy
0.5161300314693194,0.3624690318147719,0.9530917041794348,0.6996750564135367,-0.7308717033585154,1.3516344531627542,2,Premium
0.03556203196343534,-0.890880110198135,3.8969084686039066,-0.2314248922371213,2.4870259274840527,-1.8862980592798373,0,Economy
-0.9255739670483327,0.01762553852149596,0.11287458426604388,-0.2314248922371213,-0.7308717033585154,0.5421513250521064,2,Premium
-0.9255739670483327,0.43042585226703134,-0.8028881184369236,-1.1625248408877793,-0.7308717033585154,0.4612030122410416,3,Luxury
1.4772660304810874,-0.6039896414529787,0.8307576816816374,0.3272350769532736,1.888139423966131,-1.8862980592798373,0,Economy
-1.4061419665542167,0.31589963708860425,-0.8268050781001879,-0.04520490250698953,0.21662037683401889,0.4612030122410416,3,Luxury
0.5161300314693194,1.8055453375268804,0.7804326812892642,2.561874953714853,-0.7308717033585154,1.3516344531627542,2,Premium
1.4772660304810874,-0.26420553919168155,-0.166029691440187,0.6996750564135367,-0.9364596075512354,0.704047950674236,2,Premium
0.03556203196343534,-1.051860733942912,-0.21040664420988256,-0.7900848614275162,0.21662037683401889,0.4612030122410416,1,Mid-range
-0.9255739670483327,0.7165114178934637,-0.9892932622344747,-0.04520490250698953,-0.43589775386461344,0.4612030122410416,3,Luxury
-0.9255739670483327,-0.3745922526166715,-0.36061151842536776,-1.1625248408877793,-0.5878540308766232,0.4612030122410416,1,Mid-range
0.5161300314693194,-0.14370004370273418,2.9020515757484797,0.6996750564135367,-0.5878540308766232,0.704047950674236,2,Premium
0.03556203196343534,-0.25868620352043203,0.45228115269842206,-0.4176448819672531,0.32388363119543745,0.5421513250521064,2,Premium
0.03556203196343534,-0.8339619610883745,-0.6439063782899653,-0.7900848614275162,0.21662037683401889,0.4612030122410416,1,Mid-range
-0.44500596754244864,0.8682931488528248,-0.6038888173854975,0.3272350769532736,1.7004287288336473,0.299306386618912,3,Luxury
0.03556203196343534,-0.3975894845802111,0.7948886957646317,-0.4176448819672531,0.5473487444483937,-1.5625048080355781,0,Economy
-0.44500596754244864,0.7994164391220239,-0.47534322616781566,0.6996750564135367,1.2177440842072627,0.4612030122410416,3,Luxury
-0.44500596754244864,0.43031086610721364,-0.03969767743904559,-0.2314248922371213,-0.17667822249118445,0.5421513250521064,1,Mid-range
0.5161300314693194,-1.005866270015833,-0.08844606875269902,-1.1625248408877793,0.672489207870049,-1.5625048080355781,0,Economy
0.03556203196343534,-0.4901533432334579,0.5201039539453547,-0.4176448819672531,-0.08729217719000198,0.5421513250521064,2,Premium
-0.9255739670483327,-0.3050256259269643,0.0841819769635959,-1.1625248408877793,0.5473487444483937,0.4612030122410416,1,Mid-range
-1.4061419665542167,-0.14404500218218727,-1.278826580726835,-1.1625248408877793,0.10935712247259968,0.4612030122410416,1,Mid-range
0.5161300314693194,-0.7189758012706766,0.6333065939662116,-0.2314248922371213,1.7004287288336473,-1.8862980592798373,0,Economy
-0.44500596754244864,-0.20153808209103619,-0.8579984468353168,-1.1625248408877793,-0.08729217719000198,0.4612030122410416,1,Mid-range
0.03556203196343534,0.3853512776184938,-0.258533125734127,0.6996750564135367,-0.5074065901055592,0.13740976099678243,2,Premium
0.9966980309752034,-0.6321612506083147,1.4769825969535058,-0.4176448819672531,0.43114688555685665,-1.5625048080355781,0,Economy
-0.9255739670483327,2.061159570801623,-0.9310561753479942,0.6996750564135367,-1.9018288968040058,0.4612030122410416,3,Luxury
-1.4061419665542167,2.4372792995653123,-0.9181490195664163,0.6996750564135367,-2.0716623828762524,0.4612030122410416,3,Luxury
-0.9255739670483327,-0.14404500218218727,0.57551867610093,0.6996750564135367,-0.864950771310289,0.5421513250521064,2,Premium
-0.9255739670483327,-0.08620696379388522,-0.8146594445097229,-0.04520490250698953,1.5305952427614014,0.5421513250521064,1,Mid-range
-0.44500596754244864,-0.36251870583581325,-0.3108834739878927,-1.1625248408877793,0.43114688555685665,0.5421513250521064,1,Mid-range
1.4772660304810874,-1.3166738600030703,0.43710233749928623,-1.1625248408877793,0.672489207870049,-1.5625048080355781,0,Economy
0.03556203196343534,-0.6621726383207339,1.0076330421271236,-0.2314248922371213,1.2177440842072627,-1.5625048080355781,0,Economy
0.03556203196343534,-1.1136083017650158,-0.053679353939440254,-1.1625248408877793,1.2266826887373805,0.4612030122410416,1,Mid-range
0.03556203196343534,-0.14404500218218727,0.6479192152650626,0.3272350769532736,2.075850119098614,-1.8862980592798373,0,Economy
0.9966980309752034,-1.0921058898791063,1.026842018937574,-1.1625248408877793,0.5473487444483937,-1.5625048080355781,0,Economy
-0.9255739670483327,0.08431751121576073,-1.2777681939527457,-0.04520490250698953,-0.08729217719000198,0.4612030122410416,3,Luxury
0.03556203196343534,-0.22396038325548728,-0.4948889624063855,0.6996750564135367,-1.3833898340571478,0.4612030122410416,2,Premium
-1.4061419665542167,2.0406920343540724,-1.008499110037463,0.6996750564135367,-1.4370214612378567,0.4612030122410416,3,Luxury
-0.9255739670483327,1.0058165959947916,-0.7232767815761497,-0.2314248922371213,-1.526407506539039,0.4612030122410416,3,Luxury
0.03556203196343534,-0.5516709387359262,0.19743366417642305,-1.1625248408877793,0.43114688555685665,-1.5625048080355781,0,Economy
-0.9255739670483327,1.8107197147186767,-1.2021064467611349,0.6996750564135367,-1.329758206876438,0.4612030122410416,3,Luxury
0.5161300314693194,0.0807529402614121,0.24153053166565838,0.6996750564135367,0.672489207870049,-1.4006081824134484,0,Economy
-0.9255739670483327,0.8912903808163645,-1.2021064467611349,-0.2314248922371213,-1.0526614664427723,0.4612030122410416,3,Luxury
-1.4061419665542167,1.062734745104552,-0.8277989290953692,-0.2314248922371213,-1.0526614664427723,0.4612030122410416,3,Luxury
-0.9255739670483327,1.6721613921383507,-0.8056760640857444,0.6996750564135367,-2.1074168009967256,0.4612030122410416,3,Luxury
-0.9255739670483327,1.4653012906263123,-0.5746637899070594,0.6996750564135367,-1.705179597141404,0.4612030122410416,3,Luxury
-0.44500596754244864,0.4314607277053906,-0.9550344440012211,0.6996750564135367,-0.17667822249118445,0.4612030122410416,3,Luxury
-0.44500596754244864,-0.33952147387227366,-0.14791449830074194,-1.1625248408877793,-0.9990298392620627,0.4612030122410416,1,Mid-range
-0.9255739670483327,1.9261658191756454,-1.1246635120716661,0.6996750564135367,-2.009092151165425,0.4612030122410416,3,Luxury
0.03556203196343534,-0.2820283939634247,0.05600565589241068,0.14101508722314182,0.5741645580387488,-1.4006081824134484,0,Economy
0.5161300314693194,-0.6611377628823746,0.433705174097575,-0.04520490250698953,-0.9364596075512354,0.7849962634853007,2,Premium
0.03556203196343534,-0.4079382389638039,0.06949793606942073,-0.2314248922371213,-0.2660642677923669,0.13740976099678243,2,Premium
-0.44500596754244864,-0.030783634761754847,0.014241326572169364,0.6996750564135367,-0.43589775386461344,0.5421513250521064,2,Premium
0.5161300314693194,-0.7764688811795256,0.18412208418035517,-1.1625248408877793,0.9317087392434786,-1.8862980592798373,0,Economy
1.9578340299869714,-1.0634743360844996,2.4734543765774952,-0.04520490250698953,1.7004287288336473,-1.8862980592798373,0,Economy
-0.9255739670483327,1.5530357305672158,-0.593947080644737,0.6996750564135367,-0.2660642677923669,0.4612030122410416,3,Luxury
0.03556203196343534,-0.12162270101773617,-0.07458034153507556,-0.04520490250698953,2.075850119098614,0.3802546994299768,2,Premium
-0.44500596754244864,-0.8339619610883745,-0.06863229391239835,-0.9763048511576475,0.7976296712917049,0.4612030122410416,1,Mid-range
-0.9255739670483327,1.6905591777091824,-0.89233470800326,-0.4176448819672531,-1.2314335570451371,0.299306386618912,3,Luxury
-0.9255739670483327,0.3509704158330021,-0.89233470800326,0.6996750564135367,0.10935712247259968,0.4612030122410416,3,Luxury
0.5161300314693194,-0.3734423910184945,-0.6671383982197538,-0.2314248922371213,0.11829572700271807,0.13740976099678243,1,Mid-range
0.03556203196343534,-0.6495241607407871,0.9603498281139421,-0.2314248922371213,1.2177440842072627,0.4612030122410416,2,Premium
0.03556203196343534,-0.7528967184168975,-0.5398833074609668,-0.7900848614275162,0.43114688555685665,-1.5625048080355781,0,Economy
0.5161300314693194,-0.8339619610883745,0.9173130683529002,-0.7900848614275162,0.43114688555685665,0.4612030122410416,1,Mid-range
0.5161300314693194,-0.914452272960763,-1.1331822348875076,-0.6038648716973845,0.24343619042437337,-1.4006081824134484,0,Economy
0.03556203196343534,-0.8914550409972235,-0.2188694360173374,-0.7900848614275162,-0.08729217719000198,0.13740976099678243,1,Mid-range
-0.44500596754244864,-0.5344230147632716,-1.1690963958497487,-1.1625248408877793,0.43114688555685665,0.5421513250521064,1,Mid-range
0.03556203196343534,0.024064763471287044,0.40162486864098856,0.14101508722314182,0.20768177230390053,0.13740976099678243,2,Premium
-0.44500596754244864,-0.8000410439421537,0.9788414799636831,-1.1625248408877793,0.9317087392434786,0.4612030122410416,1,Mid-range
1.9578340299869714,-0.25857121736061434,0.8100814109776865,0.6996750564135367,-0.7308717033585154,1.3516344531627542,2,Premium
0.03556203196343534,-0.22396038325548728,-0.03283859973745193,0.6996750564135367,0.011032472641298852,0.4612030122410416,2,Premium
-0.44500596754244864,-0.43116544324697886,0.12550746298726354,-1.1625248408877793,-0.08729217719000198,0.4612030122410416,1,Mid-range
1.4772660304810874,-0.9834439688513817,1.068920520163317,-0.04520490250698953,1.07472641172537,-1.5625048080355781,0,Economy
-0.44500596754244864,-0.7666950575950213,-0.3612310619028835,-1.1625248408877793,0.9317087392434786,0.4612030122410416,1,Mid-range
0.5161300314693194,-0.834536891887463,-0.013690403896954813,-1.1625248408877793,0.43114688555685665,-1.5625048080355781,0,Economy
-0.44500596754244864,-0.36194377503672476,-0.08628444283817911,-1.1625248408877793,0.672489207870049,0.4612030122410416,1,Mid-range
1.9578340299869714,-0.8133794384810066,2.020758723275795,0.6996750564135367,0.672489207870049,-1.4006081824134484,0,Economy
0.9966980309752034,-0.6035296968137079,0.23291113303472047,-0.04520490250698953,2.4870259274840527,-1.8862980592798373,0,Economy
0.03556203196343534,-0.14461993298127573,0.01209551192348192,0.6996750564135367,1.2177440842072627,-1.5625048080355781,0,Economy
0.9966980309752034,-1.2939066003591662,1.5910701202846729,-1.1625248408877793,0.672489207870049,-1.5625048080355781,0,Economy
0.03556203196343534,-0.6609077905627392,-0.8361111374187057,-1.1625248408877793,0.9317087392434786,0.4612030122410416,1,Mid-range
-0.9255739670483327,0.22437065387371674,-0.9521980965182193,-0.2314248922371213,-1.2314335570451371,0.4612030122410416,3,Luxury
0.03556203196343534,-1.0064412008149213,0.3721707391474272,-1.1625248408877793,1.2177440842072627,0.4612030122410416,1,Mid-range
-0.9255739670483327,0.8932451455332653,-0.9427500584861042,0.6996750564135367,0.43114688555685665,0.4612030122410416,3,Luxury
0.03556203196343534,0.8908304361770937,-0.2326327664657601,0.6996750564135367,-1.3833898340571478,1.432582765973819,3,Luxury
0.03556203196343534,-0.22396038325548728,-0.9363395044479202,-1.1625248408877793,0.21662037683401889,0.4612030122410416,1,Mid-range
1.9578340299869714,-1.4203913761586338,0.20947570956792286,-0.7900848614275162,0.21662037683401889,-1.4006081824134484,0,Economy
0.03556203196343534,-0.039982527547170674,0.2429098763801829,0.6996750564135367,-0.08729217719000198,0.4612030122410416,2,Premium
-0.44500596754244864,-0.9655061279198209,0.10687275682761013,-1.1625248408877793,1.2177440842072627,0.4612030122410416,1,Mid-range
-0.9255739670483327,-0.6614827213618277,-0.9233118818790474,-1.1625248408877793,0.011032472641298852,0.5421513250521064,1,Mid-range
0.03556203196343534,0.29347733592415315,0.06088456077784721,0.6996750564135367,-0.2660642677923669,0.5421513250521064,2,Premium
0.03556203196343534,-0.22396038325548728,0.6379204719196001,0.6996750564135367,-0.9364596075512354,0.704047950674236,2,Premium
-0.9255739670483327,-1.0064412008149213,-0.46175199112981374,-1.1625248408877793,0.43114688555685665,0.4612030122410416,1,Mid-range
-0.9255739670483327,0.3843164021801345,-0.7414758712281749,0.6996750564135367,-1.3833898340571478,0.5421513250521064,3,Luxury
0.5161300314693194,-0.6841349948459142,0.06187841177302881,-0.2314248922371213,2.075850119098614,-1.8862980592798373,0,Economy
-0.44500596754244864,0.7763042209986666,-0.688592027202104,0.6996750564135367,-1.0526614664427723,0.4612030122410416,3,Luxury
0.5161300314693194,-0.10138513688982134,0.04312173299123953,0.6996750564135367,1.2177440842072627,-1.5625048080355781,0,Economy
-0.9255739670483327,0.8902555053780051,-0.7362871946039804,0.6996750564135367,-0.17667822249118445,0.4612030122410416,3,Luxury
-0.9255739670483327,2.0406920343540724,-1.0284019442526564,0.6996750564135367,-1.8571358741534145,0.4612030122410416,3,Luxury
0.03556203196343534,-0.22396038325548728,1.1798403145649383,0.6996750564135367,1.2177440842072627,0.4612030122410416,2,Premium
0.03556203196343534,-0.19003946610926642,0.39415592782871534,-0.2314248922371213,2.031157096448023,0.4612030122410416,2,Premium
-1.4061419665542167,0.48895380761423957,-0.9634144148924108,-0.2314248922371213,-0.864950771310289,0.4612030122410416,3,Luxury
0.5161300314693194,1.2932819955390362,0.5148034153043866,2.561874953714853,-1.1152316981536003,1.9182726428402077,2,Premium
0.5161300314693194,-1.1210824021531662,-0.36329104396562334,-1.1625248408877793,0.43114688555685665,-1.5625048080355781,0,Economy
0.9966980309752034,-0.6045645722520673,3.4515099013969404,0.6996750564135367,0.672489207870049,-1.4006081824134484,0,Economy
-0.9255739670483327,2.3862254446062545,-1.1246635120716661,0.6996750564135367,-1.705179597141404,0.4612030122410416,3,Luxury
1.4772660304810874,-1.0346128099702574,-0.3955189212366458,-0.6038648716973845,-0.2660642677923669,0.13740976099678243,1,Mid-range
0.5161300314693194,-0.8335020164491037,0.18412208418035517,-1.1625248408877793,0.672489207870049,-1.5625048080355781,0,Economy
0.5161300314693194,0.0002626283890235818,0.7988640997453578,0.6996750564135367,-1.0526614664427723,1.9992209556512726,2,Premium
0.03556203196343534,0.029009168343448053,1.3857782874452782,0.6996750564135367,1.07472641172537,0.4612030122410416,2,Premium
-0.9255739670483327,-0.8575341238510026,-1.038237196958219,-1.1625248408877793,0.10935712247259968,0.4612030122410416,1,Mid-range
-1.4061419665542167,3.707416420911603,-1.1572153589528063,2.561874953714853,-1.4370214612378567,0.4612030122410416,3,Luxury
-0.44500596754244864,-0.0986254690541966,-1.1277612294592447,-1.1625248408877793,-0.5878540308766232,0.4612030122410416,1,Mid-range
0.9966980309752034,-0.22396038325548728,0.48360799315811037,0.6996750564135367,1.2177440842072627,-1.5625048080355781,0,Economy
0.5161300314693194,-0.14347007138309878,-0.2728686734221997,0.6996750564135367,0.43114688555685665,0.13740976099678243,2,Premium
0.9966980309752034,1.0053566513555208,1.3611702082588,4.42407485101617,-2.1968028462979077,3.375342273439374,2,Premium
0.03556203196343534,-0.9489481209060724,1.4170996521419075,-0.7900848614275162,0.43114688555685665,-1.5625048080355781,0,Economy
0.03556203196343534,0.6037099951123021,-0.002601436126474648,2.561874953714853,-1.3833898340571478,1.3516344531627542,2,Premium
0.03556203196343534,-0.14461993298127573,0.32850152875308786,0.14101508722314182,0.5473487444483937,0.4612030122410416,2,Premium
0.03556203196343534,0.8911753946565467,-0.4740482082043973,0.6996750564135367,0.9317087392434786,0.4612030122410416,2,Premium
-0.9255739670483327,0.25679675094230753,-0.9852662296306224,-0.2314248922371213,-0.7308717033585154,0.4612030122410416,3,Luxury
1.4772660304810874,-1.0357626715684343,5.090131996758198,0.3272350769532736,1.369700361219272,-1.8862980592798373,0,Economy
-0.9255739670483327,-0.17854085012749663,-0.558091001883513,-1.1625248408877793,-0.17667822249118445,0.4612030122410416,1,Mid-range
-0.9255739670483327,-0.4890034816352809,-0.6689118414241428,-0.2314248922371213,-0.6593628671175696,0.4612030122410416,1,Mid-range
-0.9255739670483327,0.1727418681155704,-0.5825629692453851,-0.04520490250698953,0.21662037683401889,0.4612030122410416,1,Mid-range
1.9578340299869714,-1.1794953713405567,0.25042515057218495,-0.7900848614275162,-0.08729217719000198,-1.4006081824134484,0,Economy
-0.9255739670483327,0.24690794119798554,-0.4611324476522981,-0.2314248922371213,-0.08729217719000198,0.4612030122410416,1,Mid-range
-0.44500596754244864,-0.5689188627085809,-0.628960967491213,-1.1625248408877793,0.9317087392434786,0.4612030122410416,1,Mid-range
-0.9255739670483327,1.2110668912693823,-0.9106886835246639,1.2583350256039312,-1.8571358741534145,0.4612030122410416,3,Luxury
-0.44500596754244864,0.20148840806999488,-0.5286723670683511,-0.2314248922371213,-1.4370214612378567,0.4612030122410416,3,Luxury
0.5161300314693194,-0.4890034816352809,0.9022426732623295,-0.4176448819672531,-0.17667822249118445,-1.4006081824134484,0,Economy
2.9189700289987393,-1.236413520450317,1.5032334050576388,-0.04520490250698953,-0.6593628671175696,0.4612030122410416,2,Premium
0.03556203196343534,0.22805021098788308,-1.0762616778907481,-1.1625248408877793,-0.8023805395994617,0.4612030122410416,1,Mid-range
0.5161300314693194,-0.14347007138309878,0.08258665250899264,0.6996750564135367,-0.43589775386461344,0.4612030122410416,2,Premium
0.03556203196343534,-0.14370004370273418,1.5129912148285118,0.6996750564135367,0.10935712247259968,0.13740976099678243,2,Premium
-0.9255739670483327,0.6556837393499015,0.0841819769635959,-0.04520490250698953,-0.346511708563431,0.4612030122410416,3,Luxury
-1.4061419665542167,1.8112946455177652,-1.2777423796411824,0.6996750564135367,-0.346511708563431,0.4612030122410416,3,Luxury
0.5161300314693194,-0.09747560745601962,-0.9221424935652365,-0.2314248922371213,1.2177440842072627,0.4612030122410416,1,Mid-range
2.4384020294928552,-1.1783455097423796,1.1889441617762118,-1.1625248408877793,0.011032472641298852,-1.4006081824134484,0,Economy
0.9966980309752034,-0.26432052535149925,0.6522998257121433,0.6996750564135367,1.2177440842072627,-1.5625048080355781,0,Economy
-0.9255739670483327,0.44364926064606663,-0.8347171645942953,-0.2314248922371213,-0.864950771310289,0.4612030122410416,3,Luxury
1.9578340299869714,-0.8344219057276453,1.7768551790457245,0.6996750564135367,1.07472641172537,-1.5625048080355781,0,Economy
-0.9255739670483327,-0.40908810056198086,-1.2788523950383983,-0.2314248922371213,-0.7308717033585154,0.4612030122410416,3,Luxury
-0.9255739670483327,-0.029058842364489378,-1.075100033870406,-1.1625248408877793,-0.9364596075512354,0.4612030122410416,1,Mid-range
2.4384020294928552,-1.0070161316140098,1.6245606694044732,0.6996750564135367,0.672489207870049,-1.4006081824134484,0,Economy
0.03556203196343534,0.3107252598968079,0.27700197718459113,-0.4176448819672531,-0.5878540308766232,0.4612030122410416,2,Premium
-0.44500596754244864,5.11714674027658,0.5422472552849671,4.42407485101617,-1.6157935518402216,0.5421513250521064,3,Luxury
-1.4061419665542167,1.058135298711844,-1.2790072809077773,0.6996750564135367,-0.5074065901055592,0.4612030122410416,3,Luxury
0.5161300314693194,0.6027901058337605,1.1382732496088925,0.6996750564135367,-1.285065184225847,1.3516344531627542,2,Premium
-0.9255739670483327,-0.05608058992164838,0.0841819769635959,-0.2314248922371213,1.7004287288336473,0.4612030122410416,1,Mid-range
-0.9255739670483327,0.8339122870673332,-1.1633849794164004,-1.1625248408877793,-0.43589775386461344,0.4612030122410416,3,Luxury
-0.9255739670483327,1.2352139848310988,-0.9697776426927286,0.6996750564135367,-0.7308717033585154,0.4612030122410416,3,Luxury
-1.4061419665542167,2.09876004506201,-0.7950921963448505,0.6996750564135367,-1.526407506539039,0.4612030122410416,3,Luxury
0.03556203196343534,-0.6045645722520673,1.3878864562229358,-0.4176448819672531,0.10935712247259968,-1.4006081824134484,0,Economy
0.03556203196343534,-0.22396038325548728,-0.4645915654017611,-0.2314248922371213,1.7004287288336473,0.5421513250521064,1,Mid-range
-0.44500596754244864,-0.8690327398327724,-0.4192358199852956,-0.7900848614275162,-0.5878540308766232,0.4612030122410416,1,Mid-range
-1.4061419665542167,2.5012116044239523,-1.09884920050851,0.6996750564135367,-2.1968028462979077,0.4612030122410416,3,Luxury
0.03556203196343534,-0.8336170026089215,-0.315393449337239,-1.1625248408877793,1.07472641172537,0.4612030122410416,1,Mid-range
-0.9255739670483327,0.8914053669761821,-1.2718050879816567,-0.04520490250698953,-0.2660642677923669,0.4612030122410416,3,Luxury
-0.44500596754244864,-0.7304744172524464,-0.9407365421841779,-0.7900848614275162,-0.8023805395994617,0.4612030122410416,1,Mid-range
0.03556203196343534,-0.22396038325548728,0.672012572724008,-1.1625248408877793,1.07472641172537,0.4612030122410416,1,Mid-range
0.03556203196343534,0.31589963708860425,-0.20335933715314092,-0.4176448819672531,-0.5074065901055592,0.4612030122410416,2,Premium
2.4384020294928552,-1.0639342807237704,2.3485359443489715,0.6996750564135367,0.43114688555685665,0.13740976099678243,2,Premium
0.03556203196343534,-0.43151040172643196,0.8396421072446236,-0.4176448819672531,-0.08729217719000198,0.4612030122410416,2,Premium
-0.44500596754244864,-0.028483911565400886,0.18751021257301942,-1.1625248408877793,0.43114688555685665,0.5421513250521064,1,Mid-range
0.03556203196343534,-0.546036616904859,0.5819636492211979,0.6996750564135367,1.369700361219272,0.4612030122410416,2,Premium
-0.9255739670483327,0.31532470628951575,-0.9852662296306224,-0.2314248922371213,-0.5074065901055592,0.4612030122410416,3,Luxury
3.3995380285046233,-1.5468761519581014,1.092140493414376,-1.1625248408877793,0.672489207870049,-1.5625048080355781,0,Economy
-1.4061419665542167,0.4312307553857552,0.3114705366992956,-0.2314248922371213,1.7004287288336473,0.4612030122410416,1,Mid-range
0.03556203196343534,-0.9368745741252141,-0.6906474917603203,-0.7900848614275162,0.21662037683401889,0.4612030122410416,1,Mid-range
-0.9255739670483327,-0.22396038325548728,-0.8175248330932332,0.6996750564135367,-0.2660642677923669,0.4612030122410416,3,Luxury
-0.9255739670483327,0.5452970259249116,-0.89233470800326,0.6996750564135367,-0.17667822249118445,0.4612030122410416,3,Luxury
1.9578340299869714,-0.8575341238510026,2.0006176031077114,0.6996750564135367,-0.2660642677923669,0.7849962634853007,2,Premium
-0.44500596754244864,1.3502001446487968,-0.03766480040344704,2.561874953714853,0.43114688555685665,0.4612030122410416,3,Luxury
-0.9255739670483327,1.2874177013883337,-1.1633849794164004,0.6996750564135367,-0.346511708563431,0.4612030122410416,3,Luxury
0.03556203196343534,0.31532470628951575,0.8103686779320044,0.6996750564135367,0.011032472641298852,0.4612030122410416,2,Premium
-0.9255739670483327,0.12076812387797096,-0.9137089579775532,-0.2314248922371213,-0.7308717033585154,0.4612030122410416,3,Luxury
-0.9255739670483327,0.6211878914045922,-1.0859420447269317,0.6996750564135367,0.672489207870049,0.4612030122410416,3,Luxury
0.5161300314693194,-0.6039896414529787,2.218571211353105,0.6996750564135367,0.672489207870049,-1.4006081824134484,0,Economy
0.5161300314693194,-0.6180179529507379,1.8045690267966743,-0.2314248922371213,0.11829572700271807,0.13740976099678243,2,Premium
0.5161300314693194,1.5810923535627341,0.14959027960232116,2.561874953714853,-1.9018288968040058,3.051549022195115,3,Luxury
-0.9255739670483327,1.2242902996484175,-1.2786200662343299,0.6996750564135367,-1.6157935518402216,0.4612030122410416,3,Luxury
0.03556203196343534,0.1779162453073668,0.7563393238303188,0.6996750564135367,-0.5074065901055592,0.4612030122410416,2,Premium
-0.9255739670483327,-0.5120007135988205,0.0841819769635959,-0.2314248922371213,-0.6593628671175696,0.4612030122410416,1,Mid-range
-0.9255739670483327,1.3742322520506955,-1.1245860691369767,0.6996750564135367,-1.2314335570451371,0.4612030122410416,3,Luxury
0.5161300314693194,0.3739676477965417,-0.324937430560664,0.6996750564135367,-0.2660642677923669,0.5421513250521064,2,Premium
0.03556203196343534,-0.6851698702842735,-0.026152693042594134,-1.1625248408877793,0.9317087392434786,0.4612030122410416,1,Mid-range
0.9966980309752034,-0.7643953343986674,1.3318967789461809,0.6996750564135367,0.43114688555685665,0.13740976099678243,2,Premium
1.4772660304810874,-0.9023787261799048,-0.7415597677407553,-1.1625248408877793,0.011032472641298852,-1.4006081824134484,0,Economy
-0.44500596754244864,0.5694441194866281,0.5182593062649041,0.6996750564135367,-0.6593628671175696,0.4612030122410416,2,Premium
-0.9255739670483327,0.3682183398056568,-0.9748114334475442,0.6996750564135367,-0.2660642677923669,0.5421513250521064,3,Luxury
-0.44500596754244864,0.43031086610721364,-0.70356755469768,0.6996750564135367,0.7976296712917049,0.4612030122410416,3,Luxury
1.4772660304810874,-0.22396038325548728,1.1818581332521254,-1.1625248408877793,0.9317087392434786,-1.8862980592798373,0,Economy
0.5161300314693194,-0.25857121736061434,-0.7318109929789292,-0.4176448819672531,0.20768177230390053,-1.4006081824134484,0,Economy
0.03556203196343534,-0.37919169900937943,-0.12120098821813573,-0.4176448819672531,0.011032472641298852,-1.4006081824134484,0,Economy
0.9966980309752034,-0.02963377316357787,0.7804326812892642,0.6996750564135367,1.07472641172537,-1.5625048080355781,0,Economy
-1.4061419665542167,2.950117572352245,-1.2704240223130276,0.6996750564135367,-1.1152316981536003,0.4612030122410416,3,Luxury
-0.9255739670483327,-0.22396038325548728,-0.909681925373701,-0.2314248922371213,-1.285065184225847,0.4612030122410416,3,Luxury
0.03556203196343534,-0.31698418654800486,-0.3331623004632116,-1.1625248408877793,0.7976296712917049,-1.5625048080355781,0,Economy
-0.9255739670483327,1.7744990743761018,-1.1052253354646095,1.0721150358738003,-1.285065184225847,0.4612030122410416,3,Luxury
-0.44500596754244864,-0.16761716494481532,1.3700347841806981,1.6307750050641947,-1.5711005291896303,0.4612030122410416,2,Premium
-0.9255739670483327,1.229809635319667,-0.8175248330932332,0.6996750564135367,-1.1152316981536003,0.4612030122410416,3,Luxury
-0.44500596754244864,-0.05148114352894046,-0.09777019808931095,-0.2314248922371213,0.32388363119543745,0.5421513250521064,1,Mid-range
-0.44500596754244864,2.3804761366153695,-1.1341309108374535,2.561874953714853,-0.43589775386461344,0.5421513250521064,3,Luxury
1.4772660304810874,-0.20211301289012468,1.5213034231518485,2.561874953714853,-0.346511708563431,0.4612030122410416,2,Premium
0.03556203196343534,-0.22396038325548728,-0.18203671580197367,0.6996750564135367,-0.08729217719000198,0.5421513250521064,2,Premium
0.9966980309752034,-1.1553482777788402,-0.019954129259974814,-0.7900848614275162,0.20768177230390053,-1.4006081824134484,0,Economy
1.4772660304810874,-1.0707184641530145,1.9391725915804399,-0.2314248922371213,1.7004287288336473,-1.8862980592798373,0,Economy
-0.44500596754244864,-1.0185147475957796,1.4984448502626735,-1.1625248408877793,0.7976296712917049,0.4612030122410416,1,Mid-range
-0.9255739670483327,0.14376535584151054,-0.8545425558747992,-0.2314248922371213,-0.7308717033585154,0.4612030122410416,3,Luxury
0.03556203196343534,-0.8920299717963119,-0.07662827691908598,-0.7900848614275162,0.21662037683401889,-1.4006081824134484,0,Economy
0.9966980309752034,-0.9949425848331516,-0.2643429103395682,-1.1625248408877793,1.0479105981350156,-1.8862980592798373,0,Economy
0.5161300314693194,-0.9196266501525595,0.22716486728076193,-0.7900848614275162,0.32388363119543745,-1.5625048080355781,0,Economy
-0.44500596754244864,-0.7356487944442428,-0.8872718761479359,-0.9763048511576475,0.7976296712917049,0.4612030122410416,1,Mid-range
1.4772660304810874,-0.7195507320697652,2.1989291016847,0.6996750564135367,0.672489207870049,-1.4006081824134484,0,Economy
-0.9255739670483327,1.098150482328403,-1.032816191529956,0.6996750564135367,-1.3833898340571478,0.4612030122410416,3,Luxury
0.03556203196343534,0.42916100450903666,-0.2188694360173374,0.6996750564135367,1.07472641172537,0.4612030122410416,2,Premium
0.03556203196343534,0.7763042209986666,0.00944524260299799,0.6996750564135367,-0.43589775386461344,0.4612030122410416,2,Premium
0.9966980309752034,-0.9909180692395322,-0.3625123904586548,-1.1625248408877793,0.9317087392434786,-1.8862980592798373,0,Economy
1.4772660304810874,-0.9627464600841962,1.8827037850360355,0.6996750564135367,0.5473487444483937,-1.4006081824134484,0,Economy
0.5161300314693194,2.0406920343540724,-0.006805727003060896,2.561874953714853,-1.1688633253343093,1.9182726428402077,3,Luxury
0.03556203196343534,-0.6164081467132901,-0.29521526246537205,-1.1625248408877793,0.5473487444483937,0.4612030122410416,1,Mid-range
0.5161300314693194,-0.5690338488683986,-0.324937430560664,-0.4176448819672531,0.20768177230390053,-1.4006081824134484,0,Economy
0.5161300314693194,-0.7186308427912236,-0.3809635216617602,-0.7900848614275162,-0.2660642677923669,0.13740976099678243,1,Mid-range
-0.9255739670483327,-0.7769288258187964,-1.2787749521037088,-1.1625248408877793,-0.5074065901055592,0.4612030122410416,1,Mid-range
-0.44500596754244864,-0.12173768717755387,0.9616297877289487,-0.04520490250698953,0.5473487444483937,0.5421513250521064,2,Premium
0.03556203196343534,-0.08655192227333831,-0.2129966801367194,0.3272350769532736,2.075850119098614,-1.8862980592798373,0,Economy
-0.44500596754244864,0.3732777308376355,-0.7219989731537735,0.6996750564135367,-1.2314335570451371,0.4612030122410416,3,Luxury
-0.44500596754244864,-0.20153808209103619,0.7844984353604614,0.3272350769532736,1.2088054796771437,0.299306386618912,2,Premium
0.5161300314693194,-0.07505330629156853,1.5829583248892904,0.6996750564135367,0.43114688555685665,-1.4006081824134484,0,Economy
-0.9255739670483327,0.4313457415455729,-0.48335856990817566,0.6996750564135367,-0.346511708563431,0.4612030122410416,3,Luxury
1.9578340299869714,-0.5182099662289762,1.0973529986338595,0.6996750564135367,0.43114688555685665,0.13740976099678243,2,Premium
-0.9255739670483327,1.5807473950832809,-1.0472205773821974,0.6996750564135367,-1.285065184225847,0.4612030122410416,3,Luxury
1.4772660304810874,-1.0633593499246818,-0.37388007456883005,-1.1625248408877793,0.43114688555685665,-1.5625048080355781,0,Economy
0.03556203196343534,-0.029058842364489378,-0.2700377039207735,-0.4176448819672531,1.369700361219272,0.4612030122410416,1,Mid-range
0.03556203196343534,-0.948373190106984,-0.020611220827037115,-0.7900848614275162,-0.08729217719000198,0.4612030122410416,1,Mid-range
0.5161300314693194,-0.05378086672529442,1.6024739444310365,0.6996750564135367,0.10935712247259968,0.13740976099678243,2,Premium
-1.4061419665542167,-0.08597699147424982,-1.1891992909795568,-1.1625248408877793,-0.6593628671175696,0.4612030122410416,1,Mid-range
-0.9255739670483327,0.5462169152034532,-0.6257761268021086,0.3272350769532736,2.7104910407370086,0.299306386618912,3,Luxury
-0.44500596754244864,0.08535238665412001,-0.28465936022867133,-0.4176448819672531,0.10935712247259968,0.4612030122410416,1,Mid-range
0.03556203196343534,0.43088579690630213,-0.1724596062120429,-0.4176448819672531,-0.5074065901055592,0.4612030122410416,2,Premium
-0.9255739670483327,2.902513302187718,-0.9055000069004696,2.561874953714853,-1.0526614664427723,0.4612030122410416,3,Luxury
0.03556203196343534,-0.4081682112834393,-0.1577626581620862,0.14101508722314182,0.5741645580387488,-1.4006081824134484,0,Economy
-0.9255739670483327,1.3226034662925492,-1.2408279141058691,0.6996750564135367,-0.5074065901055592,0.4612030122410416,3,Luxury
-0.9255739670483327,1.2048576386392267,-0.7799650097688409,0.6996750564135367,-1.5711005291896303,0.4612030122410416,3,Luxury
-0.9255739670483327,-0.028483911565400886,-1.0369981100031875,-0.2314248922371213,2.2724994187612153,0.4612030122410416,1,Mid-range
1.4772660304810874,-0.9541224980978689,1.3642297908679335,0.6996750564135367,0.5473487444483937,-1.4006081824134484,0,Economy
-0.9255739670483327,0.028894182183630355,-0.515807159543063,-1.1625248408877793,0.43114688555685665,0.4612030122410416,1,Mid-range
0.9966980309752034,-1.0639342807237704,0.8062563798748072,-1.1625248408877793,1.2266826887373805,-1.8862980592798373,0,Economy
4.841242027022275,-1.701532536912905,1.7733326228868735,-0.7900848614275162,-0.7308717033585154,0.4612030122410416,2,Premium
-1.4061419665542167,2.154988277212864,-1.2705143724034988,0.6996750564135367,-0.43589775386461344,0.4612030122410416,3,Luxury
-0.9255739670483327,0.06120529309240346,0.0841819769635959,-1.1625248408877793,0.32388363119543745,0.4612030122410416,1,Mid-range
-0.44500596754244864,-0.1952138433010628,-0.9925071440240877,-1.1625248408877793,-0.17667822249118445,0.4612030122410416,1,Mid-range
0.03556203196343534,-1.0064412008149213,-0.6539653550290753,-1.1625248408877793,0.43114688555685665,-1.5625048080355781,0,Economy
0.03556203196343534,-0.971945352869612,-0.8789973136956292,-1.1625248408877793,0.43114688555685665,0.5421513250521064,1,Mid-range
0.03556203196343534,0.3808668173856036,-0.6675781019933796,-0.4176448819672531,-0.43589775386461344,0.13740976099678243,2,Premium
-0.9255739670483327,0.9707458172503937,-0.23468930662029155,0.6996750564135367,-1.2314335570451371,0.4612030122410416,3,Luxury
0.03556203196343534,-0.5459216307450413,0.36771346801752225,-0.2314248922371213,-0.8023805395994617,0.4612030122410416,2,Premium
0.5161300314693194,-0.7290945833346341,-0.2214233319079856,-1.1625248408877793,0.9317087392434786,-1.8862980592798373,0,Economy
1.9578340299869714,-1.1266017378244157,0.3851162854436379,-1.1625248408877793,0.9317087392434786,-1.8862980592798373,0,Economy
0.03556203196343534,-0.7764688811795256,0.7092970433917267,-0.7900848614275162,0.43114688555685665,-1.5625048080355781,0,Economy
0.03556203196343534,-0.2816834354839716,0.5428721767440585,0.6996750564135367,-0.6593628671175696,1.3516344531627542,2,Premium
0.5161300314693194,-1.097855197869991,0.838057968991698,-0.7900848614275162,-0.6593628671175696,0.5421513250521064,2,Premium
0.5161300314693194,-0.6841349948459142,-0.4387514395270417,-0.2314248922371213,1.7004287288336473,-1.8862980592798373,0,Economy
-0.9255739670483327,-0.22396038325548728,-1.1633849794164004,2.561874953714853,-1.8571358741534145,0.4612030122410416,3,Luxury
0.03556203196343534,-0.8681128505542308,0.40831077533584637,-0.04520490250698953,2.066911514568496,-1.8862980592798373,0,Economy
2.9189700289987393,-1.2369884512494056,1.4532517350090557,0.14101508722314182,-0.5878540308766232,0.4612030122410416,2,Premium
-0.9255739670483327,1.2352139848310988,-0.4069998363043593,0.6996750564135367,-0.43589775386461344,0.4612030122410416,3,Luxury
0.03556203196343534,-0.07309854157466766,0.19141032481168624,0.6996750564135367,1.07472641172537,0.4612030122410416,2,Premium
0.03556203196343534,-0.374017321817583,0.7824806166732747,-0.7900848614275162,-0.346511708563431,0.13740976099678243,2,Premium
0.03556203196343534,-0.22396038325548728,-0.9761537776488284,-1.1625248408877793,0.9317087392434786,0.4612030122410416,1,Mid-range
0.03556203196343534,-0.7196657182295828,0.6392456065798421,-1.1625248408877793,0.43114688555685665,0.4612030122410416,1,Mid-range
0.03556203196343534,-0.4890034816352809,2.116529819175105,-0.7900848614275162,-0.6593628671175696,0.4612030122410416,2,Premium
0.03556203196343534,-0.6045645722520673,1.1184624864382742,-0.7900848614275162,0.43114688555685665,-1.5625048080355781,0,Economy
0.03556203196343534,-1.1210824021531662,0.8961410304858513,-1.1625248408877793,1.2266826887373805,-1.8862980592798373,0,Economy
-0.9255739670483327,0.4602072676598151,-0.8312322325332692,-0.04520490250698953,-0.2660642677923669,0.4612030122410416,3,Luxury
-0.9255739670483327,0.4878039460160626,-0.7486780641542954,0.6996750564135367,0.672489207870049,0.4612030122410416,3,Luxury
-0.9255739670483327,-0.22396038325548728,-1.1246635120716661,0.6996750564135367,-1.1688633253343093,0.4612030122410416,3,Luxury
-0.9255739670483327,0.8108000689439759,-1.2783877374302615,0.6996750564135367,-1.1688633253343093,0.4612030122410416,3,Luxury
0.9966980309752034,-0.43151040172643196,1.0416265791964725,0.3272350769532736,1.5305952427614014,-1.8862980592798373,0,Economy
-0.44500596754244864,-0.05148114352894046,-0.23566702367074618,-0.4176448819672531,0.011032472641298852,0.4612030122410416,1,Mid-range
-0.9255739670483327,1.2331442339543803,-1.270023900483799,0.6996750564135367,-1.481714483888448,0.4612030122410416,3,Luxury
-0.9255739670483327,0.19918868487364091,-0.8250367977581116,-0.2314248922371213,1.369700361219272,0.4612030122410416,1,Mid-range
-0.9255739670483327,0.31647456788769274,-0.9814715258308384,-0.2314248922371213,-0.346511708563431,0.4612030122410416,3,Luxury
-0.9255739670483327,3.880930536076509,-1.1660180391958423,2.561874953714853,-1.9018288968040058,0.4612030122410416,3,Luxury
-0.44500596754244864,1.6957335549009789,0.3743993747123798,0.6996750564135367,-1.329758206876438,0.4612030122410416,3,Luxury
0.5161300314693194,-0.6264119426174298,-0.24793204845219077,-1.1625248408877793,0.672489207870049,-1.5625048080355781,0,Economy
0.03556203196343534,0.08523740049430231,-0.41086337826831193,-0.2314248922371213,-0.864950771310289,0.704047950674236,2,Premium
0.03556203196343534,-0.22396038325548728,-0.5454247796765244,0.6996750564135367,-0.43589775386461344,0.704047950674236,2,Premium
0.5161300314693194,-0.3966695953016695,-0.1886804591212783,-0.4176448819672531,0.10935712247259968,-1.4006081824134484,0,Economy
0.9966980309752034,0.0862722759326616,2.33340289088397,0.6996750564135367,-0.08729217719000198,0.4612030122410416,2,Premium
0.5161300314693194,-0.6614827213618277,1.437566959303282,-0.04520490250698953,0.32388363119543745,-1.5625048080355781,0,Economy
0.03556203196343534,-0.33894654307318517,-0.09572226270530053,-0.7900848614275162,-0.346511708563431,0.13740976099678243,1,Mid-range
0.5161300314693194,-0.22396038325548728,0.3467522470282395,-0.04520490250698953,2.066911514568496,-1.8862980592798373,0,Economy
0.5161300314693194,-0.6643573753572701,2.840414744029132,0.6996750564135367,0.672489207870049,-1.4006081824134484,0,Economy
-0.9255739670483327,-0.22396038325548728,-0.5961154828160421,-0.04520490250698953,-0.2660642677923669,0.4612030122410416,1,Mid-range
-0.9255739670483327,0.8106850827841583,-0.1007904725421999,0.6996750564135367,0.672489207870049,0.4612030122410416,3,Luxury
-1.4061419665542167,2.1418798549936464,0.3114705366992956,0.6996750564135367,-0.2660642677923669,0.4612030122410416,3,Luxury
-0.9255739670483327,1.6803254094854072,-1.2021064467611349,0.6996750564135367,-0.6593628671175696,0.4612030122410416,3,Luxury
-0.9255739670483327,0.8051657471129088,-0.5104635970494897,0.6996750564135367,-1.481714483888448,0.4612030122410416,3,Luxury
0.03556203196343534,-0.2778888922099876,-0.06813536841480766,-0.2314248922371213,-0.17667822249118445,0.5421513250521064,2,Premium
-0.44500596754244864,-0.6609077905627392,-0.14113824151541343,-0.2314248922371213,-0.7308717033585154,0.4612030122410416,1,Mid-range
0.5161300314693194,-0.7356487944442428,2.0092661917678782,-0.2314248922371213,2.075850119098614,-1.8862980592798373,0,Economy
0.5161300314693194,-1.1668468937606098,0.4142437646101115,-1.1625248408877793,1.2266826887373805,-1.8862980592798373,0,Economy
-0.44500596754244864,-0.9834439688513817,-0.4560308943296294,-1.1625248408877793,0.43114688555685665,0.4612030122410416,1,Mid-range
0.5161300314693194,-0.7531266907365329,2.1195836522330262,-0.2314248922371213,1.2177440842072627,-1.5625048080355781,0,Economy
-0.9255739670483327,1.0466366827300744,0.0841819769635959,0.6996750564135367,-0.5074065901055592,0.5421513250521064,3,Luxury
-0.9255739670483327,1.0512361291227823,-1.2182145771765442,-0.2314248922371213,-1.285065184225847,0.4612030122410416,3,Luxury
0.03556203196343534,-0.6436598665900846,0.17677361015537665,-1.1625248408877793,-0.2660642677923669,0.4612030122410416,1,Mid-range
-0.9255739670483327,0.6326865073863619,-1.1211011370759505,-0.2314248922371213,-1.0526614664427723,0.4612030122410416,3,Luxury
0.9966980309752034,-0.6617126936814631,-0.41172033518702206,-0.2314248922371213,2.031157096448023,-1.8862980592798373,0,Economy
-0.9255739670483327,0.027744320585453376,-0.8513673955525309,-1.1625248408877793,-0.346511708563431,0.4612030122410416,1,Mid-range
0.03556203196343534,-0.33319723508230026,-0.6135487478916936,-0.2314248922371213,1.8792008194360121,0.299306386618912,1,Mid-range
-0.9255739670483327,-0.22396038325548728,-0.34218009996927423,-1.1625248408877793,-0.5878540308766232,0.5421513250521064,1,Mid-range
0.9966980309752034,-0.22396038325548728,0.6763000951990887,2.561874953714853,-1.5711005291896303,1.9182726428402077,2,Premium
-0.44500596754244864,-0.2815684493241539,-0.3253169009406424,-1.1625248408877793,0.21662037683401889,0.4612030122410416,1,Mid-range
0.5161300314693194,-0.8363766704445462,0.5093824098761238,-1.1625248408877793,0.9317087392434786,-1.8862980592798373,0,Economy
0.03556203196343534,-0.41713713174921974,0.1557521557724464,-1.1625248408877793,-0.346511708563431,0.13740976099678243,1,Mid-range
-0.44500596754244864,-0.6494091745809695,0.5466518221954306,-1.1625248408877793,0.10935712247259968,0.4612030122410416,1,Mid-range
1.4772660304810874,-1.006901145454192,0.2699546701278495,-0.2314248922371213,1.888139423966131,-1.8862980592798373,0,Economy
-0.9255739670483327,-0.08609197763406752,-0.6524164963352859,-1.1625248408877793,0.43114688555685665,0.4612030122410416,1,Mid-range
-0.44500596754244864,-0.2010781374517654,-0.8405834668970225,-1.1625248408877793,-0.08729217719000198,0.4612030122410416,1,Mid-range
0.03556203196343534,-1.0980851701896266,2.2144693172457193,-1.1625248408877793,1.2177440842072627,0.4612030122410416,1,Mid-range
1.4772660304810874,-0.14358505754291648,0.8854646614618562,0.6996750564135367,-0.43589775386461344,0.704047950674236,2,Premium
0.03556203196343534,-0.05723045151982536,0.13744120410364752,-0.4176448819672531,0.43114688555685665,-1.5625048080355781,0,Economy
-0.9255739670483327,1.5180799379826355,-0.5324573905012988,0.6996750564135367,-0.43589775386461344,0.5421513250521064,3,Luxury
-0.9255739670483327,0.5004524235960094,-1.0472205773821974,-1.1625248408877793,-0.7308717033585154,0.4612030122410416,3,Luxury
0.9966980309752034,-0.8914550409972235,1.2584667963269849,0.6996750564135367,0.5473487444483937,-1.4006081824134484,0,Economy
0.03556203196343534,0.027974292905088773,0.45179928554924326,-0.2314248922371213,-1.0526614664427723,0.4612030122410416,2,Premium
-0.9255739670483327,-0.4885435369960101,-0.9703197432355549,-1.1625248408877793,0.43114688555685665,0.4612030122410416,1,Mid-range
-0.44500596754244864,-0.3859758824386236,-1.0227970118545062,-1.1625248408877793,-0.864950771310289,0.5421513250521064,1,Mid-range
-0.44500596754244864,0.14342039736205744,-1.0364172879930165,-0.04520490250698953,0.011032472641298852,0.4612030122410416,1,Mid-range
0.5161300314693194,-1.179380385180739,1.80055748277976,-0.2314248922371213,1.2177440842072627,-1.5625048080355781,0,Economy
2.4384020294928552,-1.3463402892360363,-0.057267543246718774,-1.1625248408877793,1.2177440842072627,-1.8862980592798373,0,Economy
-0.9255739670483327,-0.22396038325548728,-1.0601535474753385,-1.1625248408877793,-0.864950771310289,0.4612030122410416,1,Mid-range
0.03556203196343534,-0.6045645722520673,-0.6514957858895333,-1.1625248408877793,0.9317087392434786,0.4612030122410416,1,Mid-range
-1.4061419665542167,-0.028598897725218585,-1.0977649994228573,-1.1625248408877793,0.43114688555685665,0.4612030122410416,1,Mid-range
-0.44500596754244864,-0.7990061685037944,-1.1170547437384257,-0.9763048511576475,0.7976296712917049,0.4612030122410416,1,Mid-range
0.03556203196343534,-1.029438432778461,-0.6470987481532756,-1.1625248408877793,0.43114688555685665,0.4612030122410416,1,Mid-range
-0.9255739670483327,0.8902555053780051,-1.2787749521037088,-0.2314248922371213,-1.2314335570451371,0.4612030122410416,3,Luxury
-1.4061419665542167,2.7254346160684633,-1.2786458805458931,0.6996750564135367,-0.5878540308766232,0.4612030122410416,3,Luxury
0.03556203196343534,-0.10954915423687789,-0.40670727410664376,0.14101508722314182,0.5741645580387488,-1.4006081824134484,0,Economy
-0.9255739670483327,0.31647456788769274,-0.1621252768162595,0.6996750564135367,-0.6593628671175696,0.4612030122410416,3,Luxury
0.03556203196343534,-0.6620576521609162,-0.6495080838991703,-1.1625248408877793,0.5473487444483937,0.4612030122410416,1,Mid-range
0.03556203196343534,-0.18233539340148064,-0.3485218158432896,0.3272350769532736,-0.7398103078886337,0.4612030122410416,2,Premium
0.03556203196343534,-0.8460355078692328,-0.08632585329631133,-0.7900848614275162,0.43114688555685665,-1.5625048080355781,0,Economy
-0.44500596754244864,-0.9495230517051609,-0.5836955721652186,-1.1625248408877793,0.21662037683401889,0.4612030122410416,1,Mid-range
-0.9255739670483327,0.1077746878185711,-0.6196581349616407,-1.1625248408877793,-0.9990298392620627,0.5421513250521064,1,Mid-range
0.5161300314693194,-1.0645092115228587,1.1599030612676609,-1.1625248408877793,0.5473487444483937,-1.5625048080355781,0,Economy
0.03556203196343534,-0.4136875469546888,2.8765547802175506,0.6996750564135367,1.369700361219272,-1.5625048080355781,0,Economy
0.9966980309752034,-1.0070161316140098,2.120899478096068,-0.04520490250698953,-0.6593628671175696,0.4612030122410416,2,Premium
0.03556203196343534,-0.43208533252552045,-0.3134057473468761,-0.4176448819672531,-0.08729217719000198,0.4612030122410416,1,Mid-range
0.03556203196343534,0.14284546656296895,0.8598805275101384,0.6996750564135367,0.9317087392434786,-1.4006081824134484,0,Economy
0.03556203196343534,-0.673556268142686,0.5599784605399099,-1.1625248408877793,0.10935712247259968,0.4612030122410416,1,Mid-range
0.5161300314693194,0.6602831857426095,0.6243619350095779,0.6996750564135367,-0.08729217719000198,0.4612030122410416,2,Premium
0.5161300314693194,-0.8161391063166313,2.9480759118344317,-0.04520490250698953,1.5305952427614014,-1.5625048080355781,0,Economy
0.03556203196343534,0.23460442209749185,0.6086470426069809,-0.4176448819672531,-0.346511708563431,0.5421513250521064,2,Premium
-0.9255739670483327,0.4185822778058085,-0.9295847595888944,-0.04520490250698953,-0.5074065901055592,0.4612030122410416,3,Luxury
1.4772660304810874,-1.2129563438475068,0.6759879767047342,-0.04520490250698953,2.7104910407370086,-1.8862980592798373,0,Economy
0.03556203196343534,-1.0748579659064517,-0.2188694360173374,-1.1625248408877793,0.9317087392434786,0.4612030122410416,1,Mid-range
0.5161300314693194,-1.005866270015833,-0.12438733474208129,-1.1625248408877793,1.07472641172537,-1.8862980592798373,0,Economy
0.9966980309752034,0.31589963708860425,-0.1696231609475581,0.6996750564135367,-1.3833898340571478,1.3516344531627542,2,Premium
-0.44500596754244864,-0.43151040172643196,-0.45365920445476443,-0.2314248922371213,0.10935712247259968,0.4612030122410416,1,Mid-range
-0.9255739670483327,1.2362488602694581,-0.5049651486865374,-0.4176448819672531,-1.0526614664427723,0.299306386618912,3,Luxury
0.03556203196343534,0.48320449962335466,-0.04476481167963011,-0.4176448819672531,-0.6593628671175696,0.5421513250521064,2,Premium
-0.9255739670483327,1.8112946455177652,-0.8491989933812258,0.6996750564135367,-0.5074065901055592,0.4612030122410416,3,Luxury
0.9966980309752034,-0.5769678938958198,-0.058837522740877946,-0.4176448819672531,-0.17667822249118445,-1.4006081824134484,0,Economy
-0.9255739670483327,1.982624023646135,-0.89233470800326,0.6996750564135367,-1.526407506539039,0.4612030122410416,3,Luxury
0.9966980309752034,-0.7530117045767152,0.5297358211658741,-0.2314248922371213,2.075850119098614,-1.8862980592798373,0,Economy
-0.9255739670483327,2.374726828624485,-1.096241955040631,0.6996750564135367,-0.08729217719000198,0.4612030122410416,3,Luxury
0.9966980309752034,-1.1214273606326193,-0.5876319613341503,-1.1625248408877793,1.2266826887373805,-1.8862980592798373,0,Economy
0.9966980309752034,-0.6045645722520673,1.0366983924435063,0.6996750564135367,-1.2314335570451371,1.3516344531627542,2,Premium
0.9966980309752034,-0.764510320558485,1.1432950719101647,-0.2314248922371213,2.075850119098614,-1.8862980592798373,0,Economy
-0.9255739670483327,1.2012930676848779,-0.8708830150942771,0.6996750564135367,-0.7308717033585154,0.4612030122410416,3,Luxury
-0.9255739670483327,-0.5111958104800965,-1.164314294632674,-1.1625248408877793,-0.346511708563431,0.4612030122410416,1,Mid-range
-0.9255739670483327,1.058135298711844,-0.5667646105687335,0.6996750564135367,-0.8023805395994617,0.5421513250521064,3,Luxury
-1.4061419665542167,1.4663361660646717,-0.7781063793362936,-0.2314248922371213,-1.0526614664427723,0.4612030122410416,3,Luxury
0.03556203196343534,-0.47129561302335543,-0.2188694360173374,-1.1625248408877793,0.21662037683401889,-1.8862980592798373,0,Economy
0.9966980309752034,-0.8914550409972235,-0.5776770240931586,-0.7900848614275162,0.43114688555685665,-1.5625048080355781,0,Economy
0.5161300314693194,-0.8335020164491037,-0.324937430560664,-1.1625248408877793,0.9317087392434786,-1.8862980592798373,0,Economy
-0.44500596754244864,-0.09172629946513472,-0.22421514970354098,-0.2314248922371213,0.7976296712917049,0.4612030122410416,1,Mid-range
-1.4061419665542167,0.6614330473407863,-1.0536741552729865,-0.2314248922371213,-1.0526614664427723,0.4612030122410416,3,Luxury
0.03556203196343534,0.31589963708860425,1.3037404052975674,0.3272350769532736,1.7004287288336473,0.299306386618912,2,Premium
0.03556203196343534,-0.22396038325548728,0.40704587406925136,-1.1625248408877793,0.43114688555685665,0.4612030122410416,1,Mid-range
-0.9255739670483327,3.4038529589928808,-0.5895328333674372,2.561874953714853,-2.009092151165425,0.4612030122410416,3,Luxury
0.5161300314693194,-0.9023787261799048,0.23833213846298326,-0.7900848614275162,-0.08729217719000198,0.13740976099678243,1,Mid-range
0.5161300314693194,0.02256994339365697,-0.20987659034578582,0.6996750564135367,-0.43589775386461344,0.7849962634853007,2,Premium
0.5161300314693194,-0.028713883885036283,-0.14368611406669685,-0.04520490250698953,0.9317087392434786,-1.4006081824134484,0,Economy
-0.9255739670483327,-0.029058842364489378,0.0841819769635959,-1.1625248408877793,-0.2660642677923669,0.4612030122410416,1,Mid-range
-0.44500596754244864,0.9460237928895886,-0.564789815734152,0.6996750564135367,-0.8023805395994617,0.4612030122410416,3,Luxury
0.03556203196343534,-0.6035296968137079,1.7937992960125253,-1.1625248408877793,-0.08729217719000198,0.4612030122410416,1,Mid-range
1.4772660304810874,-0.8575341238510026,1.475541102328263,0.6996750564135367,-0.17667822249118445,0.4612030122410416,2,Premium
0.03556203196343534,-0.8339619610883745,-0.2283561955167973,-1.1625248408877793,1.07472641172537,0.4612030122410416,1,Mid-range
0.03556203196343534,-0.6954036385080485,-0.0393438062513673,-1.1625248408877793,-0.2660642677923669,0.13740976099678243,1,Mid-range
0.03556203196343534,3.4209858968057176,-1.1366155383254075,2.561874953714853,-1.9018288968040058,0.4612030122410416,3,Luxury
-0.44500596754244864,0.789067684738431,0.048461423338078354,2.561874953714853,-1.3833898340571478,0.4612030122410416,3,Luxury
0.03556203196343534,-0.005486679601861312,0.4486671490795803,0.6996750564135367,-0.43589775386461344,0.13740976099678243,2,Premium
-0.9255739670483327,1.5812073397225517,-0.025593382958726,0.6996750564135367,-1.6157935518402216,0.4612030122410416,3,Luxury
0.03556203196343534,-0.6036446829735257,-0.2188694360173374,-1.1625248408877793,-0.08729217719000198,0.5421513250521064,1,Mid-range
-0.9255739670483327,1.1604729809495953,-0.8581823738052042,0.6996750564135367,0.9317087392434786,0.4612030122410416,3,Luxury
-0.9255739670483327,2.9605813128956555,-1.163307536481711,2.561874953714853,-1.285065184225847,0.4612030122410416,3,Luxury
0.5161300314693194,0.2584065571797553,0.3467522470282395,0.6996750564135367,0.672489207870049,-1.4006081824134484,0,Economy
3.3995380285046233,-1.4669607708848014,-0.6829169121443913,-0.7900848614275162,0.10935712247259968,-1.4006081824134484,0,Economy
0.5161300314693194,0.017510552361678262,0.5473294478739634,0.3272350769532736,-0.7308717033585154,0.4612030122410416,2,Premium
0.5161300314693194,-0.7873925663622069,-0.6945686856867638,-0.7900848614275162,-0.08729217719000198,0.13740976099678243,1,Mid-range
-0.9255739670483327,0.029009168343448053,-0.2512620946438379,-0.2314248922371213,-0.08729217719000198,0.4612030122410416,1,Mid-range
-1.4061419665542167,1.4249411485303003,-1.2705143724034988,-0.2314248922371213,-0.7308717033585154,0.4612030122410416,3,Luxury
-0.44500596754244864,-0.5000421529777799,-0.334261559897276,-1.1625248408877793,0.9317087392434786,0.5421513250521064,1,Mid-range
0.5161300314693194,-0.8333870302892861,0.35287798316217656,-0.7900848614275162,0.43114688555685665,-1.5625048080355781,0,Economy
0.03556203196343534,-0.9023787261799048,-0.10578123944441047,-1.1625248408877793,0.7976296712917049,-1.5625048080355781,0,Economy
1.4772660304810874,-0.7760089365402548,0.3374913627549571,0.6996750564135367,0.672489207870049,-1.4006081824134484,0,Economy
0.03556203196343534,-0.982984024212111,0.22526149204150506,-1.1625248408877793,0.9317087392434786,-1.8862980592798373,0,Economy
0.03556203196343534,-0.20211301289012468,-0.7260044938313231,-0.04520490250698953,0.32388363119543745,0.5421513250521064,1,Mid-range
0.5161300314693194,-0.9362996433261257,0.4697006501412401,-1.1625248408877793,0.9317087392434786,-1.8862980592798373,0,Economy
0.5161300314693194,-0.8343069195678277,0.6528222135079577,-1.1625248408877793,0.43114688555685665,-1.5625048080355781,0,Economy
-0.44500596754244864,0.3508554296731844,-0.08628444283817911,0.6996750564135367,-0.6593628671175696,0.4612030122410416,2,Premium
0.03556203196343534,0.3733927169974532,1.081780349707029,0.6996750564135367,-0.5074065901055592,0.5421513250521064,2,Premium
-0.44500596754244864,-0.4886585231558278,0.46764066807850013,-1.1625248408877793,-0.2660642677923669,0.4612030122410416,1,Mid-range
-0.9255739670483327,0.6497044590393812,-0.8334006347045743,0.6996750564135367,0.011032472641298852,0.5421513250521064,3,Luxury
1.9578340299869714,-1.164547170564256,1.4292853310105669,-0.04520490250698953,-0.6593628671175696,0.4612030122410416,2,Premium
-0.9255739670483327,0.8908304361770937,-0.8257337841703168,-0.04520490250698953,-0.7308717033585154,0.4612030122410416,3,Luxury
0.03556203196343534,-0.7761239227000725,3.198863669624599,0.6996750564135367,1.2177440842072627,-1.5625048080355781,0,Economy
0.03556203196343534,0.6039399674319375,0.3919875256574102,1.6307750050641947,0.011032472641298852,-1.5625048080355781,2,Premium
-1.4061419665542167,1.925130943737286,-1.2524443543092894,0.6996750564135367,-1.9733377330449515,0.4612030122410416,3,Luxury
-1.4061419665542167,2.155103263372682,-1.2702433221320857,0.6996750564135367,-1.9018288968040058,0.5421513250521064,3,Luxury
0.03556203196343534,-0.6611377628823746,0.7276682284541728,-0.2314248922371213,1.7004287288336473,0.4612030122410416,2,Premium
-0.9255739670483327,1.8975342653810385,-0.8927219226767074,1.0721150358738003,-1.3833898340571478,0.4612030122410416,3,Luxury
-0.9255739670483327,-0.9265258197416213,-0.6730163169626845,-1.1625248408877793,0.43114688555685665,0.4612030122410416,1,Mid-range
0.03556203196343534,-0.3510200898540434,0.9731193075671835,-0.04520490250698953,1.7004287288336473,-1.5625048080355781,0,Economy
0.5161300314693194,-0.9489481209060724,1.038147279348878,-1.1625248408877793,0.32388363119543745,-1.5625048080355781,0,Economy
0.9966980309752034,-1.0871614850069453,4.782120324697812,-0.04520490250698953,2.4870259274840527,0.4612030122410416,0,Economy
-0.44500596754244864,-0.3747072387764892,-0.6097841607887333,-1.1625248408877793,0.43114688555685665,0.4612030122410416,1,Mid-range
0.5161300314693194,-0.6045645722520673,-0.41278482352566276,-0.04520490250698953,-0.6593628671175696,0.5421513250521064,2,Premium
-0.9255739670483327,1.0040918035975261,-0.8771558928041241,0.6996750564135367,0.9317087392434786,0.4612030122410416,3,Luxury
-0.44500596754244864,0.3624690318147719,-0.6715158601030761,0.6996750564135367,-1.2314335570451371,0.4612030122410416,3,Luxury
-0.9255739670483327,1.5684438759827872,-0.7761703059690569,0.6996750564135367,-0.864950771310289,0.4612030122410416,3,Luxury
-0.9255739670483327,0.7407734976149979,-0.9295073166542049,-0.2314248922371213,-1.0526614664427723,0.4612030122410416,3,Luxury
0.5161300314693194,-0.33917651539282057,3.371293805618909,0.6996750564135367,1.07472641172537,-1.4006081824134484,0,Economy
-0.9255739670483327,0.2578316263806668,-0.7219602516864286,-0.04520490250698953,-0.346511708563431,0.4612030122410416,3,Luxury
0.03556203196343534,0.2584065571797553,1.7679591701378063,1.0721150358738003,-1.1152316981536003,0.4612030122410416,2,Premium
1.9578340299869714,-1.1208524298335307,2.431754334821628,-0.04520490250698953,1.7004287288336473,-1.8862980592798373,0,Economy
2.4384020294928552,-1.24975191498917,1.5069635730785147,-0.04520490250698953,-0.6593628671175696,0.4612030122410416,2,Premium
-0.9255739670483327,0.10938449405601887,-1.0236004823019094,0.6996750564135367,0.7976296712917049,0.4612030122410416,3,Luxury
-0.9255739670483327,0.8879557821816512,-0.5438415019006507,-0.04520490250698953,-0.2660642677923669,0.299306386618912,3,Luxury
0.03556203196343534,-0.8909950963579527,-0.33912540643430067,-1.1625248408877793,0.9317087392434786,-1.8862980592798373,0,Economy
1.4772660304810874,-0.7643953343986674,0.5549188554735314,0.6996750564135367,-0.17667822249118445,0.5421513250521064,2,Premium
0.5161300314693194,0.01291110596897035,-0.23627688678142575,0.6996750564135367,1.07472641172537,-1.5625048080355781,0,Economy
-0.9255739670483327,0.6326865073863619,-1.1246635120716661,0.6996750564135367,-0.6593628671175696,0.4612030122410416,3,Luxury
0.03556203196343534,0.36994313220292224,0.17749641087914508,0.6996750564135367,0.011032472641298852,0.4612030122410416,2,Premium
0.03556203196343534,-0.6379105585991997,0.9475803486607007,-0.4176448819672531,0.21662037683401889,0.5421513250521064,2,Premium
-0.44500596754244864,-0.6620576521609162,-0.510105423476551,-1.1625248408877793,0.5473487444483937,0.4612030122410416,1,Mid-range
0.03556203196343534,-0.839136338280171,-0.08030251393157525,-0.7900848614275162,-0.08729217719000198,0.13740976099678243,1,Mid-range
-0.9255739670483327,5.7208240793194935,-1.0564362866102441,2.561874953714853,-1.9375833149244786,0.4612030122410416,3,Luxury
-0.9255739670483327,1.3513500062469737,-0.12781805674882488,0.6996750564135367,-0.8023805395994617,0.4612030122410416,3,Luxury
-1.4061419665542167,1.9205314973445782,-1.1893799911604988,0.6996750564135367,-0.7308717033585154,0.4612030122410416,3,Luxury
0.03556203196343534,-0.22396038325548728,0.2532097866938823,0.6996750564135367,0.43114688555685665,0.13740976099678243,2,Premium
0.5161300314693194,-0.08620696379388522,-0.43273412350167,0.6996750564135367,0.9317087392434786,-1.4006081824134484,0,Economy
0.03556203196343534,-0.6609077905627392,-0.9045965059957592,-1.1625248408877793,0.9317087392434786,-1.8862980592798373,0,Economy
0.9966980309752034,-0.9494080655453432,0.4484700216094616,-0.7900848614275162,0.43114688555685665,-1.5625048080355781,0,Economy
0.03556203196343534,2.098300100422739,-1.0127154475927787,0.6996750564135367,-1.526407506539039,0.4612030122410416,3,Luxury
1.4772660304810874,-0.04665172481659716,0.7836401095009864,0.6996750564135367,-1.481714483888448,1.9182726428402077,2,Premium
-1.4061419665542167,0.14342039736205744,-1.1891992909795568,-1.1625248408877793,-0.5074065901055592,0.4612030122410416,1,Mid-range
0.5161300314693194,-0.9495230517051609,-0.4638506946598985,-0.7900848614275162,-0.6593628671175696,0.4612030122410416,1,Mid-range
1.9578340299869714,-1.3740519537521014,1.4516782534334678,-1.1625248408877793,0.672489207870049,-1.5625048080355781,0,Economy
-0.9255739670483327,-0.777043811978614,-0.9279584579604157,-1.1625248408877793,-0.08729217719000198,0.4612030122410416,1,Mid-range
-0.44500596754244864,-0.2930670653059237,-0.3986359993578969,-1.1625248408877793,0.011032472641298852,0.4612030122410416,1,Mid-range
0.5161300314693194,-0.7184008704715882,-0.23015115064748878,-0.7900848614275162,0.43114688555685665,-1.5625048080355781,0,Economy
-0.44500596754244864,0.4257114197145057,-0.6513226148827971,0.6996750564135367,-0.6593628671175696,0.4612030122410416,3,Luxury
1.4772660304810874,-0.33319723508230026,-0.48403942237565395,0.6996750564135367,0.43114688555685665,0.13740976099678243,2,Premium
0.03556203196343534,-0.9602167645682068,0.3946980283715416,-0.7900848614275162,-0.08729217719000198,0.4612030122410416,1,Mid-range
0.03556203196343534,-0.2596060927989736,0.6810475817711127,-0.7900848614275162,-0.346511708563431,0.13740976099678243,2,Premium
-0.9255739670483327,0.9713207480494822,-0.8907858493094706,0.6996750564135367,-1.1152316981536003,0.4612030122410416,3,Luxury
-0.9255739670483327,-0.43220031868533815,0.01235365503911367,-1.1625248408877793,-0.5074065901055592,0.5421513250521064,1,Mid-range
1.4772660304810874,-0.08057264196281803,0.7413562671605364,0.6996750564135367,-1.5711005291896303,1.9182726428402077,2,Premium
-0.9255739670483327,0.517700347568664,-1.04830477846785,0.6996750564135367,-0.346511708563431,0.4612030122410416,3,Luxury
-0.44500596754244864,-0.2009631512919477,-0.9471062235623867,-1.1625248408877793,-0.5074065901055592,0.5421513250521064,1,Mid-range
0.03556203196343534,0.14399532816114594,0.46462899839613186,0.6996750564135367,-0.6593628671175696,0.4612030122410416,2,Premium
0.03556203196343534,-0.22396038325548728,-0.3173811513276021,-1.1625248408877793,0.7976296712917049,0.5421513250521064,1,Mid-range
-0.9255739670483327,1.0631946897438227,-1.1177710908843033,-0.4176448819672531,-2.035907964755779,0.4612030122410416,3,Luxury
-0.44500596754244864,2.782237779018406,2.020487673004382,2.561874953714853,-2.009092151165425,0.5421513250521064,3,Luxury
0.5161300314693194,-0.8920299717963119,1.472857704641273,-0.7900848614275162,0.43114688555685665,-1.5625048080355781,0,Economy
0.9966980309752034,-0.3735573771783122,1.7659714681474432,1.0721150358738003,-0.8023805395994617,1.432582765973819,2,Premium
-0.44500596754244864,-0.14347007138309878,0.302909865627164,0.6996750564135367,0.43114688555685665,0.5421513250521064,2,Premium
0.5161300314693194,0.027859306745271074,0.07570197561509898,0.6996750564135367,0.672489207870049,-1.4006081824134484,0,Economy
-0.9255739670483327,0.3337224918603474,-1.035604137178777,0.6996750564135367,1.07472641172537,0.4612030122410416,3,Luxury
0.03556203196343534,0.4860791536187971,0.08829075488739814,0.3272350769532736,1.7004287288336473,-1.8862980592798373,0,Economy
0.9966980309752034,-0.8914550409972235,-0.0573590667149882,-1.1625248408877793,0.43114688555685665,-1.5625048080355781,0,Economy
-0.44500596754244864,-0.45508256448906004,0.29809872330958076,-1.1625248408877793,0.7976296712917049,0.5421513250521064,1,Mid-range
0.03556203196343534,-0.12047283941955919,0.20261373603009644,0.6996750564135367,0.43114688555685665,0.13740976099678243,2,Premium
0.5161300314693194,-0.3735573771783122,0.31314201337301006,0.3272350769532736,-0.43589775386461344,0.13740976099678243,2,Premium
1.9578340299869714,-0.8450006324308735,1.309606211171226,0.6996750564135367,1.07472641172537,-1.5625048080355781,0,Economy
-0.44500596754244864,-0.8335020164491037,-0.9002822891757667,-1.1625248408877793,0.10935712247259968,0.4612030122410416,1,Mid-range
0.03556203196343534,-0.9494080655453432,-1.1030655380638252,-1.1625248408877793,0.7976296712917049,0.4612030122410416,1,Mid-range
-0.9255739670483327,-0.14404500218218727,-0.49017354816084896,-0.04520490250698953,-1.8213814560329415,0.4612030122410416,3,Luxury
-1.4061419665542167,3.0755674727133533,-0.7238963250536655,2.561874953714853,-1.481714483888448,0.4612030122410416,3,Luxury
-0.44500596754244864,-0.22396038325548728,0.08715384958230415,-0.2314248922371213,-0.43589775386461344,0.5421513250521064,2,Premium
0.9966980309752034,1.120227825013401,0.7902890547951965,2.561874953714853,-1.1152316981536003,1.9182726428402077,2,Premium
-0.9255739670483327,1.6951586241018903,-1.0037750910214054,0.6996750564135367,-2.009092151165425,0.4612030122410416,3,Luxury
0.9966980309752034,-0.8358017396454577,0.14114829569448986,-0.04520490250698953,-1.2314335570451371,1.432582765973819,2,Premium
0.03556203196343534,-0.37919169900937943,0.22628545973351039,-0.4176448819672531,-0.08729217719000198,0.5421513250521064,2,Premium
-0.44500596754244864,-0.23545899923725708,1.480758820052966,-0.04520490250698953,2.075850119098614,0.299306386618912,2,Premium
-0.9255739670483327,-0.4338101249227859,-0.7566546864273108,-0.9763048511576475,0.011032472641298852,0.4612030122410416,1,Mid-range
-1.4061419665542167,5.0297572588151285,-0.7835273847645564,2.561874953714853,-2.1074168009967256,0.4612030122410416,3,Luxury
0.03556203196343534,-1.0070161316140098,-0.4069482076812332,-1.1625248408877793,0.7976296712917049,0.4612030122410416,1,Mid-range
0.5161300314693194,-1.1440796341167057,0.1907357108028357,-1.1625248408877793,1.2177440842072627,0.4612030122410416,1,Mid-range
0.03556203196343534,-0.7413981024351277,-0.6542665219973122,-1.1625248408877793,0.43114688555685665,-1.5625048080355781,0,Economy
-0.9255739670483327,0.6608581165416979,-0.8071474798448443,0.6996750564135367,0.672489207870049,0.4612030122410416,3,Luxury
0.5161300314693194,-0.6047945445717027,0.9142230952587905,-0.4176448819672531,0.011032472641298852,-1.4006081824134484,0,Economy
-0.9255739670483327,1.17772090492225,-0.89233470800326,0.6996750564135367,-1.481714483888448,0.4612030122410416,3,Luxury
0.03556203196343534,0.028894182183630355,-0.20727450774021972,0.6996750564135367,0.43114688555685665,0.4612030122410416,2,Premium
-0.9255739670483327,0.0748886461107095,-0.35046649398104734,-0.2314248922371213,1.7004287288336473,0.4612030122410416,1,Mid-range
0.5161300314693194,0.3044010211068345,1.4851633869634295,2.561874953714853,-1.1152316981536003,1.9182726428402077,2,Premium
-0.44500596754244864,0.31647456788769274,-0.5955540215395435,-1.1625248408877793,0.011032472641298852,0.5421513250521064,1,Mid-range
0.03556203196343534,-0.0871268530724268,-0.7976822322716871,-1.1625248408877793,0.43114688555685665,-1.5625048080355781,0,Economy
0.03556203196343534,1.8630384174357293,-0.6228246905133878,1.0721150358738003,-1.4370214612378567,0.4612030122410416,3,Luxury
0.9966980309752034,-1.2590657939344037,-0.21037926539458818,-1.1625248408877793,0.672489207870049,-1.5625048080355781,0,Economy
0.5161300314693194,-0.8335020164491037,3.0600196739280587,-0.2314248922371213,1.7004287288336473,-1.8862980592798373,0,Economy
0.03556203196343534,-0.36194377503672476,0.7023099697286324,0.6996750564135367,-0.5878540308766232,0.4612030122410416,2,Premium
0.9966980309752034,-1.0662340039201244,2.63081896142548,-0.2314248922371213,1.07472641172537,-1.8862980592798373,0,Economy
5.321810026528159,-1.5238789199945617,1.1599030612676609,0.6996750564135367,-0.5074065901055592,1.3516344531627542,2,Premium
-0.9255739670483327,0.8661084118162886,-0.3035360755592295,0.6996750564135367,-1.481714483888448,0.4612030122410416,3,Luxury
0.03556203196343534,0.14342039736205744,0.2851937187206328,-0.4176448819672531,-0.5878540308766232,0.5421513250521064,2,Premium
-0.9255739670483327,0.08650224825229699,-0.8979105993009017,-1.1625248408877793,-0.5878540308766232,0.4612030122410416,1,Mid-range
-0.44500596754244864,0.5050518699887173,-0.4455954588802235,-0.4176448819672531,-0.9364596075512354,0.4612030122410416,3,Luxury
0.03556203196343534,-1.0254139171848415,2.97485567865005,-0.4176448819672531,-0.17667822249118445,0.13740976099678243,2,Premium
0.03556203196343534,-0.7643953343986674,1.221883223330799,-0.7900848614275162,0.32388363119543745,-1.4006081824134484,0,Economy
-0.9255739670483327,0.7758442763593958,-1.0472205773821974,-0.2314248922371213,-0.9990298392620627,0.4612030122410416,3,Luxury
0.03556203196343534,-0.029058842364489378,-0.5624708300787284,-0.2314248922371213,-0.9364596075512354,0.704047950674236,2,Premium
0.03556203196343534,-0.9494080655453432,-1.1427593444774384,-0.7900848614275162,0.21662037683401889,0.4612030122410416,1,Mid-range
0.03556203196343534,-0.7186308427912236,0.22929712941587843,-1.1625248408877793,-0.17667822249118445,0.13740976099678243,1,Mid-range
0.03556203196343534,-1.0662340039201244,2.121950824603368,0.6996750564135367,1.2177440842072627,-1.5625048080355781,0,Economy
3.3995380285046233,-1.1220022914317078,1.1383206834063897,0.6996750564135367,-0.7308717033585154,1.3516344531627542,2,Premium
-0.44500596754244864,-0.3745922526166715,0.1339100214010709,-1.1625248408877793,0.9317087392434786,0.4612030122410416,1,Mid-range
-0.9255739670483327,-0.029058842364489378,-1.0472205773821974,0.6996750564135367,0.011032472641298852,0.4612030122410416,3,Luxury
0.5161300314693194,-0.6074392262475097,0.0741298840409027,-1.1625248408877793,1.07472641172537,-1.8862980592798373,0,Economy
-0.9255739670483327,-0.7189758012706766,0.0841819769635959,-1.1625248408877793,0.672489207870049,0.4612030122410416,1,Mid-range
-0.44500596754244864,-0.35619446704583985,-0.9370096009522472,-1.1625248408877793,0.21662037683401889,0.4612030122410416,1,Mid-range
1.4772660304810874,-1.0865865542078568,-0.28587908645003046,-1.1625248408877793,0.43114688555685665,-1.5625048080355781,0,Economy
-0.44500596754244864,-0.8574191376911849,-0.3594014725708448,-0.9763048511576475,0.7976296712917049,0.5421513250521064,1,Mid-range
-0.9255739670483327,1.005241665195703,-1.1105688979581827,0.6996750564135367,-1.526407506539039,0.4612030122410416,3,Luxury
0.03556203196343534,-0.2011931236115831,-0.12873016242405644,-0.2314248922371213,0.7976296712917049,0.4612030122410416,1,Mid-range
-0.9255739670483327,0.5981906594410525,-0.9697776426927286,-1.1625248408877793,-0.7308717033585154,0.4612030122410416,3,Luxury
0.03556203196343534,0.5062017315868943,-0.1504744175307549,-0.4176448819672531,-0.2660642677923669,0.5421513250521064,2,Premium
0.9966980309752034,-0.4366847789182284,1.408727210424924,0.6996750564135367,1.5305952427614014,-1.8862980592798373,0,Economy
-0.9255739670483327,0.14273048040315126,-0.24847414899501707,-1.1625248408877793,-0.864950771310289,0.4612030122410416,1,Mid-range
-0.9255739670483327,0.48320449962335466,0.0841819769635959,0.6996750564135367,-0.5074065901055592,0.4612030122410416,3,Luxury
-0.9255739670483327,2.040117103554984,-0.8442426455610998,0.6996750564135367,-0.2660642677923669,0.4612030122410416,3,Luxury
-1.4061419665542167,1.2076173064748512,-1.0097640113040576,0.6996750564135367,0.9317087392434786,0.5421513250521064,3,Luxury
0.03556203196343534,-0.890880110198135,2.649655586347929,0.6996750564135367,-0.17667822249118445,0.4612030122410416,2,Premium
0.5161300314693194,-0.6034147106538903,-0.5206086214938102,-0.7900848614275162,0.43114688555685665,-1.5625048080355781,0,Economy
0.9966980309752034,-0.8883504146821456,2.364253339957539,-0.04520490250698953,1.369700361219272,-1.5625048080355781,0,Economy
0.03556203196343534,0.40857848190166873,0.23405556751402073,0.6996750564135367,0.7976296712917049,0.4612030122410416,2,Premium
0.9966980309752034,-0.4515179935347114,2.527031348408012,0.6996750564135367,0.7976296712917049,-1.4006081824134484,0,Economy
0.03556203196343534,-0.028598897725218585,1.516725685234649,0.6996750564135367,0.7976296712917049,0.4612030122410416,2,Premium
0.5161300314693194,-0.14461993298127573,2.414757397801936,0.6996750564135367,1.07472641172537,-1.4006081824134484,0,Economy
0.5161300314693194,-0.8335020164491037,1.2105352519676353,-0.2314248922371213,1.7004287288336473,-1.8862980592798373,0,Economy
-0.9255739670483327,-0.15496868736486855,-0.19534829579804153,-1.1625248408877793,0.21662037683401889,0.4612030122410416,1,Mid-range
1.9578340299869714,-1.263435268007476,1.1252503265685347,-0.04520490250698953,0.5473487444483937,-1.4006081824134484,0,Economy
0.5161300314693194,-1.132925976614389,-0.7524650236606105,-1.1625248408877793,0.43114688555685665,-1.5625048080355781,0,Economy
-0.9255739670483327,2.040117103554984,-1.2625119358189203,0.6996750564135367,-1.4370214612378567,0.4612030122410416,3,Luxury
1.9578340299869714,-0.8920299717963119,1.6394535414601403,-0.04520490250698953,1.5305952427614014,-1.5625048080355781,0,Economy
-1.4061419665542167,0.3729327723581824,-1.09884920050851,-1.1625248408877793,-0.5878540308766232,0.4612030122410416,1,Mid-range
-1.4061419665542167,-0.14461993298127573,0.3114705366992956,-1.1625248408877793,-0.5878540308766232,0.4612030122410416,1,Mid-range
0.03556203196343534,-0.11012408503596638,0.14737971405546277,-0.04520490250698953,2.075850119098614,0.3802546994299768,2,Premium
-0.44500596754244864,-0.7769288258187964,1.1238533751697133,-1.1625248408877793,0.9317087392434786,0.4612030122410416,1,Mid-range
-0.44500596754244864,-0.22396038325548728,-0.2509813640055886,-0.7900848614275162,0.21662037683401889,0.5421513250521064,1,Mid-range
3.8801060280105073,-0.22396038325548728,2.5470426855584387,0.6996750564135367,-0.17667822249118445,0.4612030122410416,2,Premium
-0.44500596754244864,-0.029058842364489378,0.6758750390916454,-0.2314248922371213,-0.08729217719000198,0.5421513250521064,2,Premium
-0.9255739670483327,1.1787557803606092,-1.0672782974667698,0.6996750564135367,-1.481714483888448,0.4612030122410416,3,Luxury
0.5161300314693194,-0.834536891887463,0.6878961186288182,-1.1625248408877793,0.672489207870049,-1.5625048080355781,0,Economy
-0.44500596754244864,-0.7074771852889069,-0.6430555816046963,-0.9763048511576475,0.7976296712917049,0.5421513250521064,1,Mid-range
-0.9255739670483327,1.4651863044664946,-0.9477838492409195,0.6996750564135367,-1.9733377330449515,0.5421513250521064,3,Luxury
-0.9255739670483327,0.1734317850744766,-0.8588793602174095,-0.04520490250698953,-0.08729217719000198,0.4612030122410416,3,Luxury
0.5161300314693194,-0.7185158566314058,-0.324937430560664,-0.2314248922371213,1.2177440842072627,-1.5625048080355781,0,Economy
-0.44500596754244864,-0.7551964416132515,1.2927176942600997,-1.1625248408877793,0.9317087392434786,0.4612030122410416,1,Mid-range
0.03556203196343534,-0.14461993298127573,-0.31665835060383374,0.6996750564135367,0.43114688555685665,0.4612030122410416,2,Premium
0.03556203196343534,0.3349873396183421,0.002940036089082617,0.6996750564135367,0.20768177230390053,0.13740976099678243,2,Premium
-0.44500596754244864,-0.5240742603796787,-0.4577927210938148,-1.1625248408877793,0.9317087392434786,0.4612030122410416,1,Mid-range
0.03556203196343534,0.017510552361678262,2.773374976899615,0.6996750564135367,1.2177440842072627,-1.5625048080355781,0,Economy
-1.4061419665542167,-0.4890034816352809,-1.0708406724624853,-0.7900848614275162,-0.8023805395994617,0.4612030122410416,1,Mid-range
0.5161300314693194,0.03027401610144273,0.005825215644791303,-0.4176448819672531,0.20768177230390053,-1.4006081824134484,0,Economy
-0.44500596754244864,0.4314607277053906,-0.4550822183796834,-0.4176448819672531,-0.43589775386461344,0.5421513250521064,1,Mid-range
-0.9255739670483327,-0.20153808209103619,-0.48250669762659154,-0.04520490250698953,1.07472641172537,0.5421513250521064,1,Mid-range
0.03556203196343534,-0.4884285508361924,-1.0437958787148187,-0.04520490250698953,-0.6593628671175696,0.4612030122410416,2,Premium
0.03556203196343534,-0.7416280747547631,0.15749892418821992,-1.1625248408877793,0.011032472641298852,-1.4006081824134484,0,Economy
-0.9255739670483327,0.5807127631487625,-1.2787749521037088,0.6996750564135367,-0.17667822249118445,0.4612030122410416,3,Luxury
1.9578340299869714,-0.6610227767225569,-0.2867964873686595,0.6996750564135367,-0.17667822249118445,0.4612030122410416,2,Premium
1.9578340299869714,-1.0070161316140098,1.6249419269290986,0.6996750564135367,-1.4370214612378567,2.9706007093840503,2,Premium
-0.9255739670483327,-0.1906143969083549,-0.9504169090203615,-0.04520490250698953,1.2177440842072627,0.4612030122410416,1,Mid-range
-1.4061419665542167,1.466221179904854,-1.257594309466139,0.6996750564135367,-1.6604865744908128,0.4612030122410416,3,Luxury
-1.4061419665542167,0.12088311003778866,-1.1891992909795568,-1.1625248408877793,-0.864950771310289,0.4612030122410416,1,Mid-range
-0.9255739670483327,-0.14117034818674482,0.2925421927456114,-1.1625248408877793,0.43114688555685665,0.4612030122410416,1,Mid-range
-0.9255739670483327,-0.7769288258187964,-1.0512476099860497,-1.1625248408877793,-0.08729217719000198,0.4612030122410416,1,Mid-range
-0.9255739670483327,-0.22396038325548728,-0.43271089062126317,-1.1625248408877793,-0.864950771310289,0.4612030122410416,1,Mid-range
0.03556203196343534,-0.5470714923432183,0.25080045094798775,-0.7900848614275162,0.43114688555685665,0.5421513250521064,1,Mid-range
1.4772660304810874,-0.9920679308377092,1.9106671380368248,-0.04520490250698953,1.07472641172537,-1.5625048080355781,0,Economy
0.03556203196343534,-0.834536891887463,0.1319599652817375,-0.7900848614275162,0.011032472641298852,0.4612030122410416,1,Mid-range
-0.44500596754244864,0.3737376754769063,0.9378451264124457,0.6996750564135367,-0.5878540308766232,0.5421513250521064,2,Premium
0.9966980309752034,-0.8569591930519141,-0.24014551338250414,-0.04520490250698953,-0.6593628671175696,0.5421513250521064,2,Premium
0.03556203196343534,0.373852661636724,-0.24461921180158575,0.6996750564135367,0.21662037683401889,0.4612030122410416,2,Premium
-0.9255739670483327,0.5452970259249116,-0.8773882216081925,0.6996750564135367,-0.08729217719000198,0.4612030122410416,3,Luxury
1.4772660304810874,-0.7413981024351277,0.3260169012651342,0.14101508722314182,-0.17667822249118445,0.4612030122410416,2,Premium
0.9966980309752034,-0.6269868734165184,1.286261769613714,-0.04520490250698953,1.07472641172537,-1.5625048080355781,0,Economy
-0.9255739670483327,0.4314607277053906,-0.8064504934326391,0.6996750564135367,-0.6593628671175696,0.4612030122410416,3,Luxury
-0.9255739670483327,0.7177762656514584,-0.34512293148747397,-0.2314248922371213,-1.1688633253343093,0.4612030122410416,3,Luxury
0.03556203196343534,-0.6632075137590931,-0.00862477549121146,-1.1625248408877793,0.5473487444483937,0.4612030122410416,1,Mid-range
0.03556203196343534,-0.8621335702437105,1.229472630930367,-0.2314248922371213,1.2177440842072627,-1.5625048080355781,0,Economy
0.9966980309752034,-0.7189758012706766,-1.082421911331956,-0.04520490250698953,-0.6593628671175696,0.4612030122410416,2,Premium
0.5161300314693194,-0.8598338470473565,1.151988393342397,-0.7900848614275162,0.43114688555685665,-1.5625048080355781,0,Economy
1.9578340299869714,-0.9254909443032621,0.684939585668327,-0.04520490250698953,0.672489207870049,-1.4006081824134484,0,Economy
1.4772660304810874,-0.6620576521609162,1.7793432815371582,0.6996750564135367,-0.20349403608153893,0.5421513250521064,2,Premium
0.5161300314693194,-0.028483911565400886,-0.29292639350677213,0.6996750564135367,-0.346511708563431,0.7849962634853007,2,Premium
0.03556203196343534,0.6608581165416979,-0.5869255878995585,0.3272350769532736,1.7004287288336473,0.299306386618912,2,Premium
-0.9255739670483327,1.2352139848310988,-1.1633849794164004,-0.2314248922371213,-1.285065184225847,0.4612030122410416,3,Luxury
0.5161300314693194,-0.6666570985536241,-0.06632836660538664,-0.2314248922371213,0.7976296712917049,-1.5625048080355781,0,Economy
-0.9255739670483327,1.7526517040107392,-1.2714178733082093,0.6996750564135367,0.43114688555685665,0.4612030122410416,3,Luxury
0.5161300314693194,-1.0656590731210358,0.409798540158936,-0.7900848614275162,0.011032472641298852,-1.4006081824134484,0,Economy
-0.9255739670483327,-0.27052977798165495,-1.277613308083367,-0.2314248922371213,-0.6593628671175696,0.5421513250521064,3,Luxury
-0.44500596754244864,-0.7186308427912236,-0.7447671959524773,-1.1625248408877793,0.9317087392434786,0.4612030122410416,1,Mid-range
-0.44500596754244864,-0.31652424190873407,-0.3836604718623209,-1.1625248408877793,-0.17667822249118445,0.4612030122410416,1,Mid-range
0.03556203196343534,-0.43208533252552045,0.7345950687236196,-0.4176448819672531,-0.08729217719000198,0.5421513250521064,2,Premium
1.4772660304810874,-0.8339619610883745,-0.48403942237565395,-0.04520490250698953,-0.6593628671175696,0.5421513250521064,2,Premium
-0.9255739670483327,2.3287323646974056,-1.1633849794164004,0.6996750564135367,-1.526407506539039,0.4612030122410416,3,Luxury
1.4772660304810874,0.31624459556805734,2.5382840414939514,0.6996750564135367,-0.6593628671175696,1.432582765973819,2,Premium
1.9578340299869714,-0.2594911066391559,1.5300326318927435,0.6996750564135367,-0.6593628671175696,1.3516344531627542,2,Premium
0.5161300314693194,-0.14370004370273418,0.8878227988231505,0.6996750564135367,1.07472641172537,-1.5625048080355781,0,Economy
0.9966980309752034,-0.8512098850610292,-0.2236360877600676,-0.2314248922371213,-0.9364596075512354,0.704047950674236,2,Premium
0.5161300314693194,-0.43151040172643196,1.2404049918773636,0.6996750564135367,1.2177440842072627,-1.5625048080355781,0,Economy
0.03556203196343534,-1.0301283497373672,-0.28497558554531993,-0.7900848614275162,0.21662037683401889,0.4612030122410416,1,Mid-range
0.03556203196343534,0.3739676477965417,-0.3194893201052599,0.6996750564135367,0.7976296712917049,0.4612030122410416,2,Premium
0.5161300314693194,-0.22396038325548728,1.3516440232653164,0.6996750564135367,1.07472641172537,-1.5625048080355781,0,Economy
1.4772660304810874,-1.0060962423354682,1.2050781065031841,-1.1625248408877793,0.011032472641298852,-1.4006081824134484,0,Economy
0.03556203196343534,0.20148840806999488,1.2133300814328734,2.561874953714853,-0.346511708563431,0.704047950674236,2,Premium
-0.9255739670483327,1.63824047499213,-0.8444749743651684,0.6996750564135367,-1.6157935518402216,0.4612030122410416,3,Luxury
0.03556203196343534,-0.6034147106538903,-0.25407585460422194,-0.2314248922371213,2.075850119098614,0.4612030122410416,1,Mid-range
-0.9255739670483327,1.0058165959947916,-0.9310561753479942,0.6996750564135367,-0.6593628671175696,0.5421513250521064,3,Luxury
0.9966980309752034,-0.22396038325548728,4.364210088046278,0.6996750564135367,0.7976296712917049,0.4612030122410416,2,Premium
1.9578340299869714,-1.005866270015833,1.5438770457556914,-0.04520490250698953,1.7004287288336473,-1.8862980592798373,0,Economy
0.03556203196343534,-0.22396038325548728,-0.2188694360173374,-1.1625248408877793,0.43114688555685665,0.4612030122410416,1,Mid-range
0.5161300314693194,-1.0346128099702574,1.6949020869829174,-1.1625248408877793,0.43114688555685665,-1.5625048080355781,0,Economy
0.03556203196343534,-0.7186308427912236,-0.6601693945747538,-1.1625248408877793,0.43114688555685665,-1.5625048080355781,0,Economy
-0.44500596754244864,1.0040918035975261,0.9420464056193493,2.561874953714853,-1.2314335570451371,0.4612030122410416,3,Luxury
-0.9255739670483327,0.7177762656514584,-1.061702406169128,-0.2314248922371213,-0.9364596075512354,0.5421513250521064,3,Luxury
0.5161300314693194,-0.8690327398327724,-0.4127306134713802,-1.1625248408877793,0.9317087392434786,-1.8862980592798373,0,Economy
-0.9255739670483327,-0.45393270289088306,-1.0207350937183992,-1.1625248408877793,-0.346511708563431,0.4612030122410416,1,Mid-range
-1.4061419665542167,1.466221179904854,-1.247926849785737,0.6996750564135367,-0.7308717033585154,0.4612030122410416,3,Luxury
0.5161300314693194,0.4878039460160626,0.5444563149969841,0.6996750564135367,0.10935712247259968,0.5421513250521064,2,Premium
-0.9255739670483327,1.6836600081201205,-0.9150254878672742,0.6996750564135367,-1.1152316981536003,0.5421513250521064,3,Luxury
-0.9255739670483327,1.4088430861558225,-1.0776556507151587,0.6996750564135367,-1.3833898340571478,0.4612030122410416,3,Luxury
0.03556203196343534,-0.6609077905627392,-0.7382318727417382,-0.6038648716973845,-0.024721945479174005,-1.4006081824134484,0,Economy
-0.9255739670483327,-0.20441273608647864,-0.9661378247623237,-1.1625248408877793,-0.864950771310289,0.5421513250521064,1,Mid-range
-0.9255739670483327,0.7085773728660425,-0.8514448384872204,-0.2314248922371213,-1.3833898340571478,0.4612030122410416,3,Luxury
0.03556203196343534,-0.8471853694674097,0.7453768461864981,-0.2314248922371213,2.2724994187612153,-1.8862980592798373,0,Economy
0.03556203196343534,0.43088579690630213,0.03883913870291186,2.561874953714853,0.011032472641298852,0.4612030122410416,2,Premium
0.03556203196343534,-0.25903116199988513,-0.2188694360173374,-0.4176448819672531,-0.08729217719000198,0.5421513250521064,1,Mid-range
0.03556203196343534,-0.2011931236115831,1.0024529702734502,0.6996750564135367,1.07472641172537,-1.5625048080355781,0,Economy
0.03556203196343534,-0.5459216307450413,0.5126952465267292,-1.1625248408877793,-0.346511708563431,0.4612030122410416,1,Mid-range
-0.9255739670483327,-0.08655192227333831,-0.542215200272172,-0.04520490250698953,1.369700361219272,0.4612030122410416,1,Mid-range
-0.9255739670483327,1.101140122483663,-0.7064716647485351,0.6996750564135367,-1.5711005291896303,0.4612030122410416,3,Luxury
0.5161300314693194,-0.31709917270782256,-0.0793387796332174,-0.4176448819672531,-0.17667822249118445,-1.4006081824134484,0,Economy
1.4772660304810874,-0.8333870302892861,-0.08421768451865393,-1.1625248408877793,0.9317087392434786,-1.8862980592798373,0,Economy
-0.44500596754244864,-0.4894634262745517,0.03240169475684978,-1.1625248408877793,0.7976296712917049,0.4612030122410416,1,Mid-range
0.5161300314693194,-0.22396038325548728,1.8917387940831403,-0.7900848614275162,-0.08729217719000198,0.13740976099678243,2,Premium
0.5161300314693194,-0.2331592760409031,-1.0699733115939634,-0.2314248922371213,1.5305952427614014,-1.5625048080355781,0,Economy
-0.44500596754244864,-0.5804174786903508,-0.40663198236458453,-1.1625248408877793,0.9317087392434786,0.4612030122410416,1,Mid-range
0.03556203196343534,-0.6620576521609162,0.7426061100787194,-0.7900848614275162,0.43114688555685665,0.4612030122410416,1,Mid-range
0.03556203196343534,-0.6057144338502443,-1.0386158068611453,-1.1625248408877793,0.21662037683401889,0.4612030122410416,1,Mid-range
-1.4061419665542167,4.105268533880838,-1.09884920050851,2.561874953714853,-1.9375833149244786,0.4612030122410416,3,Luxury
-0.9255739670483327,0.08535238665412001,-0.8573305015236201,-1.1625248408877793,-0.5878540308766232,0.4612030122410416,1,Mid-range
-1.4061419665542167,1.8089949223214112,-1.2786458805458931,0.6996750564135367,-0.43589775386461344,0.4612030122410416,3,Luxury
-1.4061419665542167,2.5012116044239523,-1.09884920050851,-0.4176448819672531,-1.0526614664427723,0.299306386618912,3,Luxury
0.03556203196343534,0.1612432521338006,0.851206918824918,-0.04520490250698953,1.2177440842072627,0.4612030122410416,2,Premium
1.4772660304810874,-1.0869315126873098,0.3150845403181374,-1.1625248408877793,0.9317087392434786,-1.8862980592798373,0,Economy
0.03556203196343534,-0.34124626626953913,-0.2188694360173374,-0.04520490250698953,-0.6593628671175696,0.4612030122410416,2,Premium
0.03556203196343534,-0.3736723633381299,-0.3424382430849057,-0.04520490250698953,-1.2314335570451371,0.4612030122410416,2,Premium
0.9966980309752034,-0.22396038325548728,0.5038628407128017,-0.7900848614275162,0.20768177230390053,-1.4006081824134484,0,Economy
-0.9255739670483327,1.2927070647399477,-0.89233470800326,0.6996750564135367,-0.9364596075512354,0.4612030122410416,3,Luxury
-0.9255739670483327,0.31647456788769274,0.0841819769635959,-1.1625248408877793,-0.6593628671175696,0.4612030122410416,1,Mid-range
-0.44500596754244864,-0.6954036385080485,-0.4642979276077302,-0.9763048511576475,0.7976296712917049,0.5421513250521064,1,Mid-range
0.03556203196343534,1.062734745104552,0.9551697562602687,0.6996750564135367,-0.9990298392620627,0.4612030122410416,2,Premium
0.03556203196343534,-0.866503044316783,-1.1827543178592885,-1.1625248408877793,0.7976296712917049,0.4612030122410416,1,Mid-range
-0.9255739670483327,-0.20211301289012468,0.22005560587626863,-0.04520490250698953,0.21662037683401889,0.5421513250521064,1,Mid-range
-0.9255739670483327,0.9764951252412786,-1.2786975091690194,0.6996750564135367,-0.5878540308766232,0.4612030122410416,3,Luxury
-0.9255739670483327,1.8089949223214112,-0.9196720639486424,0.6996750564135367,-0.08729217719000198,0.4612030122410416,3,Luxury
-0.9255739670483327,-0.3906903149911492,-0.3599145320131627,-1.1625248408877793,-0.2660642677923669,0.4612030122410416,1,Mid-range
-0.9255739670483327,2.2706643539894684,-0.7176234473438183,0.6996750564135367,-1.526407506539039,0.4612030122410416,3,Luxury
0.03556203196343534,-0.9486031624266194,-0.7886472232245824,-1.1625248408877793,1.2177440842072627,0.5421513250521064,1,Mid-range
-0.44500596754244864,-0.7873925663622069,-0.6234721994950969,-0.9763048511576475,0.7976296712917049,0.4612030122410416,1,Mid-range
-1.4061419665542167,1.9228312205409321,-1.0974939491514442,0.6996750564135367,-2.1342326145870802,0.5421513250521064,3,Luxury
0.5161300314693194,1.7712794619012062,0.5354574459860678,2.561874953714853,-0.6593628671175696,1.3516344531627542,2,Premium
4.360674027516391,-1.569873383921641,1.6718869072702596,1.0721150358738003,-1.1152316981536003,1.9992209556512726,2,Premium
0.5161300314693194,0.07799327242578735,0.3101604603874655,0.6996750564135367,-0.2660642677923669,0.704047950674236,2,Premium
-0.9255739670483327,0.8189640862910325,-0.841764471651037,-0.04520490250698953,2.075850119098614,0.299306386618912,3,Luxury
1.9578340299869714,-0.9311252661343292,0.2692318694040813,-0.04520490250698953,1.7004287288336473,-1.8862980592798373,0,Economy
0.9966980309752034,1.552575785927945,0.7902890547951965,2.561874953714853,-1.9018288968040058,2.9706007093840503,2,Premium
-0.9255739670483327,2.144754508989089,0.0841819769635959,0.6996750564135367,-1.9733377330449515,0.4612030122410416,3,Luxury
1.4772660304810874,-0.834536891887463,0.21122711132166921,-0.04520490250698953,1.07472641172537,-1.5625048080355781,0,Economy
-0.9255739670483327,0.7764192071584842,-0.39081426295426075,0.6996750564135367,-0.43589775386461344,0.4612030122410416,3,Luxury
0.5161300314693194,-0.6045645722520673,1.132906454234912,-0.4176448819672531,-0.17667822249118445,-1.4006081824134484,0,Economy
0.5161300314693194,-0.05723045151982536,0.40502805538206466,0.6996750564135367,0.10935712247259968,0.13740976099678243,2,Premium
-0.9255739670483327,1.1213776866115779,-1.0472205773821974,0.6996750564135367,-1.1152316981536003,0.4612030122410416,3,Luxury
-0.44500596754244864,-0.5229243987815018,1.018482582157855,-1.1625248408877793,0.9317087392434786,0.4612030122410416,1,Mid-range
-1.4061419665542167,1.2702847635754966,-0.9818458333485043,0.6996750564135367,-2.1074168009967256,0.5421513250521064,3,Luxury
0.03556203196343534,-0.8333870302892861,0.15424632093126225,-1.1625248408877793,0.9317087392434786,0.4612030122410416,1,Mid-range
-0.44500596754244864,-0.40908810056198086,-0.21994610792878402,-1.1625248408877793,-0.346511708563431,0.4612030122410416,1,Mid-range
-1.4061419665542167,-0.6045645722520673,0.3114705366992956,-1.1625248408877793,-0.08729217719000198,0.5421513250521064,1,Mid-range
0.9966980309752034,-0.971945352869612,1.442731699020391,-0.7900848614275162,-0.6593628671175696,0.4612030122410416,2,Premium
-0.9255739670483327,-0.14461993298127573,0.0841819769635959,-1.1625248408877793,-0.2660642677923669,0.4612030122410416,1,Mid-range
-0.44500596754244864,-0.729899486453358,-0.4676860560003944,-0.2314248922371213,0.32388363119543745,0.4612030122410416,1,Mid-range
0.03556203196343534,-0.37919169900937943,-0.19534829579804153,-0.4176448819672531,-0.17667822249118445,-1.4006081824134484,0,Economy
-0.44500596754244864,0.8333373562682447,-0.4778504411783872,-0.4176448819672531,-0.6593628671175696,0.4612030122410416,3,Luxury
-0.9255739670483327,-0.14461993298127573,-0.89233470800326,-0.04520490250698953,1.5305952427614014,0.4612030122410416,1,Mid-range
0.5161300314693194,-1.2369884512494056,0.7804326812892642,-1.1625248408877793,0.7976296712917049,0.4612030122410416,1,Mid-range
-0.9255739670483327,1.4651863044664946,-0.8887723330075443,0.6996750564135367,-1.705179597141404,0.5421513250521064,3,Luxury
0.03556203196343534,-1.0633593499246818,-0.06235296262466075,-1.1625248408877793,1.2266826887373805,0.4612030122410416,1,Mid-range
0.03556203196343534,0.2003385464718179,0.32609219300719333,0.6996750564135367,-0.08729217719000198,0.5421513250521064,2,Premium
0.5161300314693194,0.1667625878050501,-0.0309292011588304,0.6996750564135367,0.672489207870049,-1.4006081824134484,0,Economy
0.9966980309752034,-1.1785754820620151,-0.2236853696275971,-1.1625248408877793,1.2266826887373805,-1.8862980592798373,0,Economy
0.5161300314693194,-0.4894634262745517,0.8942737952827833,-0.2314248922371213,2.7462454588574823,-1.8862980592798373,0,Economy
0.03556203196343534,-0.5691488350282163,-1.1954033305252352,-0.04520490250698953,-0.9990298392620627,0.7849962634853007,2,Premium
0.5161300314693194,-1.144424592596159,0.349733800013784,-1.1625248408877793,0.672489207870049,-1.5625048080355781,0,Economy
0.5161300314693194,-0.49210810795035875,-0.7387498799271056,-0.7900848614275162,0.5473487444483937,-1.5625048080355781,0,Economy
-0.9255739670483327,-0.028598897725218585,0.0841819769635959,-1.1625248408877793,0.43114688555685665,0.4612030122410416,1,Mid-range
-0.44500596754244864,0.384891332979223,-0.6999083760336026,-0.04520490250698953,-0.43589775386461344,0.4612030122410416,3,Luxury
-0.9255739670483327,-0.26432052535149925,-0.35162813800138937,-1.1625248408877793,-0.5878540308766232,0.4612030122410416,1,Mid-range
-0.44500596754244864,0.4312307553857552,0.2823778075676186,0.6996750564135367,-0.5878540308766232,0.4612030122410416,2,Premium
0.03556203196343534,-0.8336170026089215,-0.6705295382821006,-0.7900848614275162,-0.08729217719000198,0.13740976099678243,1,Mid-range
-0.44500596754244864,-0.10897422343778941,-0.08628444283817911,-0.04520490250698953,-1.7856270379124688,0.5421513250521064,2,Premium
0.03556203196343534,0.8339122870673332,1.1468324148461828,0.6996750564135367,0.32388363119543745,0.4612030122410416,2,Premium
-0.44500596754244864,1.063884606702729,-0.0014795891697927843,1.6307750050641947,0.011032472641298852,0.299306386618912,3,Luxury
0.03556203196343534,-0.028483911565400886,1.4423976774738008,0.6996750564135367,0.5473487444483937,-1.4006081824134484,0,Economy
0.5161300314693194,-0.6609077905627392,-0.40828538902020467,-0.2314248922371213,1.2177440842072627,-1.5625048080355781,0,Economy
-0.9255739670483327,2.033217933965922,-0.5051974774906061,0.6996750564135367,-1.526407506539039,0.4612030122410416,3,Luxury
1.4772660304810874,-1.3279425036652046,0.3889457392782182,-1.1625248408877793,0.672489207870049,-1.5625048080355781,0,Economy
0.03556203196343534,-0.4999271668179622,0.03299649951911748,-1.1625248408877793,0.43114688555685665,0.4612030122410416,1,Mid-range
0.03556203196343534,-0.4837141182836668,-0.03898240588948319,-0.04520490250698953,-0.6593628671175696,0.4612030122410416,2,Premium
0.03556203196343534,-0.6034147106538903,-0.5796975806618747,-1.1625248408877793,0.43114688555685665,0.4612030122410416,1,Mid-range
-0.9255739670483327,-0.33952147387227366,-1.2787749521037088,-1.1625248408877793,-0.346511708563431,0.4612030122410416,1,Mid-range
1.9578340299869714,-0.6034147106538903,0.26385256401757423,0.6996750564135367,0.672489207870049,-1.4006081824134484,0,Economy
0.5161300314693194,-0.7184008704715882,0.8572483282077482,-0.2314248922371213,1.7004287288336473,-1.8862980592798373,0,Economy
-0.9255739670483327,1.9550273452898876,-0.921763023185258,0.6996750564135367,-1.8571358741534145,0.5421513250521064,3,Luxury
2.4384020294928552,-0.18946453531017793,2.4222228967060007,2.561874953714853,-1.526407506539039,2.9706007093840503,2,Premium
0.5161300314693194,-0.2009631512919477,0.5304159109377836,0.6996750564135367,-0.5074065901055592,0.704047950674236,2,Premium
-0.9255739670483327,-0.6384854893982881,-0.6745651756564739,-1.1625248408877793,0.011032472641298852,0.4612030122410416,1,Mid-range
0.03556203196343534,-1.1553482777788402,0.7140554814898689,-1.1625248408877793,0.7976296712917049,0.4612030122410416,1,Mid-range
-0.9255739670483327,0.4878039460160626,-1.02205162360812,-0.2314248922371213,-1.1688633253343093,0.4612030122410416,3,Luxury
-0.44500596754244864,-0.43151040172643196,-0.5002798511378246,-1.1625248408877793,0.7976296712917049,0.5421513250521064,1,Mid-range
-0.44500596754244864,0.5464468875230886,-1.1635398652857794,-0.2314248922371213,-0.08729217719000198,0.4612030122410416,3,Luxury
0.5161300314693194,-0.6849398979646381,0.12758099756357397,-0.2314248922371213,1.7004287288336473,-1.8862980592798373,0,Economy
0.5161300314693194,-0.40103906937474204,0.22526751538086995,0.6996750564135367,0.9317087392434786,0.4612030122410416,2,Premium
0.5161300314693194,-0.0549307283234714,1.4331759449063894,0.6996750564135367,1.07472641172537,-1.5625048080355781,0,Economy
-0.9255739670483327,1.0058165959947916,-0.885752058554655,-0.2314248922371213,-1.2314335570451371,0.5421513250521064,3,Luxury
-0.9255739670483327,0.8908304361770937,-1.035759023048156,-0.2314248922371213,-1.2314335570451371,0.4612030122410416,3,Luxury
1.9578340299869714,-0.40425868184963754,-0.10344140376810927,0.6996750564135367,0.672489207870049,-1.4006081824134484,0,Economy
-0.44500596754244864,0.2588665018190261,0.5602043357660876,-0.4176448819672531,-0.2660642677923669,0.4612030122410416,2,Premium
-1.4061419665542167,-0.5240742603796787,-1.0536741552729865,-1.1625248408877793,-0.346511708563431,0.4612030122410416,1,Mid-range
0.03556203196343534,0.029009168343448053,0.3860846530799688,0.6996750564135367,-0.08729217719000198,0.4612030122410416,2,Premium
0.03556203196343534,0.8912903808163645,-0.23112693162457607,0.6996750564135367,-1.526407506539039,0.5421513250521064,3,Luxury
0.9966980309752034,-0.2820283939634247,2.2887535189020967,0.6996750564135367,1.2177440842072627,-1.5625048080355781,0,Economy
0.03556203196343534,-0.3159493111096456,3.2512064887041583,0.6996750564135367,0.32388363119543745,0.13740976099678243,2,Premium
0.5161300314693194,0.2004535326316356,0.30430577452494156,0.6996750564135367,-0.6593628671175696,1.3516344531627542,2,Premium
0.9966980309752034,-0.7990061685037944,-0.24630574682371195,-1.1625248408877793,0.21662037683401889,-1.8862980592798373,0,Economy
-0.9255739670483327,0.6591333241444325,-0.5051974774906061,-0.7900848614275162,-1.2314335570451371,0.4612030122410416,3,Luxury
0.5161300314693194,-0.14484990530091113,-0.6916413427555018,0.6996750564135367,-0.5074065901055592,0.7849962634853007,2,Premium
0.9966980309752034,-0.8103897983257464,0.8362690372003712,-0.7900848614275162,0.21662037683401889,-1.4006081824134484,0,Economy
-0.9255739670483327,1.2352139848310988,-1.1636947511551583,0.6996750564135367,-1.1152316981536003,0.4612030122410416,3,Luxury
-1.4061419665542167,1.1208027558124893,-1.1891992909795568,-0.2314248922371213,-1.285065184225847,0.4612030122410416,3,Luxury
-0.44500596754244864,-0.3160642972694633,-0.7218634480180669,-1.1625248408877793,0.9317087392434786,0.4612030122410416,1,Mid-range
0.03556203196343534,-0.10104017841036825,1.927035562760496,0.3272350769532736,2.075850119098614,-1.8862980592798373,0,Economy
-0.44500596754244864,0.4314607277053906,-0.4715485223680317,-0.2314248922371213,-1.1688633253343093,0.5421513250521064,3,Luxury
-0.9255739670483327,1.465761235265583,-0.8900888628972653,0.6996750564135367,-0.08729217719000198,0.4612030122410416,3,Luxury
0.5161300314693194,-0.8346518780472807,0.10925799921604581,-1.1625248408877793,0.43114688555685665,-1.5625048080355781,0,Economy
0.5161300314693194,0.3790270388285204,-0.25389515442327987,0.6996750564135367,-1.7409340152618775,2.323014206895532,2,Premium
0.03556203196343534,-0.9253759581434443,-0.42845152921334234,-1.1625248408877793,1.2177440842072627,0.5421513250521064,1,Mid-range
0.03556203196343534,-0.5234993295805903,-0.3238863578415175,-0.2314248922371213,0.32388363119543745,-1.4006081824134484,0,Economy
0.03556203196343534,-0.33906152923300287,-0.14848671554039194,-1.1625248408877793,0.9317087392434786,0.5421513250521064,1,Mid-range
0.03556203196343534,-0.7186308427912236,0.4528232532412484,-1.1625248408877793,0.43114688555685665,-1.5625048080355781,0,Economy
0.9966980309752034,-0.9830990103719287,0.8573616765030665,-1.1625248408877793,0.43114688555685665,-1.5625048080355781,0,Economy
4.360674027516391,-1.4663858400857128,0.918969486678203,-0.04520490250698953,-1.1688633253343093,1.3516344531627542,2,Premium
-0.9255739670483327,1.925130943737286,0.0841819769635959,0.6996750564135367,-1.7856270379124688,0.5421513250521064,3,Luxury
-0.44500596754244864,-0.25845623120079664,1.2574133964085383,-0.04520490250698953,2.075850119098614,0.299306386618912,2,Premium
0.03556203196343534,3.415351574974651,0.8678915688652377,4.42407485101617,-1.4370214612378567,3.051549022195115,2,Premium
0.9966980309752034,0.2587515156592084,0.09319703858812906,2.561874953714853,-0.346511708563431,0.704047950674236,2,Premium
-0.9255739670483327,5.605837919501795,-0.9953338111402533,2.561874953714853,-1.9375833149244786,0.4612030122410416,3,Luxury
0.03556203196343534,-0.5345380009230892,0.1320804320690322,-1.1625248408877793,0.43114688555685665,0.4612030122410416,1,Mid-range
-0.9255739670483327,1.810144783919588,-0.8985301427784175,0.6996750564135367,-1.8571358741534145,0.4612030122410416,3,Luxury
-0.44500596754244864,-0.22396038325548728,-0.37234412303082226,-0.04520490250698953,1.5305952427614014,0.4612030122410416,1,Mid-range
-0.9255739670483327,0.4314607277053906,0.0841819769635959,-0.2314248922371213,-1.3833898340571478,0.4612030122410416,3,Luxury
-0.44500596754244864,-0.644234797389173,-0.7852892115287419,-0.2314248922371213,0.32388363119543745,0.4612030122410416,1,Mid-range
-0.44500596754244864,-0.35044515905495494,-0.9040769929755507,-1.1625248408877793,0.32388363119543745,0.4612030122410416,1,Mid-range
-0.44500596754244864,1.6957335549009789,-0.7028899290191472,0.6996750564135367,-1.3833898340571478,0.4612030122410416,3,Luxury
0.5161300314693194,-0.9195116639927418,-0.7701917114110299,-1.1625248408877793,0.7976296712917049,-1.5625048080355781,0,Economy
0.03556203196343534,0.603365036632849,-1.1891992909795568,-1.1625248408877793,-0.9364596075512354,0.4612030122410416,1,Mid-range
-0.9255739670483327,0.7189261272496353,-0.17157331484837463,-0.2314248922371213,-1.2314335570451371,0.4612030122410416,3,Luxury
-0.44500596754244864,-0.5120007135988205,0.11710490457345618,-1.1625248408877793,0.5473487444483937,0.5421513250521064,1,Mid-range
-0.44500596754244864,1.4663361660646717,0.25933853449750166,0.6996750564135367,-1.329758206876438,0.5421513250521064,3,Luxury
0.5161300314693194,0.4763053300342928,-0.6586274196973813,2.561874953714853,-0.346511708563431,0.704047950674236,2,Premium
0.5161300314693194,-0.777043811978614,1.9323421247408286,-1.1625248408877793,0.43114688555685665,-1.5625048080355781,0,Economy
-0.9255739670483327,0.14399532816114594,-1.0998043300363467,-1.1625248408877793,0.43114688555685665,0.4612030122410416,1,Mid-range
0.03556203196343534,0.14342039736205744,0.1150946150604753,-0.2314248922371213,0.10935712247259968,0.13740976099678243,2,Premium
-0.9255739670483327,-0.856614234572461,-0.30655635001211856,-1.1625248408877793,0.10935712247259968,0.4612030122410416,1,Mid-range
-0.9255739670483327,0.7303097570715874,-0.82526912656218,0.6996750564135367,-1.5711005291896303,0.5421513250521064,3,Luxury
0.9966980309752034,-0.028483911565400886,0.6769407594769742,0.6996750564135367,0.9317087392434786,-1.4006081824134484,0,Economy
0.9966980309752034,-0.6610227767225569,-0.10205772056439158,-0.2314248922371213,2.4870259274840527,-1.8862980592798373,0,Economy
0.03556203196343534,-0.7649702651977558,-0.7135361813463188,-0.6038648716973845,0.24343619042437337,-1.4006081824134484,0,Economy
0.9966980309752034,-0.4884285508361924,0.6925631114838772,0.6996750564135367,-0.2660642677923669,0.5421513250521064,2,Premium
0.9966980309752034,-1.0950955300343663,0.05234237040603927,-0.7900848614275162,-0.08729217719000198,0.13740976099678243,1,Mid-range
-0.9255739670483327,-0.7557713724123399,-0.9813940828961489,-0.7900848614275162,-0.6593628671175696,0.4612030122410416,1,Mid-range
-0.9255739670483327,0.6027901058337605,-0.8862941590974813,0.6996750564135367,-0.5074065901055592,0.4612030122410416,3,Luxury
0.5161300314693194,0.1782612037868199,-0.02393610415637157,0.6996750564135367,0.672489207870049,-1.4006081824134484,0,Economy
-0.44500596754244864,0.2579466125404845,-0.22265661064291542,-0.2314248922371213,-0.17667822249118445,0.5421513250521064,1,Mid-range
-0.9255739670483327,-0.22396038325548728,-0.08607631495120124,2.561874953714853,-1.285065184225847,0.5421513250521064,3,Luxury
-0.44500596754244864,-0.6045645722520673,-0.41605097929619117,-1.1625248408877793,-0.2660642677923669,0.4612030122410416,1,Mid-range
0.9966980309752034,-0.839136338280171,1.8853814331718137,-0.04520490250698953,1.2177440842072627,-1.8862980592798373,0,Economy
-0.44500596754244864,-0.14404500218218727,-0.438819202094895,-1.1625248408877793,-0.2660642677923669,0.4612030122410416,1,Mid-range
0.5161300314693194,-0.5231543711011372,-0.5314506323503357,-1.1625248408877793,0.011032472641298852,-1.4006081824134484,0,Economy
-0.44500596754244864,-0.5459216307450413,-0.7180687442182829,-1.1625248408877793,0.43114688555685665,0.5421513250521064,1,Mid-range
-0.9255739670483327,-0.14461993298127573,-0.3719956298247197,-1.1625248408877793,0.43114688555685665,0.4612030122410416,1,Mid-range
-0.9255739670483327,2.0066561310480338,-0.9409688709882463,1.0721150358738003,-1.4370214612378567,0.4612030122410416,3,Luxury
-0.9255739670483327,3.5349371811850565,-1.0662715393158066,2.561874953714853,-1.5711005291896303,0.4612030122410416,3,Luxury
0.5161300314693194,-0.31824903430599955,1.0660112472501493,0.6996750564135367,0.32388363119543745,0.13740976099678243,2,Premium
0.9966980309752034,-0.26420553919168155,0.7875292702135356,0.6996750564135367,0.672489207870049,-1.4006081824134484,0,Economy
0.03556203196343534,0.12214795779578333,-0.27642244364739427,0.6996750564135367,-0.08729217719000198,0.4612030122410416,2,Premium
3.3995380285046233,-1.4658109092866245,1.9392403541482932,-0.04520490250698953,1.07472641172537,-1.5625048080355781,0,Economy
-0.44500596754244864,-0.030783634761754847,-0.29123232931043996,-0.04520490250698953,2.075850119098614,0.3802546994299768,1,Mid-range
-0.9255739670483327,1.5807473950832809,-1.008499110037463,0.6996750564135367,-2.1342326145870802,0.4612030122410416,3,Luxury
-0.9255739670483327,0.5718588288427997,-0.9745791046434757,-0.2314248922371213,-1.6604865744908128,0.4612030122410416,3,Luxury
0.03556203196343534,-0.8333870302892861,4.505265744442289,0.6996750564135367,1.07472641172537,-1.5625048080355781,0,Economy
0.03556203196343534,-0.34009640467136215,2.4624501988919194,0.6996750564135367,0.011032472641298852,0.5421513250521064,2,Premium
-0.9255739670483327,0.6608581165416979,-1.2787749521037088,-0.04520490250698953,-0.08729217719000198,0.4612030122410416,3,Luxury
0.03556203196343534,-1.1323510458153005,-0.2188694360173374,-1.1625248408877793,1.2266826887373805,-1.8862980592798373,0,Economy
0.03556203196343534,-0.20153808209103619,0.3307301643180404,-1.1625248408877793,-0.08729217719000198,-1.4006081824134484,0,Economy
-0.9255739670483327,3.5935801226920825,-0.5791554801190485,2.561874953714853,-2.009092151165425,0.4612030122410416,3,Luxury
0.9966980309752034,-0.6044495860922495,0.2747514385674033,-0.4176448819672531,-0.17667822249118445,-1.4006081824134484,0,Economy
0.9966980309752034,-0.7764688811795256,0.1496247769095919,0.6996750564135367,0.011032472641298852,0.5421513250521064,2,Premium
0.03556203196343534,-0.7597958880059594,0.9959477637595346,-0.4176448819672531,1.7004287288336473,0.4612030122410416,1,Mid-range
0.03556203196343534,-0.9024937123397224,-0.08012181375063283,-0.4176448819672531,-0.7308717033585154,0.4612030122410416,2,Premium
-0.44500596754244864,-0.22396038325548728,0.29267771788131797,-1.1625248408877793,0.43114688555685665,0.4612030122410416,1,Mid-range
-0.44500596754244864,-0.22453531405457577,-0.5622826007235805,-1.1625248408877793,0.21662037683401889,0.4612030122410416,1,Mid-range
-0.44500596754244864,-0.7436978256314817,-0.6812736698739491,-0.9763048511576475,0.011032472641298852,0.4612030122410416,1,Mid-range
0.9966980309752034,-0.9495230517051609,0.6917253197358731,-0.04520490250698953,1.2177440842072627,-1.8862980592798373,0,Economy
0.03556203196343534,1.062734745104552,-0.2939503611987773,2.561874953714853,-1.2314335570451371,0.4612030122410416,3,Luxury
0.03556203196343534,-0.3734423910184945,-0.3271991944921225,-0.4176448819672531,0.011032472641298852,0.5421513250521064,1,Mid-range
0.03556203196343534,0.7131768192587504,-0.3487025160242317,0.3272350769532736,1.7004287288336473,-1.8862980592798373,0,Economy
0.5161300314693194,-0.672406406544509,-0.19534829579804153,-1.1625248408877793,0.672489207870049,-1.5625048080355781,0,Economy
-0.9255739670483327,0.8891056437798281,-1.1642368516979846,0.6996750564135367,-0.6593628671175696,0.4612030122410416,3,Luxury
-1.4061419665542167,0.6603981719024271,-1.1701354218901656,-1.1625248408877793,-0.5074065901055592,0.4612030122410416,3,Luxury
-1.4061419665542167,-0.22396038325548728,-1.1891992909795568,0.6996750564135367,-0.6593628671175696,0.4612030122410416,3,Luxury
-1.4061419665542167,1.350085158488979,-0.9280875295182313,-0.2314248922371213,-1.0526614664427723,0.4612030122410416,3,Luxury
1.4772660304810874,-0.8909950963579527,0.18317340823040917,-0.04520490250698953,1.7004287288336473,-1.8862980592798373,0,Economy
0.5161300314693194,-0.8793814942163652,0.24727679741961692,-0.7900848614275162,-0.08729217719000198,0.13740976099678243,1,Mid-range
-0.44500596754244864,-0.8966294181890199,-0.42113317188518756,-0.7900848614275162,0.21662037683401889,0.4612030122410416,1,Mid-range
-1.4061419665542167,1.878331576691483,-1.0536741552729865,0.6996750564135367,-0.5878540308766232,0.4612030122410416,3,Luxury
-0.9255739670483327,-0.7189758012706766,-1.0749451480010273,-1.1625248408877793,0.21662037683401889,0.4612030122410416,1,Mid-range
0.5161300314693194,-0.5461516030646767,2.460131213236496,0.6996750564135367,1.2177440842072627,-1.5625048080355781,0,Economy
-0.44500596754244864,0.48458433354116703,0.3716888719982484,0.6996750564135367,-1.1152316981536003,0.5421513250521064,2,Premium
1.9578340299869714,-0.6609077905627392,1.556053457948405,0.6996750564135367,0.5473487444483937,-1.4006081824134484,0,Economy
1.4772660304810874,-1.0752029243859047,-0.48403942237565395,-1.1625248408877793,0.9317087392434786,-1.8862980592798373,0,Economy
-0.44500596754244864,-0.4890034816352809,-0.09241695522890142,-1.1625248408877793,0.9317087392434786,0.5421513250521064,1,Mid-range
0.5161300314693194,-0.8911100825177704,1.3135885651589116,-0.2314248922371213,1.2177440842072627,-1.5625048080355781,0,Economy
0.5161300314693194,-1.12188730527189,4.791976698203744,-0.04520490250698953,1.7004287288336473,-1.8862980592798373,0,Economy
0.9966980309752034,-0.8011909055403307,-0.15518357376136713,-0.7900848614275162,0.43114688555685665,-1.5625048080355781,0,Economy
0.5161300314693194,-0.0877017838715153,0.3125457027759012,0.6996750564135367,-0.9990298392620627,0.704047950674236,2,Premium
0.03556203196343534,0.033608614736155965,-0.2863007202055619,-0.2314248922371213,-0.864950771310289,0.4612030122410416,2,Premium
0.9966980309752034,-0.374017321817583,-0.3421096973013747,-0.2314248922371213,0.32388363119543745,-1.4006081824134484,0,Economy
-0.9255739670483327,3.3049648615496605,-0.47863455089211826,2.561874953714853,-1.9733377330449515,0.4612030122410416,3,Luxury
0.03556203196343534,-0.7760089365402548,0.04763321417542706,-0.7900848614275162,0.43114688555685665,0.4612030122410416,1,Mid-range
0.5161300314693194,-0.834536891887463,2.1356840383549667,-0.04520490250698953,1.7004287288336473,-1.8862980592798373,0,Economy
-0.44500596754244864,-0.3160642972694633,-0.08628444283817911,-0.2314248922371213,0.32388363119543745,0.4612030122410416,1,Mid-range
0.9966980309752034,-0.6618276798412808,3.402228033867278,0.6996750564135367,1.07472641172537,-1.5625048080355781,0,Economy
0.9966980309752034,-1.0059812561756505,0.36439515560385843,-0.7900848614275162,-0.08729217719000198,-1.4006081824134484,0,Economy
0.03556203196343534,2.0705884359066737,-0.9182092529600635,0.6996750564135367,-1.526407506539039,0.4612030122410416,3,Luxury
-0.44500596754244864,1.0051266790358853,0.21068501077884294,0.6996750564135367,-1.3833898340571478,0.4612030122410416,3,Luxury
-0.9255739670483327,-0.41690715942958434,-0.7685808983694891,-0.2314248922371213,-0.6593628671175696,0.4612030122410416,1,Mid-range
-0.9255739670483327,1.0636546343830935,-0.9068165367901907,1.2583350256039312,-1.8571358741534145,0.4612030122410416,3,Luxury
-0.44500596754244864,-0.45416267521051845,0.4515131769294183,-0.2314248922371213,0.5473487444483937,0.4612030122410416,1,Mid-range
0.03556203196343534,-0.5005020976170507,-0.22823572872950262,-0.2314248922371213,0.7976296712917049,-1.5625048080355781,0,Economy
0.9966980309752034,-0.8794964803761829,1.5649014486264226,-0.04520490250698953,1.7004287288336473,-1.8862980592798373,0,Economy
0.9966980309752034,-0.975739896143596,-0.5046412964141996,-0.6038648716973845,0.24343619042437337,-1.4006081824134484,0,Economy
-0.44500596754244864,-0.4890034816352809,0.1434645434683841,-1.1625248408877793,0.7976296712917049,0.5421513250521064,1,Mid-range
0.03556203196343534,-0.7186308427912236,0.07570197561509898,-0.6038648716973845,-0.024721945479174005,0.4612030122410416,1,Mid-range
-0.44500596754244864,-0.14404500218218727,0.5392657022994225,-0.04520490250698953,0.5473487444483937,0.4612030122410416,2,Premium
0.03556203196343534,-0.22396038325548728,-0.04874021566035625,-0.7900848614275162,0.43114688555685665,0.4612030122410416,1,Mid-range
0.5161300314693194,-0.3734423910184945,1.2536322451223247,0.6996750564135367,0.43114688555685665,0.4612030122410416,2,Premium
0.03556203196343534,-0.02963377316357787,-0.2188694360173374,0.6996750564135367,-0.9990298392620627,0.704047950674236,2,Premium
-0.44500596754244864,0.3728177861983647,0.33319973345758247,0.6996750564135367,-0.5074065901055592,0.4612030122410416,2,Premium
-0.44500596754244864,-0.22396038325548728,0.8326098585362938,-0.04520490250698953,0.5473487444483937,0.5421513250521064,2,Premium
0.5161300314693194,0.18562031801515255,1.6119607039304964,0.6996750564135367,0.5473487444483937,-1.4006081824134484,0,Economy
-0.9255739670483327,-0.4194368549455737,-1.2725795173285515,-1.1625248408877793,0.32388363119543745,0.4612030122410416,1,Mid-range
0.03556203196343534,-0.25880118968024973,-0.43971517382539954,0.14101508722314182,0.5741645580387488,0.4612030122410416,1,Mid-range
0.5161300314693194,-0.13484610939677144,1.0166258877986747,0.6996750564135367,0.32388363119543745,0.13740976099678243,2,Premium
0.5161300314693194,1.2932819955390362,1.8596464419478245,0.6996750564135367,2.7104910407370086,-1.8862980592798373,0,Economy
-0.9255739670483327,1.421261591416134,-1.270023900483799,0.6996750564135367,-0.43589775386461344,0.4612030122410416,3,Luxury
0.9966980309752034,-0.2596060927989736,0.22063994801983472,0.6996750564135367,0.7976296712917049,-1.4006081824134484,0,Economy
-0.9255739670483327,-0.7184008704715882,-1.2021064467611349,-1.1625248408877793,0.21662037683401889,0.4612030122410416,1,Mid-range
0.9966980309752034,-0.8092399367275694,3.574862415823684,0.6996750564135367,0.9317087392434786,-1.4006081824134484,0,Economy
0.03556203196343534,-0.889730248599958,0.8888527898545204,-1.1625248408877793,0.9317087392434786,0.5421513250521064,1,Mid-range
-0.9255739670483327,5.61158722749268,-1.0323515339218194,2.561874953714853,-1.9375833149244786,0.4612030122410416,3,Luxury
0.5161300314693194,-0.488198578516557,0.47935003980354773,-0.04520490250698953,0.32388363119543745,-1.5625048080355781,0,Economy
-0.9255739670483327,0.8912903808163645,-0.827747300472243,0.6996750564135367,-0.43589775386461344,0.4612030122410416,3,Luxury
0.5161300314693194,-0.4080532251236216,-0.324937430560664,0.6996750564135367,-0.08729217719000198,0.4612030122410416,2,Premium
-0.9255739670483327,-0.02963377316357787,-1.2718050879816567,-0.04520490250698953,1.2177440842072627,0.5421513250521064,1,Mid-range
0.03556203196343534,0.8902555053780051,1.1303886983804523,2.561874953714853,-0.5074065901055592,0.4612030122410416,2,Premium
0.9966980309752034,-0.25903116199988513,0.47833483333243665,0.6996750564135367,0.32388363119543745,0.13740976099678243,2,Premium
-0.9255739670483327,-0.8563842622528256,-0.7468968766564378,-1.1625248408877793,0.21662037683401889,0.4612030122410416,1,Mid-range
0.03556203196343534,0.13249671217937614,-0.9143543157666323,0.6996750564135367,-0.6593628671175696,0.4612030122410416,2,Premium
0.03556203196343534,-0.7185158566314058,-0.37604847674013514,-1.1625248408877793,0.43114688555685665,0.5421513250521064,1,Mid-range
-0.9255739670483327,0.8036709270352786,-1.0326613056605773,-0.2314248922371213,-1.1688633253343093,0.4612030122410416,3,Luxury
0.03556203196343534,-0.6610227767225569,-0.6083686760380203,-1.1625248408877793,0.9317087392434786,0.4612030122410416,1,Mid-range
0.9966980309752034,-0.7764688811795256,1.7719345741185322,0.14101508722314182,0.10935712247259968,0.13740976099678243,2,Premium
-0.9255739670483327,-0.22396038325548728,-0.9550634851017297,-1.1625248408877793,-0.5074065901055592,0.4612030122410416,1,Mid-range
-0.9255739670483327,2.029768349171391,-0.7902649200825402,0.6996750564135367,-1.526407506539039,0.4612030122410416,3,Luxury
-0.44500596754244864,1.0637696205429112,-0.7361613498351101,0.6996750564135367,-0.6593628671175696,0.4612030122410416,3,Luxury
-0.44500596754244864,0.23540932521621574,0.1976745977510122,0.6996750564135367,-1.2314335570451371,0.4612030122410416,2,Premium
0.5161300314693194,-0.762210597362131,1.9162417386188881,-0.04520490250698953,1.8792008194360121,-1.8862980592798373,0,Economy
0.03556203196343534,-0.376317045013937,0.6229223569014058,-1.1625248408877793,0.43114688555685665,0.4612030122410416,1,Mid-range
-0.9255739670483327,-0.25903116199988513,-0.17048911376272205,-0.04520490250698953,1.2177440842072627,0.4612030122410416,1,Mid-range
0.5161300314693194,-0.8448856462710559,0.02664187648932054,-1.1625248408877793,0.43114688555685665,-1.5625048080355781,0,Economy
0.5161300314693194,-0.8336170026089215,1.5027274445510008,-0.2314248922371213,1.7004287288336473,-1.8862980592798373,0,Economy
-0.9255739670483327,-0.22396038325548728,-1.1614489060491637,-1.1625248408877793,-0.346511708563431,0.4612030122410416,1,Mid-range
-0.9255739670483327,0.2699051731615251,-0.6900537625943678,-0.2314248922371213,-1.6604865744908128,0.5421513250521064,3,Luxury
0.9966980309752034,-0.22396038325548728,0.6917253197358731,0.6996750564135367,-0.17667822249118445,0.4612030122410416,2,Premium
-0.9255739670483327,0.9576373950311762,-0.8059083928898129,0.6996750564135367,-1.6157935518402216,0.4612030122410416,3,Luxury
0.5161300314693194,-0.20211301289012468,0.5686882092613189,-0.04520490250698953,0.5473487444483937,-1.4006081824134484,0,Economy
0.5161300314693194,0.5349482715413187,0.6118394124702908,0.6996750564135367,-1.1152316981536003,1.432582765973819,2,Premium
-0.9255739670483327,0.028779196023812657,-0.2186586191395716,-0.2314248922371213,1.7004287288336473,0.4612030122410416,1,Mid-range
0.03556203196343534,1.1208027558124893,-0.18510861887798954,0.6996750564135367,-0.5074065901055592,0.4612030122410416,2,Premium
-0.44500596754244864,2.156138138811041,-0.3913854045975954,0.6996750564135367,-0.7308717033585154,0.4612030122410416,3,Luxury
2.9189700289987393,-1.3743969122315545,2.515154418333364,-0.04520490250698953,1.7004287288336473,-1.8862980592798373,0,Economy
0.5161300314693194,-0.9944826401938808,0.4731700936153281,-0.7900848614275162,-0.08729217719000198,0.13740976099678243,1,Mid-range
0.03556203196343534,0.14342039736205744,0.0046265711112086876,0.6996750564135367,0.43114688555685665,0.4612030122410416,2,Premium
0.03556203196343534,0.8908304361770937,-0.8927305274472283,-0.2314248922371213,-1.285065184225847,0.4612030122410416,3,Luxury
0.5161300314693194,-0.6039896414529787,0.951411192496673,-0.4176448819672531,0.5473487444483937,-1.5625048080355781,0,Economy
-0.44500596754244864,-0.4885435369960101,0.33096356871842403,-0.04520490250698953,0.5473487444483937,0.5421513250521064,1,Mid-range
-0.9255739670483327,0.1462950513574999,-1.1256702702226293,-1.1625248408877793,0.43114688555685665,0.4612030122410416,1,Mid-range
-0.44500596754244864,-0.731049348051535,-0.4071063203395575,-0.9763048511576475,0.7976296712917049,0.4612030122410416,1,Mid-range
0.9966980309752034,-0.3735573771783122,3.1919915869857403,0.6996750564135367,0.9317087392434786,-1.4006081824134484,0,Economy
-0.9255739670483327,-0.7195507320697652,-0.9264870422013157,-1.1625248408877793,1.07472641172537,0.4612030122410416,1,Mid-range
0.9966980309752034,-0.5231543711011372,1.3043482149970997,0.6996750564135367,0.672489207870049,-1.4006081824134484,0,Economy
-0.9255739670483327,0.6556837393499015,-1.088420218636995,-0.04520490250698953,-0.8023805395994617,0.4612030122410416,3,Luxury
0.03556203196343534,-0.9489481209060724,-0.8690588037438141,-0.7900848614275162,0.21662037683401889,0.4612030122410416,1,Mid-range
0.5161300314693194,-0.890880110198135,2.833313226918108,-0.04520490250698953,2.2724994187612153,-1.8862980592798373,0,Economy
-0.9255739670483327,0.7407734976149979,-1.1751563054891998,-0.2314248922371213,-1.1688633253343093,0.5421513250521064,3,Luxury
0.03556203196343534,-1.1210824021531662,-0.9433265781110146,-1.1625248408877793,0.43114688555685665,-1.5625048080355781,0,Economy
-0.9255739670483327,-0.11012408503596638,-0.16561020887728564,-0.04520490250698953,0.21662037683401889,0.4612030122410416,1,Mid-range
0.03556203196343534,-0.8244181098235056,-0.26684533405746325,-1.1625248408877793,0.21662037683401889,-1.8862980592798373,0,Economy
-0.9255739670483327,1.3513500062469737,-0.9823233981124226,0.6996750564135367,-1.285065184225847,0.4612030122410416,3,Luxury
0.03556203196343534,-0.7531266907365329,-0.895983130704186,-0.4176448819672531,-0.43589775386461344,0.13740976099678243,1,Mid-range
-0.9255739670483327,0.3045160072666522,-0.8158210885300647,-0.04520490250698953,-0.5074065901055592,0.4612030122410416,3,Luxury
0.03556203196343534,-0.2067124592828326,-0.4694102368935503,-0.2314248922371213,-1.526407506539039,0.4612030122410416,2,Premium
0.03556203196343534,-1.293561641879713,-0.35821939222051524,-0.7900848614275162,0.21662037683401889,-1.4006081824134484,0,Economy
-0.44500596754244864,0.3507404435133667,0.39926823711453546,1.444555015334063,-1.329758206876438,2.323014206895532,2,Premium
0.9966980309752034,0.5464468875230886,-0.4414619422411731,2.561874953714853,-1.526407506539039,1.9182726428402077,3,Luxury
-0.9255739670483327,0.31589963708860425,-0.2367028229222179,0.6996750564135367,-0.346511708563431,0.5421513250521064,3,Luxury
4.360674027516391,-1.523418975355291,-0.2856983862690884,-1.1625248408877793,0.5473487444483937,-1.5625048080355781,0,Economy
-0.44500596754244864,0.31532470628951575,0.48905363952013825,-0.2314248922371213,-0.08729217719000198,0.5421513250521064,2,Premium
0.5161300314693194,0.028434237544359562,-0.09917965950065923,-0.4176448819672531,0.32388363119543745,-1.4006081824134484,0,Economy
0.03556203196343534,0.08650224825229699,1.9128204818597179,0.6996750564135367,-0.17667822249118445,0.4612030122410416,2,Premium
-0.9255739670483327,3.928649792400854,-0.951501110106014,2.561874953714853,-1.9733377330449515,0.4612030122410416,3,Luxury
0.03556203196343534,-0.732199209649712,-0.02308078996657887,-1.1625248408877793,0.9317087392434786,0.4612030122410416,1,Mid-range
0.03556203196343534,-0.7873925663622069,0.49143285856920904,-1.1625248408877793,0.7976296712917049,0.5421513250521064,1,Mid-range
0.5161300314693194,-0.2816834354839716,1.010933832098999,0.6996750564135367,-0.6593628671175696,1.432582765973819,2,Premium
-1.4061419665542167,1.120227825013401,-1.1877536895320198,0.6996750564135367,0.21662037683401889,0.4612030122410416,3,Luxury
0.03556203196343534,0.31635958172787504,1.0021518033052133,0.6996750564135367,0.10935712247259968,0.4612030122410416,2,Premium
-0.9255739670483327,0.4027141877509662,-1.0859420447269317,-0.04520490250698953,0.21662037683401889,0.4612030122410416,3,Luxury
0.03556203196343534,-0.5459216307450413,2.1898940926375947,-0.4176448819672531,0.011032472641298852,-1.4006081824134484,0,Economy
-0.44500596754244864,-0.6382555170786528,-0.19873642419070578,-1.1625248408877793,0.9317087392434786,0.4612030122410416,1,Mid-range
0.5161300314693194,-1.1214273606326193,-0.5991047800950556,-1.1625248408877793,1.2266826887373805,-1.8862980592798373,0,Economy
0.03556203196343534,0.8914053669761821,-1.008499110037463,-0.2314248922371213,-0.9364596075512354,0.4612030122410416,3,Luxury
0.03556203196343534,-0.7189758012706766,-0.20733474113386705,-0.7900848614275162,0.43114688555685665,-1.5625048080355781,0,Economy
0.03556203196343534,-0.6039896414529787,-0.7374488386243225,-1.1625248408877793,0.9317087392434786,0.4612030122410416,1,Mid-range
1.4772660304810874,-1.3059801471400243,0.48769838816307254,-1.1625248408877793,0.43114688555685665,-1.5625048080355781,0,Economy
-0.44500596754244864,-0.7999260577823359,0.1129036253665525,-1.1625248408877793,0.21662037683401889,0.4612030122410416,1,Mid-range
-0.9255739670483327,3.5349371811850565,-0.45222651016300924,2.561874953714853,-1.8571358741534145,0.4612030122410416,3,Luxury
-0.9255739670483327,0.20137342191017718,-1.0786624088661216,-0.2314248922371213,1.07472641172537,0.4612030122410416,1,Mid-range
0.5161300314693194,-0.43093547092734347,1.2683231698329172,0.6996750564135367,0.43114688555685665,0.13740976099678243,2,Premium
-0.9255739670483327,1.2357889156301873,0.0841819769635959,0.6996750564135367,-0.7308717033585154,0.4612030122410416,3,Luxury
-0.44500596754244864,-0.5694937935076694,0.2789896791749543,-1.1625248408877793,-0.08729217719000198,0.4612030122410416,1,Mid-range
-0.9255739670483327,1.00639152679388,-0.25730264354961657,0.6996750564135367,-0.17667822249118445,0.4612030122410416,3,Luxury
0.03556203196343534,-0.6036446829735257,1.716580085356604,-0.2314248922371213,1.7004287288336473,0.5421513250521064,2,Premium
0.03556203196343534,-0.7528967184168975,0.4662553000246107,-0.4176448819672531,2.4870259274840527,0.4612030122410416,1,Mid-range
0.5161300314693194,0.3107252598968079,0.4514318618479943,0.6996750564135367,0.20768177230390053,0.13740976099678243,2,Premium
0.03556203196343534,0.0863872620924793,-0.16402693110141192,0.6996750564135367,-1.0526614664427723,1.3516344531627542,2,Premium
0.5161300314693194,0.2488627059148864,-0.06204577231705898,0.6996750564135367,0.011032472641298852,0.4612030122410416,2,Premium
-0.9255739670483327,0.4313457415455729,-0.9554506997751769,0.6996750564135367,-0.6593628671175696,0.4612030122410416,3,Luxury
0.03556203196343534,0.5452970259249116,-0.17673617716100593,2.561874953714853,0.10935712247259968,0.4612030122410416,2,Premium
-0.9255739670483327,1.3502001446487968,0.0841819769635959,0.6996750564135367,-1.481714483888448,0.4612030122410416,3,Luxury
-0.9255739670483327,0.25323217998795894,-1.2021064467611349,-0.2314248922371213,-1.6604865744908128,0.4612030122410416,3,Luxury
-0.44500596754244864,-0.16761716494481532,-0.4833392091745033,-1.1625248408877793,-0.17667822249118445,0.4612030122410416,1,Mid-range
0.9966980309752034,0.7131768192587504,1.4530808912016198,2.561874953714853,-0.2660642677923669,0.704047950674236,2,Premium
0.9966980309752034,-0.9834439688513817,0.027110054230852398,-1.1625248408877793,0.9317087392434786,-1.8862980592798373,0,Economy
0.03556203196343534,0.5823225693862103,-0.2188694360173374,0.6996750564135367,0.20768177230390053,0.13740976099678243,2,Premium
-0.44500596754244864,-0.6609077905627392,-0.9780059545034847,-0.9763048511576475,0.7976296712917049,0.4612030122410416,1,Mid-range
0.5161300314693194,-0.9713704220705235,0.022738752580971418,-1.1625248408877793,0.7976296712917049,-1.5625048080355781,0,Economy
1.9578340299869714,-1.0424318688378609,1.0966857979657654,-0.04520490250698953,1.07472641172537,-1.5625048080355781,0,Economy
0.03556203196343534,-0.638140530918835,-0.2543770215724588,-1.1625248408877793,0.011032472641298852,0.5421513250521064,1,Mid-range
-0.44500596754244864,-0.6150283127954778,-0.5825436085117127,-1.1625248408877793,0.32388363119543745,0.4612030122410416,1,Mid-range
1.4772660304810874,-0.8909950963579527,0.6741809748953131,0.6996750564135367,1.2177440842072627,-1.5625048080355781,0,Economy
-0.9255739670483327,0.7522721135967677,-0.31143525489755514,0.6996750564135367,1.5305952427614014,0.299306386618912,3,Luxury
-0.9255739670483327,1.437589626110247,-1.1313236044549604,0.6996750564135367,-1.3833898340571478,0.4612030122410416,3,Luxury
0.5161300314693194,-0.22396038325548728,-0.38497506567867457,-0.7900848614275162,0.43114688555685665,-1.5625048080355781,0,Economy
-0.9255739670483327,1.7872625381158664,-0.8148917733137913,0.6996750564135367,-1.8571358741534145,0.5421513250521064,3,Luxury
0.03556203196343534,-0.39528976138385713,-0.05373958733308749,-1.1625248408877793,0.32388363119543745,0.4612030122410416,1,Mid-range
0.5161300314693194,-0.8678828782345954,0.9202946213384448,-0.2314248922371213,1.7004287288336473,-1.8862980592798373,0,Economy
-0.9255739670483327,2.3862254446062545,-1.2706434439613146,0.6996750564135367,-0.5074065901055592,0.4612030122410416,3,Luxury
0.03556203196343534,0.2278202386682477,0.14545224545874705,0.6996750564135367,-1.0526614664427723,0.4612030122410416,2,Premium
0.9966980309752034,-0.9494080655453432,0.21561319753180908,-0.7900848614275162,0.43114688555685665,-1.5625048080355781,0,Economy
-1.4061419665542167,0.5462169152034532,-1.2786458805458931,-0.04520490250698953,-0.5074065901055592,0.4612030122410416,3,Luxury
0.03556203196343534,-0.8911100825177704,-0.2830481169486042,-1.1625248408877793,1.2177440842072627,0.4612030122410416,1,Mid-range
-0.9255739670483327,0.6602831857426095,-0.9400395557719727,0.6996750564135367,-0.2660642677923669,0.4612030122410416,3,Luxury
1.4772660304810874,-0.24810747681720383,1.5615092134114639,2.561874953714853,-0.346511708563431,0.704047950674236,2,Premium
1.4772660304810874,0.3095753982986309,1.459594311360123,2.561874953714853,-1.526407506539039,2.9706007093840503,2,Premium
0.5161300314693194,-0.8333870302892861,3.2563142804854555,-0.04520490250698953,1.7004287288336473,-1.8862980592798373,0,Economy
0.5161300314693194,-0.11702325462502826,1.9219880043728468,2.561874953714853,-0.346511708563431,0.704047950674236,2,Premium
0.5161300314693194,-1.0290934742990079,-0.35792424859164323,-1.1625248408877793,0.9585245528338331,0.4612030122410416,1,Mid-range
0.03556203196343534,-0.22396038325548728,-0.2188694360173374,-1.1625248408877793,0.672489207870049,-1.5625048080355781,0,Economy
0.03556203196343534,-0.027219063807406213,-0.15878662585409128,-0.2314248922371213,0.011032472641298852,0.4612030122410416,2,Premium
0.03556203196343534,-0.7309343618917172,0.7323664331586675,-1.1625248408877793,0.5473487444483937,0.5421513250521064,1,Mid-range
0.03556203196343534,0.6263622685963885,2.213806749915599,2.561874953714853,-1.1152316981536003,0.4612030122410416,2,Premium
-0.44500596754244864,-0.8919149856364943,-1.0436001201854648,-0.7900848614275162,0.21662037683401889,0.4612030122410416,1,Mid-range
-0.44500596754244864,0.8908304361770937,-0.6947584208767529,0.3272350769532736,1.7004287288336473,0.299306386618912,3,Luxury
-0.9255739670483327,2.5012116044239523,-0.6677501974038005,2.561874953714853,-1.8213814560329415,0.4612030122410416,3,Luxury
1.4772660304810874,-0.7185158566314058,-0.48403942237565395,-0.7900848614275162,0.20768177230390053,-1.4006081824134484,0,Economy
1.9578340299869714,-1.1495989697879552,-0.4067675075002911,-0.7900848614275162,-0.08729217719000198,-1.4006081824134484,0,Economy
-0.9255739670483327,0.39696487976008127,-0.9487131644571932,-0.04520490250698953,-0.346511708563431,0.4612030122410416,3,Luxury
0.03556203196343534,-0.6670020570330772,-0.7773835786125252,-1.1625248408877793,-0.08729217719000198,0.4612030122410416,1,Mid-range
0.03556203196343534,-0.8339619610883745,-0.19817926529946775,-0.7900848614275162,-0.08729217719000198,0.4612030122410416,1,Mid-range
0.5161300314693194,-0.8681128505542308,0.2746528748323441,-0.2314248922371213,0.7976296712917049,-1.4006081824134484,0,Economy
3.8801060280105073,-1.5238789199945617,2.5470426855584387,0.6996750564135367,0.672489207870049,-1.4006081824134484,0,Economy
-1.4061419665542167,2.385650513807166,-0.9676608691445497,0.6996750564135367,-1.705179597141404,0.5421513250521064,3,Luxury
-0.9255739670483327,1.2363638464292759,-1.1711292728853473,0.6996750564135367,0.9317087392434786,0.4612030122410416,3,Luxury
0.5161300314693194,-0.22396038325548728,-0.17935632978466623,-0.7900848614275162,0.20768177230390053,-1.4006081824134484,0,Economy
-0.9255739670483327,0.26933024236243663,-0.990300020385438,-0.04520490250698953,-0.346511708563431,0.4612030122410416,3,Luxury
0.5161300314693194,-0.4885435369960101,0.7107185514818046,-0.04520490250698953,1.7004287288336473,-1.8862980592798373,0,Economy
-0.44500596754244864,0.14376535584151054,-0.6244208754450429,-0.2314248922371213,0.7976296712917049,0.5421513250521064,1,Mid-range
-0.44500596754244864,-0.7195507320697652,0.5423150178528203,-1.1625248408877793,0.32388363119543745,0.5421513250521064,1,Mid-range
-0.9255739670483327,0.2929024051250647,-0.833710406443332,-0.2314248922371213,-1.285065184225847,0.4612030122410416,3,Luxury
0.5161300314693194,-0.43093547092734347,0.3630152633130279,-0.2314248922371213,0.7976296712917049,-1.4006081824134484,0,Economy
0.5161300314693194,-0.14347007138309878,-0.04133753158109514,0.6996750564135367,-0.2660642677923669,0.4612030122410416,2,Premium
0.03556203196343534,1.523599273653885,1.1556264903186981,2.561874953714853,-0.7308717033585154,1.3516344531627542,2,Premium
0.03556203196343534,-1.0346128099702574,-0.2188694360173374,-0.7900848614275162,-0.08729217719000198,0.13740976099678243,1,Mid-range
0.5161300314693194,-0.6039896414529787,-0.0951681154837447,-0.7900848614275162,0.43114688555685665,-1.5625048080355781,0,Economy
1.4772660304810874,-1.2933316695600776,-0.2455829460999436,-0.7900848614275162,0.21662037683401889,-1.4006081824134484,0,Economy
0.9966980309752034,1.4088430861558225,1.740788433839786,2.561874953714853,-0.6593628671175696,1.3516344531627542,2,Premium
1.9578340299869714,-0.7194357459099474,-0.5452324961506501,0.6996750564135367,1.2177440842072627,-1.5625048080355781,0,Economy
-0.9255739670483327,0.31647456788769274,-0.25799962996182163,0.6996750564135367,-0.9990298392620627,0.4612030122410416,3,Luxury
0.5161300314693194,-0.09747560745601962,-0.09484285515804898,0.6996750564135367,-0.5878540308766232,0.4612030122410416,2,Premium
-0.44500596754244864,-0.030783634761754847,-0.14296783084745213,-0.2314248922371213,0.7976296712917049,0.4612030122410416,1,Mid-range
-0.9255739670483327,-0.836836615083817,-0.5601045181854392,-0.7900848614275162,0.20768177230390053,0.4612030122410416,1,Mid-range
-0.9255739670483327,-0.5493712155395722,-0.7912716782335032,-1.1625248408877793,-0.6593628671175696,0.5421513250521064,1,Mid-range
-0.9255739670483327,2.6150479026434734,-0.8554718710910729,0.6996750564135367,-2.169987032707553,0.4612030122410416,3,Luxury
0.9966980309752034,-0.67585599133904,2.4283197677460997,-0.2314248922371213,-0.08729217719000198,0.13740976099678243,2,Premium
0.5161300314693194,-0.5231543711011372,0.518543909049888,0.6996750564135367,1.2177440842072627,-1.5625048080355781,0,Economy
2.9189700289987393,-1.2709093683956265,1.6839335859997326,-0.04520490250698953,0.011032472641298852,0.4612030122410416,2,Premium
0.03556203196343534,-0.028483911565400886,-0.34593177991645296,-0.2314248922371213,0.011032472641298852,0.5421513250521064,1,Mid-range
0.03556203196343534,4.2131255517898385,-0.5567486576822289,4.42407485101617,-1.4370214612378567,0.4612030122410416,3,Luxury
-0.9255739670483327,3.760310054427744,-1.0649550094260858,2.561874953714853,-1.8571358741534145,0.4612030122410416,3,Luxury
-0.9255739670483327,-0.25903116199988513,-0.8924895938726389,-0.2314248922371213,-0.6593628671175696,0.4612030122410416,3,Luxury
0.03556203196343534,0.39696487976008127,-0.13053716423347697,0.6996750564135367,-0.5878540308766232,0.7849962634853007,2,Premium
-0.9255739670483327,3.3047348892300255,-0.89233470800326,2.561874953714853,-1.9018288968040058,0.4612030122410416,3,Luxury
-0.44500596754244864,-0.22396038325548728,-0.6357372242765416,0.3272350769532736,1.7004287288336473,0.299306386618912,1,Mid-range
1.4772660304810874,-0.5344230147632716,0.6719222226335368,0.6996750564135367,0.672489207870049,-1.4006081824134484,0,Economy
-1.4061419665542167,1.408728099996005,-0.5567486576822289,-0.04520490250698953,-0.43589775386461344,0.5421513250521064,3,Luxury
0.03556203196343534,-0.22396038325548728,0.7698918374009758,-1.1625248408877793,0.43114688555685665,-1.5625048080355781,0,Economy
-0.9255739670483327,-0.22396038325548728,-0.9363222949068782,-1.1625248408877793,0.43114688555685665,0.5421513250521064,1,Mid-range
0.9966980309752034,-0.978384577819403,0.24818851196891556,-1.1625248408877793,0.9317087392434786,-1.8862980592798373,0,Economy
-0.9255739670483327,0.8903704915378229,-0.9697776426927286,-0.04520490250698953,2.075850119098614,0.299306386618912,3,Luxury
1.9578340299869714,-0.806365282732127,1.1102383115364223,-0.4176448819672531,-0.17667822249118445,0.13740976099678243,2,Premium
-0.9255739670483327,1.4074632522380102,0.0841819769635959,-0.2314248922371213,-1.329758206876438,0.4612030122410416,3,Luxury
0.03556203196343534,-0.030783634761754847,-0.25558168944540605,0.6996750564135367,0.9317087392434786,0.4612030122410416,2,Premium
-0.9255739670483327,0.8452959168892853,-1.0639482512751226,0.6996750564135367,-0.6593628671175696,0.4612030122410416,3,Luxury
0.03556203196343534,0.3394717998512323,1.2303761318350774,2.561874953714853,-0.6593628671175696,1.3516344531627542,2,Premium
1.9578340299869714,-0.8931798333944889,0.7504503512667956,-0.04520490250698953,-0.6593628671175696,0.5421513250521064,2,Premium
0.03556203196343534,-0.23074456668473145,0.29459012812962176,0.6996750564135367,0.43114688555685665,0.4612030122410416,2,Premium
-0.9255739670483327,1.7974963063396414,-0.8780077650857082,2.561874953714853,-0.9990298392620627,0.4612030122410416,3,Luxury
-0.44500596754244864,0.06339003012893972,0.12117065864465329,-0.2314248922371213,-0.2660642677923669,0.4612030122410416,2,Premium
-0.44500596754244864,-0.6849398979646381,-0.08628444283817911,-1.1625248408877793,0.32388363119543745,0.5421513250521064,1,Mid-range
0.9966980309752034,-0.8339619610883745,-0.29391203085736517,-1.1625248408877793,0.9317087392434786,-1.8862980592798373,0,Economy
0.03556203196343534,0.3739676477965417,0.3049502718369684,1.0721150358738003,-0.7308717033585154,1.432582765973819,2,Premium
